id,ticket_number,subject,description,category,priority,user_priority,ai_priority,status,ai_classified,ai_confidence,ai_recommended_priority,priority_overridden,resolution,resolved_at,created_at,updated_at,time_to_resolution_hours,customer_company,user_previous_tickets,comment_count,reopen_count,subcategory
1,TICK-2026-01054,Slow speed when connected to VPN,"When I connect to VPN, my internet becomes extremely slow. Takes minutes to open a simple webpage. I have a deadline end of week.",network,medium,,medium,resolved,True,0.96,medium,False,Issue resolved by technician,2026-02-10T17:56:46.593964,2026-02-07T20:36:58.593964,2026-02-07T20:36:58.593964,69.33,Media & Entertainment LLC,0,10,0,vpn
2,TICK-2025-01584,Update my contact information,Please update my phone number to +1-555-779-7753 in the system. This began happening after lunch. I'm working on an important project.,account,low,low,low,in_progress,True,0.73,low,False,,,2025-11-06T08:07:58.633514,2025-11-07T01:07:58.633514,,Consulting Associates,4,11,0,profile
3,TICK-2025-00346,Office crashes when opening files,PowerPoint crashes every time I try to open a specific file. I've tried repairing Office but the issue continues. I'm working in the IT department. This worked fine before.,software,high,high,high,closed,True,0.91,high,False,Issue resolved by technician,2025-10-06T16:20:58.533915,2025-10-06T00:59:58.533915,2025-10-07T06:59:58.533915,15.35,Healthcare Partners,0,11,0,office
4,TICK-2026-00974,WiFi keeps disconnecting,My WiFi connection drops every few minutes. I have to turn WiFi off and on to reconnect temporarily.,network,critical,critical,medium,closed,True,0.85,medium,True,Issue resolved by technician,2026-02-04T14:46:58.581183,2026-02-04T02:49:58.581183,2026-02-05T03:49:58.581183,11.95,Financial Services Group,6,6,0,wireless
5,TICK-2025-01280,Lost access to MFA device,I lost my phone with the authenticator app. I can't log in without the MFA code.,login,medium,,medium,closed,True,0.79,medium,False,Issue resolved by technician,2025-12-13T11:29:34.619491,2025-12-11T04:07:58.619491,2025-12-11T10:07:58.619491,55.36,Healthcare Partners,4,14,0,mfa
6,TICK-2026-00920,Network drive not accessible,I can't access the shared network drive \\server\shared. It says the path doesn't exist. This has been occurring since since yesterday. I'm working in the Sales department. I've already restarted 5 times.,network,high,,high,resolved,True,0.97,high,False,Issue resolved by technician,2026-01-27T05:34:22.575481,2026-01-26T22:34:58.575481,2026-01-27T04:34:58.575481,6.99,Manufacturing Corp,18,6,0,lan
7,TICK-2025-01027,Shared folder permission request,Can you please grant me read access to the team shared folder? My manager has approved this request. This started after lunch. I'm working at my desk in Building 1. Asset tag: IT-4915-D.,network,low,low,low,resolved,True,0.77,low,False,Issue resolved by user,2026-01-02T23:06:34.589437,2025-12-27T20:44:58.589437,2025-12-28T05:44:58.589437,146.36,Consulting Associates,1,13,1,lan
8,TICK-2025-00535,Word crashes when opening files,PowerPoint crashes every time I try to open a specific file. I've tried repairing Office but the issue continues. This started this week.,software,high,,critical,resolved,False,,critical,True,Issue resolved by user,2025-11-05T03:20:58.553086,2025-11-03T14:35:58.553086,2025-11-04T03:35:58.553086,36.75,Research Institute,5,9,0,office
9,TICK-2026-01114,Need access to HR portal,I've been told I need access to finance system for my new role. Please grant me the necessary permissions.,login,low,,low,open,True,0.83,low,False,,,2026-02-25T15:27:58.601151,2026-02-26T17:27:58.601151,,Construction Holdings,6,15,0,access
10,TICK-2026-01884,Equipment request,I need to request a webcam for my work. What's the process? This began happening about an hour ago. I'm working in the IT department.,other,low,low,low,waiting_on_customer,True,0.77,low,False,,,2026-02-25T04:41:58.642336,2026-02-26T16:41:58.642336,,Tech Innovations Inc.,1,0,0,inquiry
11,TICK-2025-00190,My laptop won't turn on,I tried to power on my workstation this morning but nothing happens. The power light doesn't come on and there's no response when I press the power button. I've checked the power cable and it seems connected properly. This first noticed last night.,hardware,high,high,high,closed,True,0.54,high,False,Issue resolved by technician,2025-12-20T16:37:46.515606,2025-12-18T20:29:58.515606,2025-12-18T23:29:58.515606,44.13,Logistics International,22,14,0,computer
12,TICK-2025-00344,Antivirus blocking application,My antivirus is blocking Visual Studio from running. I've tried adding an exception but it still blocks it. This appeared earlier today.,software,medium,,medium,closed,True,0.96,medium,False,Issue resolved by technician,2025-12-09T15:32:34.533694,2025-12-08T21:28:58.533694,2025-12-09T06:28:58.533694,18.06,Financial Services Group,9,6,0,security
13,TICK-2025-01724,Dashboard customization,I'd like to be able to customize my dashboard to show custom notifications. This started this morning. I'm working in the 4th floor office. Multiple colleagues have the same issue.,feature_request,low,,low,in_progress,True,0.81,low,False,,,2025-12-02T01:37:58.637661,2025-12-03T08:37:58.637661,,Tech Innovations Inc.,4,9,1,new_feature
14,TICK-2026-00297,PC making strange noise,My workstation is making a loud clicking/grinding noise. It started yesterday and seems to be coming from inside the case. I'm worried about data loss. This began happening last week. I'm working at our Houston location. This is affecting my productivity.,hardware,critical,,critical,resolved,True,0.82,critical,False,Issue resolved by technician,2026-01-12T23:26:46.524185,2026-01-12T02:21:58.524185,2026-01-12T11:21:58.524185,21.08,Global Retail Solutions,12,11,0,computer
15,TICK-2025-00273,Laptop battery draining quickly,My laptop battery used to last 6 hours but now it dies in less than 2 hours. The battery health shows 84%. I'm working at our Downtown location.,hardware,medium,,medium,open,True,0.92,medium,False,,,2025-12-12T11:33:58.522152,2025-12-14T04:33:58.522152,,Global Retail Solutions,6,14,0,power
16,TICK-2026-01475,Payment failed,I received a notice that my payment failed. My card is valid so I'm not sure why. This began happening yesterday afternoon.,billing,low,,low,resolved,True,0.94,low,False,Issue resolved by technician,2026-02-17T17:10:58.630057,2026-02-15T06:10:58.630057,2026-02-16T04:10:58.630057,59.0,Legal Services LLP,4,12,0,payment
17,TICK-2026-01538,Remove user from system,Michael Chen has left the company and their account should be deactivated. This has been occurring since last week. I'm working on an important project.,account,high,high,high,resolved,True,0.82,high,False,Issue resolved by technician,2026-01-08T01:31:46.632028,2026-01-06T04:56:58.632028,2026-01-06T19:56:58.632028,44.58,Financial Services Group,1,3,1,deletion
18,TICK-2025-01370,Charged twice this month,I was charged twice for my cloud storage subscription this month. Please refund the duplicate charge. This started last week. This worked fine before.,billing,low,,low,resolved,True,0.87,low,False,Issue resolved by technician,2025-12-03T18:00:58.625515,2025-11-26T17:18:58.625515,2025-11-27T05:18:58.625515,168.7,Logistics International,6,15,0,dispute
19,TICK-2026-00727,VPN won't connect,I'm trying to connect to the company VPN from home but it keeps timing out. I can access the internet fine without VPN. Employee ID: 74876.,network,high,high,high,closed,True,0.62,high,False,Issue resolved by user,2026-01-11T20:47:58.563272,2026-01-11T14:38:58.563272,2026-01-12T13:38:58.563272,6.15,Logistics International,6,6,0,vpn
20,TICK-2025-00846,Slow speed when connected to VPN,"When I connect to VPN, my internet becomes extremely slow. Takes minutes to open a simple webpage. This has been occurring since since yesterday. Asset tag: IT-2006-D.",network,critical,critical,critical,resolved,True,0.71,critical,False,Issue resolved by technician,2025-12-28T09:53:22.569494,2025-12-27T12:26:58.569494,2025-12-29T04:26:58.569494,21.44,Logistics International,0,12,0,vpn
21,TICK-2026-01400,Need to upgrade subscription,I need to upgrade my subscription from Basic to Premium. Please advise on the process and pricing. This is affecting my productivity.,billing,medium,,medium,in_progress,True,0.73,medium,False,,,2026-02-23T11:49:58.627056,2026-02-25T02:49:58.627056,,Financial Services Group,9,5,0,subscription
22,TICK-2025-00989,Internet works intermittently,My internet connection works for a few minutes then stops. Have to unplug and replug ethernet cable to fix temporarily. This started before our meeting. I'm working while working remotely.,network,high,,high,resolved,True,0.84,high,False,Issue resolved by technician,2025-11-26T23:03:58.582472,2025-11-26T08:48:58.582472,2025-11-27T10:48:58.582472,14.25,Construction Holdings,11,9,0,connectivity
23,TICK-2026-01298,MFA code not working,The code from my authenticator app isn't being accepted. I've tried multiple times with fresh codes. This appeared before our meeting. Asset tag: IT-6019-B.,login,high,,high,resolved,True,0.82,high,False,Issue resolved by technician,2026-01-19T02:00:22.620931,2026-01-18T16:15:58.620931,2026-01-20T14:15:58.620931,9.74,Tech Innovations Inc.,22,2,0,mfa
24,TICK-2026-01147,Password expired,I got a message that my password has expired. I need to reset it but the link isn't working. I'm working at my desk in Building C.,login,medium,,medium,closed,True,0.86,medium,False,Issue resolved by technician,2026-02-16T23:49:34.604089,2026-02-13T08:00:58.604089,2026-02-13T20:00:58.604089,87.81,Healthcare Partners,0,3,0,password
25,TICK-2026-00859,Need access to team shared drive,I've just joined the documents team and need access to the shared network drive to do my job. This started yesterday afternoon. I'm working in the 5th floor office. Multiple colleagues have the same issue. Employee ID: 55134.,network,medium,,medium,closed,True,0.68,medium,False,Issue resolved by user,2026-02-10T18:33:22.570635,2026-02-06T17:12:58.570635,2026-02-08T03:12:58.570635,97.34,Media & Entertainment LLC,5,14,0,lan
26,TICK-2025-00054,Second monitor not detected,I connected a second monitor to my laptop but Windows doesn't detect it. I've tried the display settings but only shows one monitor. This appeared earlier today. I'm working while working remotely.,hardware,low,,low,resolved,True,0.89,low,False,Issue resolved by user,2025-11-26T23:35:10.506123,2025-11-22T15:51:58.506123,2025-11-22T21:51:58.506123,103.72,Global Retail Solutions,8,3,0,display
27,TICK-2025-01767,Request for new feature,It would be great if the project management tool could export to Excel. This would save our team a lot of time. I'm working in the IT department.,feature_request,high,,high,resolved,True,0.8,high,False,Issue resolved by technician,2025-12-18T07:05:34.638923,2025-12-17T14:16:58.638923,2025-12-17T19:16:58.638923,16.81,Logistics International,5,0,0,new_feature
28,TICK-2025-00850,WiFi keeps disconnecting,My WiFi connection drops every few minutes. I have to turn WiFi off and on to reconnect temporarily. This has been occurring since since Monday. I'm working in the Operations department. I've already restarted 5 times.,network,medium,medium,medium,waiting_on_customer,True,0.82,medium,False,,,2025-11-03T10:43:58.569870,2025-11-04T02:43:58.569870,,Media & Entertainment LLC,2,15,0,wireless
29,TICK-2026-01187,Lost access to MFA device,I lost my phone with the authenticator app. I can't log in without the MFA code.,login,low,,low,resolved,True,0.62,low,False,Issue resolved by technician,2026-02-19T16:24:34.607616,2026-02-17T01:14:58.607616,2026-02-18T12:14:58.607616,63.16,Financial Services Group,3,11,0,mfa
30,TICK-2026-01073,Need access to CRM,I've been told I need access to email for my new role. Please grant me the necessary permissions. This began happening a few hours ago. Asset tag: IT-1798-A.,login,low,low,low,resolved,True,0.7,low,False,Issue resolved by technician,2026-02-03T12:57:46.596944,2026-01-30T07:25:58.596944,2026-01-31T02:25:58.596944,101.53,Legal Services LLP,4,5,0,access
31,TICK-2026-01158,SSO login not working,"When I try to log in with my company credentials, I get an error: 'Authentication failed'. This appeared yesterday afternoon. I'm working at my desk in Building A.",login,high,,high,closed,True,0.93,high,False,Issue resolved by user,2026-01-30T20:12:34.605049,2026-01-29T19:23:58.605049,2026-01-30T13:23:58.605049,24.81,Research Institute,3,13,0,sso
32,TICK-2026-00290,Laptop battery draining quickly,My laptop battery used to last 6 hours but now it dies in less than 2 hours. The battery health shows 85%. I'm working from my home office. Employee ID: 88669.,hardware,low,,low,resolved,False,,low,False,Issue resolved by technician,2026-01-15T01:50:46.523599,2026-01-10T06:54:58.523599,2026-01-11T16:54:58.523599,114.93,Media & Entertainment LLC,6,12,0,power
33,TICK-2025-00870,VPN won't connect,I'm trying to connect to the company VPN from home but it keeps timing out. I can access the internet fine without VPN. This started about an hour ago. I'm working from my home office. I tried the troubleshooting guide but it didn't help. Employee ID: 80521.,network,high,,high,resolved,True,0.97,high,False,Issue resolved by technician,2025-08-25T09:55:46.571542,2025-08-23T23:47:58.571542,2025-08-24T22:47:58.571542,34.13,Research Institute,6,12,0,vpn
34,TICK-2026-01697,Dashboard customization,I'd like to be able to customize my dashboard to show auto-save. I'm working from my home office.,feature_request,low,low,high,closed,True,0.78,high,True,Issue resolved by user,2026-02-21T21:39:34.636860,2026-02-17T03:20:58.636860,2026-02-18T23:20:58.636860,114.31,Education Foundation,7,10,0,new_feature
35,TICK-2026-00607,Can't install software,I'm trying to install Slack but the installation fails with error: 0x08E2 This started earlier today.,software,medium,,medium,closed,True,0.88,medium,False,Issue resolved by user,2026-01-29T05:29:46.558053,2026-01-27T21:54:58.558053,2026-01-27T21:54:58.558053,31.58,Construction Holdings,3,5,0,installation
36,TICK-2026-01757,Mobile app feature request,Could you add export to Excel to the mobile app? It's available on desktop but not mobile. This began happening during a presentation. I'm working in the Operations department.,feature_request,low,low,low,closed,False,,low,False,Issue resolved by technician,2026-01-21T08:01:46.638638,2026-01-17T14:20:58.638638,2026-01-19T07:20:58.638638,89.68,Consulting Associates,3,1,0,enhancement
37,TICK-2026-00888,VPN won't connect,I'm trying to connect to the company VPN from home but it keeps timing out. I can access the internet fine without VPN. This first noticed since Monday. Employee ID: 82569.,network,high,high,high,resolved,True,0.77,high,False,Issue resolved by technician,2026-02-10T15:26:34.572992,2026-02-08T17:25:58.572992,2026-02-10T02:25:58.572992,46.01,Financial Services Group,7,12,0,vpn
38,TICK-2026-00316,Windows 10 update failed,I tried to install the latest Windows update but it failed with error code 0x177E. The system keeps prompting me to update but it fails every time. This started during a presentation. I'm working in the IT department.,software,medium,,medium,resolved,True,0.78,medium,False,Issue resolved by technician,2026-01-22T06:50:10.525754,2026-01-17T09:45:58.525754,2026-01-18T07:45:58.525754,117.07,Legal Services LLP,0,2,0,os
39,TICK-2026-01281,Access removed incorrectly,My access to project management system was removed but I still need it for my work. This might have been done in error. This started yesterday. This worked fine before.,login,high,,high,resolved,True,0.79,high,False,Issue resolved by technician,2026-02-17T23:56:58.619572,2026-02-17T09:44:58.619572,2026-02-18T11:44:58.619572,14.2,Construction Holdings,5,12,0,access
40,TICK-2026-00648,Edge not loading pages,Firefox shows 'This site can't be reached' for every website I try to visit. Other browsers work fine. This appeared a few hours ago.,software,medium,,medium,resolved,True,0.95,medium,False,Issue resolved by technician,2026-02-04T22:31:22.560200,2026-02-02T20:01:58.560200,2026-02-04T00:01:58.560200,50.49,Research Institute,1,13,0,browser
41,TICK-2025-00633,Chrome not loading pages,Firefox shows 'This site can't be reached' for every website I try to visit. Other browsers work fine. This first noticed this week. I'm working while working remotely. Employee ID: 66682.,software,medium,,medium,resolved,True,0.67,medium,False,Issue resolved by technician,2026-01-02T19:01:58.559449,2025-12-31T03:49:58.559449,2025-12-31T18:49:58.559449,63.2,Media & Entertainment LLC,0,11,0,browser
42,TICK-2025-00463,Edge not loading pages,Edge shows 'This site can't be reached' for every website I try to visit. Other browsers work fine. This began happening this week. I'm working at our Downtown location. This is affecting my productivity.,software,medium,medium,medium,resolved,True,0.52,medium,False,Issue resolved by technician,2025-12-31T19:27:10.547443,2025-12-27T10:55:58.547443,2025-12-28T13:55:58.547443,104.52,Global Retail Solutions,0,12,0,browser
43,TICK-2025-00020,Printer not printing,"When I try to print, the job gets stuck in the queue. The printer shows as online but nothing comes out. This first noticed before our meeting. I'm working in meeting room 628.",hardware,medium,,medium,closed,True,0.75,medium,False,Issue resolved by technician,2025-09-06T22:01:58.504201,2025-09-06T08:34:58.504201,2025-09-07T00:34:58.504201,13.45,Tech Innovations Inc.,1,11,0,printer
44,TICK-2025-01542,Notification settings not saving,I've disabled email notifications several times but I keep receiving them. This began happening yesterday.,account,low,,low,closed,True,0.96,low,False,Issue resolved by technician,2025-12-13T14:56:46.632156,2025-12-09T09:48:58.632156,2025-12-10T04:48:58.632156,101.13,Construction Holdings,2,10,0,settings
45,TICK-2026-00036,Dropped external hard drive,I dropped my external hard drive and now my computer doesn't recognize it when I plug it in. This first noticed since yesterday. This is affecting my productivity.,hardware,high,high,high,open,True,0.65,high,False,,,2026-02-21T00:38:58.505178,2026-02-21T10:38:58.505178,,Global Retail Solutions,3,9,2,damage
46,TICK-2025-01256,Lost access to MFA device,I lost my phone with the authenticator app. I can't log in without the MFA code. This appeared last night. I'm working while working remotely.,login,critical,critical,critical,resolved,True,0.72,critical,False,Issue resolved by technician,2025-10-21T22:41:22.616904,2025-10-21T04:05:58.616904,2025-10-22T11:05:58.616904,18.59,Financial Services Group,4,13,0,mfa
47,TICK-2026-00426,Excel formulas not calculating,My Office spreadsheet formulas are showing the formula text instead of calculating. I haven't changed any settings. This first noticed just now.,software,medium,medium,medium,resolved,True,0.9,medium,False,Issue resolved by technician,2026-01-27T13:09:58.544346,2026-01-23T04:06:58.544346,2026-01-24T03:06:58.544346,105.05,Construction Holdings,1,15,0,office
48,TICK-2026-00099,Printer not printing,"When I try to print, the job gets stuck in the queue. The printer shows as online but nothing comes out. This has been occurring since yesterday afternoon.",hardware,low,low,low,open,True,0.66,low,False,,,2026-01-11T17:55:58.510115,2026-01-12T15:55:58.510115,,Legal Services LLP,0,8,0,printer
49,TICK-2025-00371,Suspicious popup messages,I keep getting popup messages even when no browser is open. They ask me to call a number for support. I'm working in meeting room 414. I tried the troubleshooting guide but it didn't help.,software,medium,,medium,resolved,True,0.97,medium,False,Issue resolved by technician,2025-05-25T23:28:58.536800,2025-05-24T12:34:58.536800,2025-05-24T23:34:58.536800,34.9,Research Institute,7,11,0,security
50,TICK-2026-00539,Browser extremely slow,My Chrome has become very slow. Pages take 30+ seconds to load and tabs crash frequently. This began happening after lunch. This is affecting my productivity.,software,medium,,medium,closed,True,0.99,medium,False,Issue resolved by technician,2026-01-04T06:02:10.553396,2026-01-02T14:27:58.553396,2026-01-03T07:27:58.553396,39.57,Logistics International,0,1,0,browser
51,TICK-2026-01351,Being redirected to wrong login,"When I try to access project management system, it redirects me to the wrong login page. I'm working in meeting room 282.",login,medium,medium,medium,resolved,True,0.7,medium,False,Issue resolved by technician,2026-02-17T14:51:10.624458,2026-02-14T23:07:58.624458,2026-02-15T23:07:58.624458,63.72,Healthcare Partners,0,11,0,sso
52,TICK-2025-00149,My computer won't turn on,I tried to power on my PC this morning but nothing happens. The power light doesn't come on and there's no response when I press the power button. I've checked the power cable and it seems connected properly. This appeared after lunch. Asset tag: IT-8973-C.,hardware,medium,,high,open,False,,high,True,,,2025-12-30T13:42:58.513598,2025-12-31T08:42:58.513598,,Healthcare Partners,1,2,0,computer
53,TICK-2026-00095,workstation making strange noise,My workstation is making a loud clicking/grinding noise. It started yesterday and seems to be coming from inside the case. I'm worried about data loss. This began happening since Monday.,hardware,high,high,high,waiting_on_customer,False,,high,False,,,2026-01-27T03:55:58.509511,2026-01-27T07:55:58.509511,,Consulting Associates,21,13,0,computer
54,TICK-2025-00183,Keyboard not working,My wireless keyboard stopped working suddenly. Some keys don't respond at all while others type random characters. This first noticed a few hours ago. This worked fine before.,hardware,medium,,medium,closed,True,0.54,medium,False,Issue resolved by technician,2025-08-23T12:56:10.515209,2025-08-19T11:03:58.515209,2025-08-20T22:03:58.515209,97.87,Global Retail Solutions,3,1,0,peripheral
55,TICK-2026-00913,Network drive not accessible,I can't access the shared network drive \\server\shared. It says the path doesn't exist. This first noticed this week.,network,low,low,low,closed,True,0.87,low,False,Issue resolved by technician,2026-02-09T15:26:22.574939,2026-02-05T13:17:58.574939,2026-02-07T06:17:58.574939,98.14,Legal Services LLP,3,12,0,lan
56,TICK-2026-00128,Computer shuts down randomly,"My computer shuts down without warning. It happens at random times, sometimes after just 10 minutes of use. I'm working from my home office.",hardware,high,,high,resolved,True,0.73,high,False,Issue resolved by technician,2026-01-16T13:54:22.512441,2026-01-15T00:27:58.512441,2026-01-16T14:27:58.512441,37.44,Legal Services LLP,2,6,2,power
57,TICK-2026-01603,Can't change my profile settings,"When I try to update my profile information, the save button doesn't work. This has been occurring since after lunch.",account,medium,,medium,resolved,True,0.72,medium,False,Issue resolved by technician,2026-02-12T21:42:58.634095,2026-02-08T02:45:58.634095,2026-02-08T09:45:58.634095,114.95,Media & Entertainment LLC,0,8,0,settings
58,TICK-2026-01022,Internet works intermittently,My internet connection works for a few minutes then stops. Have to unplug and replug ethernet cable to fix temporarily.,network,high,,high,in_progress,True,0.97,high,False,,,2026-01-05T13:13:58.588892,2026-01-06T23:13:58.588892,,Education Foundation,0,6,0,connectivity
59,TICK-2026-00839,Can't connect to WiFi,My desktop won't connect to the office WiFi. It sees the network but when I try to connect it says 'Can't connect to this network'. This has been occurring since earlier today.,network,high,,critical,resolved,True,0.58,critical,True,Issue resolved by technician,2026-01-25T20:25:22.568822,2026-01-25T15:34:58.568822,2026-01-25T17:34:58.568822,4.84,Construction Holdings,2,14,0,wireless
60,TICK-2026-01972,Equipment request,I need to request a webcam for my work. What's the process? This began happening this morning.,other,low,low,low,open,True,0.75,low,False,,,2026-02-25T15:14:58.644979,2026-02-25T19:14:58.644979,,Logistics International,3,10,0,inquiry
61,TICK-2026-00792,Internet works intermittently,My internet connection works for a few minutes then stops. Have to unplug and replug ethernet cable to fix temporarily. I have a deadline tomorrow.,network,high,,high,closed,False,,high,False,Issue resolved by user,2026-01-13T01:10:10.565227,2026-01-11T10:35:58.565227,2026-01-11T11:35:58.565227,38.57,Consulting Associates,3,13,0,connectivity
62,TICK-2026-00469,Need software installed,I need Photoshop installed on my computer for a new project. I don't have admin rights to install it myself. This appeared about an hour ago.,software,low,low,low,open,True,0.57,low,False,,,2026-02-21T02:19:58.547927,2026-02-22T10:19:58.547927,,Healthcare Partners,0,7,0,installation
63,TICK-2026-01574,Need to update my email address,I recently got married and need to change my email address from john@oldcompany.com to jane@newcompany.com. This has been occurring since yesterday afternoon. I'm working while working remotely. I've already restarted 5 times.,account,medium,medium,medium,closed,True,0.79,medium,False,Issue resolved by user,2026-01-18T11:05:10.633215,2026-01-16T16:00:58.633215,2026-01-18T11:00:58.633215,43.07,Media & Entertainment LLC,5,3,0,profile
64,TICK-2025-00037,Blue screen errors on my computer,"I keep getting blue screen errors that force my computer to restart. It happens randomly, sometimes twice a day. The error code is different each time. This appeared this week.",hardware,low,,low,resolved,True,0.85,low,False,Issue resolved by user,2025-12-19T10:41:34.505229,2025-12-17T02:40:58.505229,2025-12-18T00:40:58.505229,56.01,Global Retail Solutions,4,13,0,computer
65,TICK-2025-00380,Antivirus blocking application,My antivirus is blocking Slack from running. I've tried adding an exception but it still blocks it. I'm working in the 5th floor office. Employee ID: 46633.,software,medium,,medium,in_progress,False,,medium,False,,,2025-10-19T02:17:58.538807,2025-10-20T09:17:58.538807,,Education Foundation,7,1,0,security
66,TICK-2026-00294,Computer shuts down randomly,"My computer shuts down without warning. It happens at random times, sometimes after just 10 minutes of use. This started about an hour ago.",hardware,high,,low,resolved,True,0.77,low,True,Issue resolved by technician,2026-02-12T08:19:10.523924,2026-02-11T14:05:58.523924,2026-02-13T04:05:58.523924,18.22,Healthcare Partners,9,10,0,power
67,TICK-2026-00620,Visual Studio won't open,"When I try to launch Adobe Acrobat, nothing happens. I've tried running as administrator but it still won't open. This has been occurring since since yesterday. I'm working from my home office. I'm working on an important project.",software,low,,low,in_progress,True,0.91,low,False,,,2026-02-22T03:20:58.558777,2026-02-23T08:20:58.558777,,Tech Innovations Inc.,4,4,0,application
68,TICK-2026-01974,Training request,I need training on how to use expense system. Is there documentation or videos available? This first noticed yesterday. Please prioritize this.,other,low,low,low,resolved,False,,low,False,Issue resolved by technician,2026-02-20T07:35:22.645037,2026-02-11T00:53:58.645037,2026-02-13T00:53:58.645037,222.69,Consulting Associates,2,8,0,inquiry
69,TICK-2026-01782,Bulk action needed,Please add the ability to delete multiple items at once in the mobile app. This first noticed last night.,feature_request,low,,critical,in_progress,True,0.94,critical,True,,,2026-01-21T02:12:58.639350,2026-01-22T21:12:58.639350,,Tech Innovations Inc.,0,4,2,enhancement
70,TICK-2026-00609,Antivirus blocking application,My antivirus is blocking Zoom from running. I've tried adding an exception but it still blocks it. This began happening this week. My ticket reference is REF-47213. Employee ID: 95909.,software,medium,medium,medium,closed,True,0.68,medium,False,Issue resolved by technician,2026-02-24T16:22:34.558160,2026-02-22T23:06:58.558160,2026-02-24T14:06:58.558160,41.26,Financial Services Group,10,7,0,security
71,TICK-2026-00240,Dropped external hard drive,I dropped my external hard drive and now my computer doesn't recognize it when I plug it in. This appeared yesterday afternoon. I'm working at our Downtown location. My ticket reference is REF-87424.,hardware,high,,high,closed,True,0.95,high,False,Issue resolved by technician,2026-01-20T01:13:34.518959,2026-01-18T02:54:58.518959,2026-01-18T05:54:58.518959,46.31,Global Retail Solutions,2,5,0,damage
72,TICK-2026-00504,Antivirus blocking application,My antivirus is blocking Zoom from running. I've tried adding an exception but it still blocks it. This appeared yesterday afternoon.,software,medium,,medium,resolved,True,0.73,medium,False,Issue resolved by technician,2026-02-25T07:49:46.550666,2026-02-23T21:41:58.550666,2026-02-24T14:41:58.550666,34.13,Consulting Associates,5,8,0,security
73,TICK-2026-01076,Access removed incorrectly,My access to project management system was removed but I still need it for my work. This might have been done in error. Please prioritize this.,login,high,high,high,resolved,True,0.8,high,False,Issue resolved by user,2026-01-18T18:55:46.597293,2026-01-17T19:08:58.597293,2026-01-18T06:08:58.597293,23.78,Media & Entertainment LLC,14,13,0,access
74,TICK-2025-01264,Access removed incorrectly,My access to finance system was removed but I still need it for my work. This might have been done in error. This began happening this morning. I'm working from my home office. My ticket reference is REF-95438.,login,high,high,high,resolved,True,0.71,high,False,Issue resolved by technician,2025-11-11T01:59:46.617968,2025-11-09T08:39:58.617968,2025-11-10T00:39:58.617968,41.33,Healthcare Partners,10,14,0,access
75,TICK-2026-00534,Outlook crashes when opening files,Outlook crashes every time I try to open a specific file. I've tried repairing Office but the issue continues.,software,high,high,medium,resolved,True,0.98,medium,True,Issue resolved by user,2026-02-24T16:46:46.553007,2026-02-23T03:02:58.553007,2026-02-23T09:02:58.553007,37.73,Financial Services Group,8,11,0,office
76,TICK-2025-01653,Need to update my email address,I recently got married and need to change my email address from mike@oldcompany.com to jane@newcompany.com. This appeared yesterday. Employee ID: 90084.,account,low,,low,resolved,False,,low,False,Issue resolved by user,2025-09-07T10:21:46.635545,2025-09-05T22:31:58.635545,2025-09-06T09:31:58.635545,35.83,Tech Innovations Inc.,5,1,0,profile
77,TICK-2026-01040,No internet connection,I'm connected to the network but have no internet access. Edge says 'No internet' for all websites.,network,critical,critical,critical,resolved,False,,critical,False,Issue resolved by technician,2026-01-04T11:50:22.591442,2026-01-04T02:05:58.591442,2026-01-05T19:05:58.591442,9.74,Global Retail Solutions,1,6,0,connectivity
78,TICK-2026-00690,Can't install software,I'm trying to install Slack but the installation fails with error: 0x100D This first noticed last week. I'm working while working remotely.,software,low,,low,closed,True,0.69,low,False,Issue resolved by technician,2026-02-15T02:30:58.561952,2026-02-13T10:00:58.561952,2026-02-14T23:00:58.561952,40.5,Logistics International,3,6,1,installation
79,TICK-2025-01410,Want to cancel subscription,I'd like to cancel my subscription to software license at the end of this billing period. This has been occurring since yesterday afternoon.,billing,high,,critical,resolved,True,0.62,critical,True,Issue resolved by technician,2025-08-06T07:58:34.627542,2025-08-04T08:21:58.627542,2025-08-05T06:21:58.627542,47.61,Legal Services LLP,4,6,0,subscription
80,TICK-2025-01721,Bulk action needed,Please add the ability to export multiple items at once in the dashboard. I'm working at our Chicago location.,feature_request,high,,high,resolved,True,0.94,high,False,Issue resolved by user,2025-12-07T04:45:10.637569,2025-12-05T10:28:58.637569,2025-12-06T04:28:58.637569,42.27,Research Institute,9,15,0,enhancement
81,TICK-2026-00914,New hire needs network share access,I started this week and need to be granted access to the shared folders on the network as part of onboarding. I'm working in the HR department.,network,medium,medium,low,closed,True,0.69,low,True,Issue resolved by user,2026-01-12T18:25:10.575020,2026-01-08T23:35:58.575020,2026-01-09T01:35:58.575020,90.82,Global Retail Solutions,3,13,0,lan
82,TICK-2026-00378,Windows 11 update failed,I tried to install the latest Windows update but it failed with error code 0x12F0. The system keeps prompting me to update but it fails every time. This started yesterday afternoon. I'm working from my home office. I have a deadline today.,software,medium,,medium,closed,True,0.96,medium,False,Issue resolved by technician,2026-01-25T19:45:34.538387,2026-01-23T06:11:58.538387,2026-01-23T19:11:58.538387,61.56,Logistics International,1,6,0,os
83,TICK-2025-01159,Account disabled,I can't log in and the message says my account has been disabled. I don't know why this happened. This first noticed this week. I'm working in the 5th floor office.,login,critical,,critical,closed,True,0.98,critical,False,Issue resolved by technician,2025-11-25T10:21:10.605129,2025-11-24T13:25:58.605129,2025-11-26T00:25:58.605129,20.92,Healthcare Partners,0,3,0,account_locked
84,TICK-2026-01931,Training request,I need training on how to use project management tool. Is there documentation or videos available? This began happening earlier today.,other,low,,low,in_progress,True,0.84,low,False,,,2026-02-21T16:37:58.643812,2026-02-21T22:37:58.643812,,Healthcare Partners,1,5,0,inquiry
85,TICK-2026-00810,Slow speed when connected to VPN,"When I connect to VPN, my internet becomes extremely slow. Takes minutes to open a simple webpage. This first noticed this week. Employee ID: 32569.",network,medium,,medium,resolved,True,0.97,medium,False,Issue resolved by technician,2026-01-29T01:43:58.565761,2026-01-27T20:49:58.565761,2026-01-28T23:49:58.565761,28.9,Legal Services LLP,1,1,0,vpn
86,TICK-2025-00052,Mouse cursor jumping around,My mouse cursor keeps jumping to random positions on the screen. I've tried cleaning the sensor but the problem continues.,hardware,low,low,low,waiting_on_customer,True,0.69,low,False,,,2025-12-08T13:36:58.506026,2025-12-08T16:36:58.506026,,Manufacturing Corp,3,0,0,peripheral
87,TICK-2025-01223,Need access to SharePoint,I've been told I need access to email for my new role. Please grant me the necessary permissions. I'm working at my desk in Building 2.,login,low,low,low,open,False,,low,False,,,2025-10-28T06:49:58.612091,2025-10-29T02:49:58.612091,,Construction Holdings,10,10,0,access
88,TICK-2025-00125,Keyboard not working,My keyboard stopped working suddenly. Some keys don't respond at all while others type random characters. This has been occurring since a few hours ago.,hardware,medium,medium,medium,open,True,0.74,medium,False,,,2025-10-21T18:32:58.512279,2025-10-22T14:32:58.512279,,Manufacturing Corp,4,13,0,peripheral
89,TICK-2025-01889,Training request,I need training on how to use expense system. Is there documentation or videos available? This has been occurring since since yesterday. I'm working in meeting room 187. Multiple colleagues have the same issue.,other,low,low,low,closed,False,,low,False,Issue resolved by user,2025-11-30T02:48:22.642583,2025-11-25T22:09:58.642583,2025-11-26T23:09:58.642583,100.64,Legal Services LLP,1,12,0,inquiry
90,TICK-2026-00956,Slow speed when connected to VPN,"When I connect to VPN, my internet becomes extremely slow. Takes minutes to open a simple webpage. This has been occurring since before our meeting. I'm working in the HR department.",network,medium,,medium,waiting_on_customer,True,0.9,medium,False,,,2026-02-25T14:28:58.579293,2026-02-27T07:28:58.579293,,Legal Services LLP,4,15,0,vpn
91,TICK-2025-01259,Can't change my password,I'm trying to update my password as required but the system says my new password doesn't meet requirements. This has been occurring since about an hour ago. I'm working in the 5th floor office.,login,medium,,medium,resolved,True,0.7,medium,False,Issue resolved by technician,2025-11-14T13:05:46.617443,2025-11-12T01:24:58.617443,2025-11-14T01:24:58.617443,59.68,Logistics International,2,8,0,password
92,TICK-2026-01164,Access removed incorrectly,My access to CRM was removed but I still need it for my work. This might have been done in error. This began happening this week. I'm working on an important project.,login,high,,high,closed,False,,high,False,Issue resolved by technician,2026-02-03T10:21:46.605508,2026-02-03T02:25:58.605508,2026-02-03T18:25:58.605508,7.93,Legal Services LLP,0,1,1,access
93,TICK-2025-00944,Can't access specific website,I can't access client website from my computer. It worked yesterday but now I get a timeout error. This first noticed just now.,network,high,high,high,resolved,False,,high,False,Issue resolved by user,2025-11-19T04:18:22.577801,2025-11-18T03:24:58.577801,2025-11-18T13:24:58.577801,24.89,Media & Entertainment LLC,0,3,0,connectivity
94,TICK-2026-00598,Suspicious popup messages,I keep getting popup messages even when no browser is open. They ask me to call a number for support. I'm working while working remotely. I tried the troubleshooting guide but it didn't help.,software,critical,critical,critical,open,False,,critical,False,,,2026-02-27T12:17:58.557533,2026-03-01T10:17:58.557533,,Construction Holdings,6,6,0,security
95,TICK-2025-01734,Bulk action needed,Please add the ability to assign multiple items at once in the dashboard. This appeared yesterday afternoon. I'm working in meeting room 709.,feature_request,medium,,high,resolved,True,0.88,high,True,Issue resolved by technician,2025-12-18T06:17:10.637967,2025-12-17T19:30:58.637967,2025-12-19T08:30:58.637967,10.77,Media & Entertainment LLC,4,13,0,enhancement
96,TICK-2026-01540,Notification settings not saving,I've disabled email notifications several times but I keep receiving them. This started after lunch. I'm working in the IT department.,account,low,,low,resolved,True,0.52,low,False,Issue resolved by technician,2026-02-21T18:45:10.632094,2026-02-12T19:58:58.632094,2026-02-14T09:58:58.632094,214.77,Logistics International,3,2,0,settings
97,TICK-2026-00048,Cracked laptop screen,I accidentally dropped my laptop and now the screen is cracked. There are lines across the display and part of it is black.,hardware,high,high,high,closed,False,,high,False,Issue resolved by technician,2026-01-10T18:57:10.505826,2026-01-09T21:25:58.505826,2026-01-10T18:25:58.505826,21.52,Healthcare Partners,7,1,0,display
98,TICK-2026-01049,WiFi network not appearing,I can't see the office WiFi network in my available networks list. Other people around me can see it. I'm working at my desk in Building 1.,network,high,,high,resolved,True,0.72,high,False,Issue resolved by technician,2026-01-14T03:03:46.593017,2026-01-12T17:22:58.593017,2026-01-13T11:22:58.593017,33.68,Education Foundation,3,13,1,wireless
99,TICK-2025-01528,Remove user from system,John Smith has left the company and their account should be deactivated. This has been occurring since since yesterday.,account,high,,high,closed,True,0.8,high,False,Issue resolved by technician,2025-07-26T04:27:34.631725,2025-07-24T14:59:58.631725,2025-07-24T16:59:58.631725,37.46,Consulting Associates,5,13,0,deletion
100,TICK-2026-01505,Want to cancel subscription,I'd like to cancel my subscription to premium support at the end of this billing period. This began happening since yesterday. I'm working in the Sales department. Employee ID: 86995.,billing,low,,low,open,True,0.89,low,False,,,2026-02-16T05:08:58.631018,2026-02-17T04:08:58.631018,,Manufacturing Corp,22,15,0,subscription
101,TICK-2025-00018,Monitor not displaying image,My monitor shows 'No Signal' even though my computer is on. I've tried different cables but the same issue occurs. I'm working from my home office. This is affecting my productivity.,hardware,medium,,medium,resolved,True,0.8,medium,False,Issue resolved by user,2025-12-27T03:04:10.504073,2025-12-24T17:20:58.504073,2025-12-24T21:20:58.504073,57.72,Logistics International,2,12,0,display
102,TICK-2025-00414,Antivirus blocking application,My antivirus is blocking QuickBooks from running. I've tried adding an exception but it still blocks it. This has been occurring since yesterday.,software,medium,,medium,closed,True,0.74,medium,False,Issue resolved by technician,2025-09-25T22:32:34.543198,2025-09-21T03:10:58.543198,2025-09-22T14:10:58.543198,115.36,Logistics International,30,11,0,security
103,TICK-2026-01843,How do I add team members?,I'm not sure how to generate reports in the system. Could you provide instructions? This has been occurring since since yesterday. I'm working from my home office.,other,low,,critical,in_progress,False,,critical,True,,,2026-02-20T23:53:58.641152,2026-02-22T14:53:58.641152,,Construction Holdings,1,4,0,inquiry
104,TICK-2025-01521,Need to update my email address,I recently got married and need to change my email address from jane@oldcompany.com to mike@newcompany.com. Employee ID: 40624.,account,low,,high,closed,False,,high,True,Issue resolved by user,2025-12-31T16:36:58.631506,2025-12-30T09:18:58.631506,2025-12-30T11:18:58.631506,31.3,Education Foundation,2,6,0,profile
105,TICK-2026-00445,Teams calls dropping frequently,My Microsoft Teams calls keep dropping after a few minutes. The audio cuts out and then I get disconnected. This has been occurring since since Monday. Employee ID: 79827.,software,medium,medium,medium,in_progress,True,0.98,medium,False,,,2026-02-24T12:59:58.545941,2026-02-24T22:59:58.545941,,Legal Services LLP,4,6,0,office
106,TICK-2025-00950,WiFi network not appearing,I can't see the office WiFi network in my available networks list. Other people around me can see it. I'm working at my desk in Building C.,network,high,,high,resolved,True,0.73,high,False,Issue resolved by user,2025-12-26T17:56:22.578594,2025-12-26T06:59:58.578594,2025-12-27T05:59:58.578594,10.94,Global Retail Solutions,6,9,2,wireless
107,TICK-2026-00184,Computer shuts down randomly,"My computer shuts down without warning. It happens at random times, sometimes after just 10 minutes of use. This has been occurring since this morning.",hardware,medium,,medium,resolved,True,0.99,medium,False,Issue resolved by user,2026-02-10T00:49:46.515257,2026-02-06T23:08:58.515257,2026-02-08T03:08:58.515257,73.68,Financial Services Group,23,9,0,power
108,TICK-2026-00665,Can't install software,I'm trying to install Visual Studio but the installation fails with error: 0x1CA6 I'm working in the IT department. This is affecting my productivity. Employee ID: 21732.,software,medium,medium,medium,open,True,0.7,medium,False,,,2026-01-19T07:37:58.560931,2026-01-19T18:37:58.560931,,Financial Services Group,4,0,0,installation
109,TICK-2025-00990,New hire needs network share access,I started this week and need to be granted access to the shared folders on the network as part of onboarding. This first noticed earlier today.,network,medium,,medium,resolved,True,0.67,medium,False,Issue resolved by user,2025-11-30T20:29:46.582557,2025-11-25T20:51:58.582557,2025-11-27T12:51:58.582557,119.63,Legal Services LLP,0,10,0,lan
110,TICK-2025-01893,Office supplies needed,My team needs notebooks. How do I order them? This appeared this week.,other,low,,low,closed,True,0.82,low,False,Issue resolved by technician,2025-12-13T20:24:10.642699,2025-12-09T03:13:58.642699,2025-12-10T15:13:58.642699,113.17,Media & Entertainment LLC,2,15,0,inquiry
111,TICK-2026-01222,SSO login not working,"When I try to log in with my company credentials, I get an error: 'Authentication failed'. This first noticed since Monday. Employee ID: 89438.",login,low,low,low,closed,True,0.75,low,False,Issue resolved by technician,2026-03-01T07:36:34.611987,2026-02-20T15:02:58.611987,2026-02-22T05:02:58.611987,208.56,Construction Holdings,4,7,0,sso
112,TICK-2025-01102,Access removed incorrectly,My access to HR portal was removed but I still need it for my work. This might have been done in error. I'm working from my home office. I tried the troubleshooting guide but it didn't help.,login,low,,low,waiting_on_customer,True,0.95,low,False,,,2025-11-26T16:10:58.599812,2025-11-27T23:10:58.599812,,Global Retail Solutions,3,3,0,access
113,TICK-2026-01727,Improvement suggestion,The current dashboard workflow is cumbersome. Could you add the ability to custom notifications? This began happening last week.,feature_request,low,,low,resolved,True,0.72,low,False,Issue resolved by technician,2026-02-06T19:48:22.637746,2026-02-05T10:18:58.637746,2026-02-06T23:18:58.637746,33.49,Financial Services Group,8,15,0,enhancement
114,TICK-2026-01015,VPN connection drops frequently,My VPN connection drops every 15-20 minutes. I have to reconnect which interrupts my work. This began happening last week.,network,medium,medium,medium,closed,True,0.74,medium,False,Issue resolved by user,2026-02-19T05:41:10.587966,2026-02-15T01:00:58.587966,2026-02-16T03:00:58.587966,100.67,Legal Services LLP,10,10,1,vpn
115,TICK-2025-00242,Paper jam in printer,The printer keeps showing a paper jam error but I've checked and there's no paper stuck. Cleared the tray multiple times. This has been occurring since this week.,hardware,low,,critical,closed,True,0.93,critical,True,Issue resolved by technician,2025-12-04T18:50:46.519149,2025-11-25T20:45:58.519149,2025-11-27T11:45:58.519149,214.08,Global Retail Solutions,0,6,0,printer
116,TICK-2025-01263,Need access to email,I've been told I need access to finance system for my new role. Please grant me the necessary permissions. Employee ID: 52450.,login,medium,medium,medium,closed,True,0.84,medium,False,Issue resolved by technician,2025-11-17T23:48:46.617854,2025-11-16T05:04:58.617854,2025-11-16T17:04:58.617854,42.73,Legal Services LLP,6,7,0,access
117,TICK-2025-00212,Laptop battery draining quickly,My laptop battery used to last 6 hours but now it dies in less than 2 hours. The battery health shows 83%. This started since yesterday. I'm working in the IT department.,hardware,medium,,medium,resolved,False,,medium,False,Issue resolved by technician,2025-12-02T03:17:58.516544,2025-12-01T07:41:58.516544,2025-12-02T02:41:58.516544,19.6,Consulting Associates,0,11,0,power
118,TICK-2026-01024,Network extremely slow for everyone,Multiple people in my team are experiencing slow network. File transfers are taking forever. This started after lunch. I'm working at our Austin location. My ticket reference is REF-98476.,network,high,,high,resolved,True,0.77,high,False,Issue resolved by user,2026-01-08T08:34:22.589104,2026-01-08T01:58:58.589104,2026-01-08T13:58:58.589104,6.59,Education Foundation,0,3,0,performance
119,TICK-2026-01825,How do I export data?,I'm not sure how to add team members in the system. Could you provide instructions?,other,low,low,low,closed,True,0.96,low,False,Issue resolved by technician,2026-01-17T21:35:46.640634,2026-01-12T14:39:58.640634,2026-01-13T09:39:58.640634,126.93,Media & Entertainment LLC,3,1,0,inquiry
120,TICK-2026-00358,Software license expired,My Adobe Acrobat license has expired and I can no longer access the software. I need it for my daily work. This has been occurring since last night.,software,high,,high,resolved,True,0.88,high,False,Issue resolved by technician,2026-01-08T08:56:34.535277,2026-01-08T03:19:58.535277,2026-01-08T06:19:58.535277,5.61,Media & Entertainment LLC,3,11,0,installation
121,TICK-2026-00522,Application freezing randomly,Slack freezes randomly during use. I have to force close it and lose my unsaved work. Employee ID: 80089.,software,medium,,medium,resolved,True,0.76,medium,False,Issue resolved by user,2026-02-17T22:06:58.552066,2026-02-16T18:48:58.552066,2026-02-18T03:48:58.552066,27.3,Education Foundation,0,3,2,application
122,TICK-2026-01949,Feedback on service,I wanted to provide feedback on my recent support experience. The issue was resolved but took longer than expected. This started during a presentation. I tried the troubleshooting guide but it didn't help.,other,low,low,low,in_progress,True,0.95,low,False,,,2026-02-16T19:07:58.644331,2026-02-17T10:07:58.644331,,Financial Services Group,2,4,0,feedback
123,TICK-2026-00208,Print quality is poor,My printed documents are coming out with streaks and faded areas. I've replaced the cartridge but the problem persists. I'm working in the IT department. I've already restarted 4 times. Employee ID: 13511.,hardware,low,low,low,waiting_on_customer,True,0.78,low,False,,,2026-02-15T08:25:58.516372,2026-02-15T17:25:58.516372,,Financial Services Group,5,14,0,printer
124,TICK-2026-01442,Incorrect charge on invoice,My invoice shows a charge of $284.43 that I don't recognize. Please explain this charge. This started last night.,billing,medium,medium,medium,open,True,0.54,medium,False,,,2026-02-26T22:52:58.628863,2026-02-28T01:52:58.628863,,Research Institute,9,11,2,invoice
125,TICK-2025-01982,Office supplies needed,My team needs pens. How do I order them? This began happening last week. I have a deadline tomorrow.,other,low,low,medium,closed,True,0.77,medium,True,Issue resolved by technician,2025-10-08T09:13:34.645268,2025-10-07T06:54:58.645268,2025-10-07T07:54:58.645268,26.31,Education Foundation,0,4,0,inquiry
126,TICK-2026-00911,Can't connect to WiFi,My laptop won't connect to the office WiFi. It sees the network but when I try to connect it says 'Can't connect to this network'. This has been occurring since a few hours ago. I'm working from my home office.,network,high,high,high,resolved,True,0.7,high,False,Issue resolved by technician,2026-01-24T05:19:10.574791,2026-01-22T17:17:58.574791,2026-01-24T14:17:58.574791,36.02,Media & Entertainment LLC,3,10,0,wireless
127,TICK-2025-01460,Need to upgrade subscription,I need to upgrade my subscription from Basic to Premium. Please advise on the process and pricing. This started after lunch. I'm working at my desk in Building C. I have a deadline tomorrow.,billing,medium,,medium,closed,True,0.96,medium,False,Issue resolved by technician,2025-12-02T21:17:22.629543,2025-11-29T04:56:58.629543,2025-11-29T18:56:58.629543,88.34,Global Retail Solutions,0,13,0,subscription
128,TICK-2026-00953,WiFi network not appearing,I can't see the office WiFi network in my available networks list. Other people around me can see it. This started before our meeting. Employee ID: 52926.,network,low,,medium,resolved,True,0.82,medium,True,Issue resolved by technician,2026-01-20T23:33:58.578949,2026-01-14T20:45:58.578949,2026-01-15T16:45:58.578949,146.8,Construction Holdings,10,8,0,wireless
129,TICK-2025-00398,Computer infected with virus,"I think my computer has a virus. It's running slow, showing popups, and my homepage changed without my doing. This started before our meeting. Employee ID: 57317.",software,critical,,critical,resolved,True,0.78,critical,False,Issue resolved by technician,2025-12-06T14:04:58.541584,2025-12-06T07:46:58.541584,2025-12-06T11:46:58.541584,6.3,Healthcare Partners,2,2,0,security
130,TICK-2026-00193,Keyboard not working,My keyboard stopped working suddenly. Some keys don't respond at all while others type random characters. This has been occurring since a few hours ago. I'm working in the IT department.,hardware,low,,low,resolved,True,0.89,low,False,Issue resolved by technician,2026-01-09T02:05:46.515733,2026-01-04T09:21:58.515733,2026-01-04T10:21:58.515733,112.73,Tech Innovations Inc.,2,9,0,peripheral
131,TICK-2025-01169,Account disabled,I can't log in and the message says my account has been disabled. I don't know why this happened. I'm working from my home office.,login,critical,critical,critical,closed,True,0.86,critical,False,Issue resolved by user,2025-12-19T17:48:34.605872,2025-12-19T04:53:58.605872,2025-12-20T06:53:58.605872,12.91,Manufacturing Corp,3,4,0,account_locked
132,TICK-2026-01251,Not receiving MFA text messages,I selected SMS for MFA but I'm not receiving the text messages with the code. This began happening last week. I'm working in meeting room 295. Employee ID: 51959.,login,high,high,high,in_progress,True,0.83,high,False,,,2026-01-26T09:18:58.616238,2026-01-27T08:18:58.616238,,Research Institute,14,6,0,mfa
133,TICK-2026-00460,Edge not loading pages,Firefox shows 'This site can't be reached' for every website I try to visit. Other browsers work fine. This appeared since yesterday. I'm working in the 5th floor office. Employee ID: 68687.,software,medium,,medium,closed,True,0.65,medium,False,Issue resolved by user,2026-01-08T06:30:10.547198,2026-01-07T08:04:58.547198,2026-01-07T14:04:58.547198,22.42,Legal Services LLP,1,12,0,browser
134,TICK-2026-01950,Training request,I need training on how to use the new CRM. Is there documentation or videos available? This started yesterday afternoon. Employee ID: 86665.,other,low,,low,closed,False,,low,False,Issue resolved by user,2026-02-05T17:51:46.644360,2026-01-28T23:04:58.644360,2026-01-30T02:04:58.644360,186.78,Global Retail Solutions,0,11,0,inquiry
135,TICK-2026-00724,Shared folder permission request,Can you please grant me read access to the documents shared folder? My manager has approved this request. This has been occurring since after lunch. I'm working in the Sales department. I have a deadline tomorrow. Employee ID: 64552.,network,low,,low,waiting_on_customer,False,,low,False,,,2026-02-26T22:28:58.563169,2026-02-27T11:28:58.563169,,Tech Innovations Inc.,10,7,0,lan
136,TICK-2025-00745,Internet works intermittently,My internet connection works for a few minutes then stops. Have to unplug and replug ethernet cable to fix temporarily. This began happening last night.,network,high,,high,resolved,False,,high,False,Issue resolved by technician,2025-12-28T17:40:22.563825,2025-12-27T22:31:58.563825,2025-12-28T21:31:58.563825,19.14,Manufacturing Corp,2,11,0,connectivity
137,TICK-2025-01345,MFA code not working,The code from my authenticator app isn't being accepted. I've tried multiple times with fresh codes. This began happening during a presentation. Employee ID: 66099.,login,high,,low,resolved,False,,low,True,Issue resolved by technician,2025-11-12T04:15:10.624125,2025-11-10T15:37:58.624125,2025-11-12T14:37:58.624125,36.62,Education Foundation,7,12,0,mfa
138,TICK-2026-01704,Bulk action needed,Please add the ability to tag multiple items at once in the reporting system. This first noticed last week.,feature_request,low,low,low,resolved,True,0.92,low,False,Issue resolved by user,2026-01-29T09:27:46.637074,2026-01-25T19:01:58.637074,2026-01-26T23:01:58.637074,86.43,Global Retail Solutions,16,11,0,enhancement
139,TICK-2026-01344,New employee needs account,A new team member John Smith started today and needs their accounts set up. Email: newuser5@company.com This first noticed since yesterday.,login,low,,low,resolved,True,0.96,low,False,Issue resolved by technician,2026-01-27T13:33:22.624064,2026-01-20T15:03:58.624064,2026-01-22T01:03:58.624064,166.49,Education Foundation,0,4,0,access
140,TICK-2025-01979,General inquiry,I have a question about pricing plans. Can someone please help me understand this better? This started about an hour ago. I'm working at our Dallas location.,other,low,,low,open,False,,low,False,,,2025-08-31T10:24:58.645182,2025-09-01T05:24:58.645182,,Education Foundation,8,3,0,inquiry
141,TICK-2025-01959,Feedback on service,I wanted to provide feedback on my recent support experience. The issue was resolved but took longer than expected. Employee ID: 96093.,other,low,,low,open,True,0.98,low,False,,,2025-09-04T04:16:58.644617,2025-09-04T17:16:58.644617,,Logistics International,0,3,0,feedback
142,TICK-2026-00591,Software license expired,My AutoCAD license has expired and I can no longer access the software. I need it for my daily work. This first noticed yesterday afternoon. I'm working while working remotely. Employee ID: 37404.,software,low,low,low,in_progress,False,,low,False,,,2026-02-25T00:16:58.557111,2026-02-25T01:16:58.557111,,Logistics International,0,11,0,installation
143,TICK-2025-01513,Want to cancel subscription,I'd like to cancel my subscription to software license at the end of this billing period. I'm working in the 2nd floor office.,billing,low,,low,resolved,True,0.5,low,False,Issue resolved by technician,2026-01-09T18:55:58.631261,2025-12-30T19:01:58.631261,2026-01-01T07:01:58.631261,239.9,Construction Holdings,8,7,0,subscription
144,TICK-2026-00825,Request access to public share,I need access to the public share folder. I am an intern and I am in training. This appeared since yesterday. Employee ID: 27062.,network,low,,low,resolved,True,0.87,low,False,Issue resolved by technician,2026-01-15T15:49:22.567351,2026-01-10T21:10:58.567351,2026-01-12T02:10:58.567351,114.64,Global Retail Solutions,18,5,0,lan
145,TICK-2026-01004,WiFi keeps disconnecting,My WiFi connection drops every few minutes. I have to turn WiFi off and on to reconnect temporarily. Employee ID: 36062.,network,medium,medium,medium,closed,True,0.76,medium,False,Issue resolved by user,2026-02-28T11:58:34.586298,2026-02-27T10:15:58.586298,2026-02-27T15:15:58.586298,25.71,Financial Services Group,1,2,0,wireless
146,TICK-2026-00161,Computer shuts down randomly,"My computer shuts down without warning. It happens at random times, sometimes after just 10 minutes of use. This first noticed before our meeting. I'm working on an important project. Employee ID: 97970.",hardware,high,high,high,resolved,True,0.79,high,False,Issue resolved by user,2026-01-08T18:51:46.514207,2026-01-07T01:34:58.514207,2026-01-07T14:34:58.514207,41.28,Media & Entertainment LLC,9,15,0,power
147,TICK-2026-00317,Photoshop showing error on startup,"Every time I open QuickBooks, I get an error message: 'Access denied'. The application still opens but I'm worried. This has been occurring since this morning. I'm working in meeting room 355.",software,low,,low,resolved,True,0.8,low,False,Issue resolved by technician,2026-02-23T03:04:58.525835,2026-02-13T11:25:58.525835,2026-02-13T23:25:58.525835,231.65,Consulting Associates,6,3,0,application
148,TICK-2025-01160,MFA code not working,The code from my authenticator app isn't being accepted. I've tried multiple times with fresh codes. This first noticed yesterday afternoon. I'm working from my home office. Multiple colleagues have the same issue.,login,high,,high,closed,True,0.74,high,False,Issue resolved by technician,2025-12-29T08:18:34.605213,2025-12-28T06:14:58.605213,2025-12-29T07:14:58.605213,26.06,Education Foundation,2,1,0,mfa
149,TICK-2026-00674,Can't save documents in Word,"When I try to save in Excel, I get an error message saying the file is in use by another program. Employee ID: 82000.",software,medium,,medium,closed,True,0.78,medium,False,Issue resolved by technician,2026-01-20T00:39:10.561307,2026-01-17T20:13:58.561307,2026-01-19T13:13:58.561307,52.42,Logistics International,3,14,0,office
150,TICK-2026-00511,Suspicious popup messages,I keep getting popup messages even when no browser is open. They ask me to call a number for support. This appeared during a presentation. I'm working at my desk in Building 2.,software,low,,low,closed,True,0.7,low,False,Issue resolved by technician,2026-01-12T20:50:22.551242,2026-01-11T19:38:58.551242,2026-01-13T00:38:58.551242,25.19,Construction Holdings,2,11,0,security
151,TICK-2025-01520,Want to cancel subscription,I'd like to cancel my subscription to cloud storage at the end of this billing period. This first noticed last night. I'm working in meeting room 456.,billing,low,,low,closed,True,0.93,low,False,Issue resolved by technician,2025-12-17T16:07:58.631472,2025-12-08T20:46:58.631472,2025-12-09T17:46:58.631472,211.35,Education Foundation,5,1,0,subscription
152,TICK-2026-01349,Need access to CRM,I've been told I need access to SharePoint for my new role. Please grant me the necessary permissions. I'm working at my desk in Building 2.,login,low,,low,closed,True,0.93,low,False,Issue resolved by user,2026-02-25T03:59:58.624342,2026-02-15T08:32:58.624342,2026-02-15T11:32:58.624342,235.45,Research Institute,11,6,0,access
153,TICK-2025-01318,Account locked out,My account is locked after too many login attempts. I was trying different passwords I thought might be correct. This started since Monday.,login,high,,high,resolved,True,0.88,high,False,Issue resolved by technician,2025-12-25T14:55:10.622400,2025-12-24T08:59:58.622400,2025-12-25T11:59:58.622400,29.92,Media & Entertainment LLC,0,9,0,account_locked
154,TICK-2025-01932,How do I add team members?,I'm not sure how to change settings in the system. Could you provide instructions?,other,medium,,medium,resolved,True,0.71,medium,False,Issue resolved by technician,2025-11-13T15:43:10.643840,2025-11-10T14:41:58.643840,2025-11-10T21:41:58.643840,73.02,Logistics International,6,15,0,inquiry
155,TICK-2025-01658,Can't change my profile settings,"When I try to update my profile information, the save button doesn't work. This started just now. I'm working from my home office.",account,medium,,medium,resolved,False,,medium,False,Issue resolved by technician,2025-09-17T23:39:58.635692,2025-09-13T21:33:58.635692,2025-09-15T21:33:58.635692,98.1,Media & Entertainment LLC,7,4,0,settings
156,TICK-2025-01236,Account locked out,My account is locked after too many login attempts. I was trying different passwords I thought might be correct. I'm working in the 4th floor office. Multiple colleagues have the same issue.,login,high,,high,resolved,False,,high,False,Issue resolved by technician,2025-11-07T15:00:46.614323,2025-11-06T20:10:58.614323,2025-11-07T18:10:58.614323,18.83,Consulting Associates,5,13,0,account_locked
157,TICK-2026-00542,Office crashes when opening files,Word crashes every time I try to open a specific file. I've tried repairing Office but the issue continues. This first noticed this week. I'm working from my home office. Employee ID: 45502.,software,high,,high,open,True,0.7,high,False,,,2026-01-02T21:27:58.553739,2026-01-03T13:27:58.553739,,Construction Holdings,3,11,0,office
158,TICK-2026-00231,Monitor not displaying image,My monitor shows 'No Signal' even though my computer is on. I've tried different cables but the same issue occurs. This began happening last night.,hardware,low,low,low,resolved,False,,low,False,Issue resolved by technician,2026-02-01T13:17:10.518174,2026-01-30T06:06:58.518174,2026-01-30T21:06:58.518174,55.17,Tech Innovations Inc.,8,0,0,display
159,TICK-2025-00333,Antivirus blocking application,My antivirus is blocking Photoshop from running. I've tried adding an exception but it still blocks it. This first noticed since yesterday.,software,medium,medium,medium,closed,True,0.95,medium,False,Issue resolved by user,2025-12-30T01:33:46.531670,2025-12-26T17:52:58.531670,2025-12-27T15:52:58.531670,79.68,Education Foundation,3,4,0,security
160,TICK-2025-00308,Antivirus blocking application,My antivirus is blocking QuickBooks from running. I've tried adding an exception but it still blocks it. This started yesterday afternoon. This is affecting my productivity.,software,medium,,medium,resolved,True,0.89,medium,False,Issue resolved by technician,2025-12-08T07:48:22.525107,2025-12-03T23:48:58.525107,2025-12-05T19:48:58.525107,103.99,Construction Holdings,11,12,0,security
161,TICK-2025-00350,Can't save documents in Outlook,"When I try to save in Word, I get an error message saying the file is in use by another program. I tried the troubleshooting guide but it didn't help.",software,low,,low,waiting_on_customer,False,,low,False,,,2025-12-08T10:36:58.534321,2025-12-09T08:36:58.534321,,Research Institute,5,13,0,office
162,TICK-2026-01179,Access removed incorrectly,My access to HR portal was removed but I still need it for my work. This might have been done in error. I'm working in the 5th floor office. Employee ID: 26941.,login,high,high,high,open,True,0.82,high,False,,,2026-01-07T22:23:58.606965,2026-01-08T05:23:58.606965,,Healthcare Partners,2,14,0,access
163,TICK-2025-00032,Paper jam in printer,The printer keeps showing a paper jam error but I've checked and there's no paper stuck. Cleared the tray multiple times. This began happening since Monday.,hardware,low,,low,closed,True,0.8,low,False,Issue resolved by technician,2025-12-10T12:20:34.504939,2025-12-06T11:58:58.504939,2025-12-07T18:58:58.504939,96.36,Consulting Associates,4,5,0,printer
164,TICK-2026-01883,How do I add team members?,I'm not sure how to change settings in the system. Could you provide instructions? This began happening yesterday afternoon.,other,low,,low,closed,True,0.83,low,False,Issue resolved by technician,2026-02-13T00:05:10.642306,2026-02-05T20:36:58.642306,2026-02-06T23:36:58.642306,171.47,Education Foundation,10,4,0,inquiry
165,TICK-2026-00635,Can't install software,I'm trying to install QuickBooks but the installation fails with error: 0x1DCC,software,medium,,medium,closed,False,,medium,False,Issue resolved by technician,2026-01-19T03:13:46.559550,2026-01-15T17:08:58.559550,2026-01-17T01:08:58.559550,82.08,Global Retail Solutions,13,10,0,installation
166,TICK-2025-01089,MFA code not working,The code from my authenticator app isn't being accepted. I've tried multiple times with fresh codes. This appeared since yesterday.,login,high,,high,resolved,True,0.91,high,False,Issue resolved by technician,2025-10-24T05:44:10.598684,2025-10-22T21:57:58.598684,2025-10-24T03:57:58.598684,31.77,Healthcare Partners,2,12,1,mfa
167,TICK-2025-00500,Browser extremely slow,My Firefox has become very slow. Pages take 30+ seconds to load and tabs crash frequently. This first noticed a few hours ago. I'm working in the IT department. I tried the troubleshooting guide but it didn't help.,software,low,,low,closed,True,0.72,low,False,Issue resolved by technician,2025-11-20T02:53:22.550361,2025-11-17T05:05:58.550361,2025-11-18T22:05:58.550361,69.79,Global Retail Solutions,0,3,0,browser
168,TICK-2025-01640,Request account deletion,Please delete my account and all associated data as per GDPR requirements. This began happening since yesterday. I'm working in the IT department.,account,medium,medium,medium,resolved,True,0.77,medium,False,Issue resolved by technician,2025-12-03T11:13:22.635173,2025-11-29T05:49:58.635173,2025-11-29T16:49:58.635173,101.39,Healthcare Partners,6,1,0,deletion
169,TICK-2025-00233,PC making strange noise,My computer is making a loud clicking/grinding noise. It started yesterday and seems to be coming from inside the case. I'm worried about data loss. This has been occurring since after lunch.,hardware,high,,high,closed,False,,high,False,Issue resolved by user,2025-12-31T06:36:34.518358,2025-12-30T10:59:58.518358,2026-01-01T02:59:58.518358,19.61,Construction Holdings,1,14,0,computer
170,TICK-2025-01529,Notification settings not saving,I've disabled email notifications several times but I keep receiving them. This first noticed during a presentation. I'm working in the Engineering department.,account,low,low,low,closed,False,,low,False,Issue resolved by technician,2025-10-17T08:29:34.631757,2025-10-11T06:58:58.631757,2025-10-12T21:58:58.631757,145.51,Financial Services Group,2,15,0,settings
171,TICK-2025-01300,Not receiving MFA text messages,I selected SMS for MFA but I'm not receiving the text messages with the code.,login,high,,high,closed,True,0.88,high,False,Issue resolved by technician,2025-12-10T08:21:10.621093,2025-12-10T03:40:58.621093,2025-12-11T11:40:58.621093,4.67,Tech Innovations Inc.,1,5,0,mfa
172,TICK-2026-01007,Request access to shared folder,I need access to the shared shared folder on the network. I am a new employee and require access for my work. This has been occurring since just now. I'm working at my desk in Building A. Employee ID: 88856.,network,low,,low,resolved,True,0.75,low,False,Issue resolved by user,2026-02-11T14:39:10.586673,2026-02-08T10:31:58.586673,2026-02-09T03:31:58.586673,76.12,Research Institute,11,0,0,lan
173,TICK-2025-01409,Incorrect charge on invoice,My invoice shows a charge of $430.86 that I don't recognize. Please explain this charge. I'm working at my desk in Building 1. Employee ID: 16131.,billing,medium,,medium,closed,False,,medium,False,Issue resolved by user,2025-12-20T15:35:22.627497,2025-12-20T00:56:58.627497,2025-12-21T17:56:58.627497,14.64,Global Retail Solutions,7,14,0,invoice
174,TICK-2025-01283,Lost access to MFA device,I lost my phone with the authenticator app. I can't log in without the MFA code. This started last night.,login,critical,critical,critical,closed,True,0.67,critical,False,Issue resolved by technician,2025-07-10T05:36:10.619721,2025-07-09T22:04:58.619721,2025-07-10T06:04:58.619721,7.52,Healthcare Partners,4,15,0,mfa
175,TICK-2025-00771,WiFi network not appearing,I can't see the office WiFi network in my available networks list. Other people around me can see it. This first noticed last night. I'm working from my home office.,network,high,high,high,closed,True,0.86,high,False,Issue resolved by technician,2025-12-08T09:07:10.564601,2025-12-06T20:05:58.564601,2025-12-08T08:05:58.564601,37.02,Consulting Associates,3,14,0,wireless
176,TICK-2026-01948,Office supplies needed,My team needs printer paper. How do I order them? This began happening this morning. Asset tag: IT-8545-B.,other,low,,low,resolved,True,0.69,low,False,Issue resolved by technician,2026-01-20T20:45:46.644302,2026-01-12T11:34:58.644302,2026-01-13T23:34:58.644302,201.18,Consulting Associates,3,8,0,inquiry
177,TICK-2025-00201,Second monitor not detected,I connected a second monitor to my laptop but Windows doesn't detect it. I've tried the display settings but only shows one monitor. This started this week.,hardware,high,high,high,in_progress,True,0.7,high,False,,,2025-12-18T14:50:58.516046,2025-12-19T16:50:58.516046,,Tech Innovations Inc.,4,1,0,display
178,TICK-2026-01361,Payment failed,I received a notice that my payment failed. My card is valid so I'm not sure why. I'm working at our Houston location. I have a deadline today.,billing,high,,high,resolved,True,0.86,high,False,Issue resolved by user,2026-02-03T09:16:58.625015,2026-02-02T15:04:58.625015,2026-02-02T18:04:58.625015,18.2,Logistics International,5,8,0,payment
179,TICK-2025-00024,Screen flickering constantly,My display screen keeps flickering every few seconds. It's giving me headaches and making it impossible to work. This has been occurring since since Monday.,hardware,medium,,medium,resolved,True,0.83,medium,False,Issue resolved by technician,2025-11-28T07:14:22.504467,2025-11-27T02:38:58.504467,2025-11-28T04:38:58.504467,28.59,Consulting Associates,0,4,0,display
180,TICK-2025-00678,Teams crashes when opening files,Outlook crashes every time I try to open a specific file. I've tried repairing Office but the issue continues.,software,high,,high,in_progress,True,0.88,high,False,,,2025-12-30T01:33:58.561468,2025-12-30T12:33:58.561468,,Research Institute,7,9,0,office
181,TICK-2025-00611,Can't save documents in Office,"When I try to save in Word, I get an error message saying the file is in use by another program. This began happening last week. Please prioritize this.",software,medium,,medium,resolved,True,0.66,medium,False,Issue resolved by technician,2025-11-16T17:36:34.558276,2025-11-12T19:35:58.558276,2025-11-13T10:35:58.558276,94.01,Research Institute,0,7,0,office
182,TICK-2025-01032,Request access to public share,I need access to the public share folder. I am an intern and I am in training. This started last week. Please prioritize this.,network,high,,high,closed,True,0.69,high,False,Issue resolved by technician,2025-12-24T13:17:34.589932,2025-12-24T00:46:58.589932,2025-12-24T06:46:58.589932,12.51,Construction Holdings,1,15,0,lan
183,TICK-2025-00861,VPN connection drops frequently,My VPN connection drops every 15-20 minutes. I have to reconnect which interrupts my work. I'm working at our Downtown location. I have a deadline in 2 days.,network,medium,,medium,resolved,True,0.82,medium,False,Issue resolved by technician,2025-12-06T17:28:22.570804,2025-12-02T19:58:58.570804,2025-12-02T21:58:58.570804,93.49,Media & Entertainment LLC,12,9,0,vpn
184,TICK-2026-01526,Update my contact information,Please update my phone number to +1-555-573-4329 in the system. This has been occurring since since yesterday. Please prioritize this.,account,low,low,low,closed,True,0.95,low,False,Issue resolved by technician,2026-01-07T04:37:10.631665,2026-01-02T17:44:58.631665,2026-01-04T04:44:58.631665,106.87,Media & Entertainment LLC,0,9,1,profile
185,TICK-2026-00778,Request access to public share,I need access to the public share folder. I am an intern and I am in training. This appeared yesterday afternoon. I'm working in the IT department.,network,low,,low,closed,False,,low,False,Issue resolved by user,2026-01-21T12:18:46.564809,2026-01-20T05:40:58.564809,2026-01-21T06:40:58.564809,30.63,Financial Services Group,3,2,0,lan
186,TICK-2025-00767,Network drive not accessible,I can't access the shared network drive \\server\shared. It says the path doesn't exist. This started since Monday.,network,high,high,high,closed,True,0.7,high,False,Issue resolved by user,2025-10-15T07:43:34.564471,2025-10-13T13:03:58.564471,2025-10-14T13:03:58.564471,42.66,Manufacturing Corp,2,14,0,lan
187,TICK-2026-00434,Windows update failed,I tried to install the latest Windows 11 update but it failed with error code 0x1817. The system keeps prompting me to update but it fails every time. This appeared last night. Employee ID: 69433.,software,critical,,critical,resolved,True,0.92,critical,False,Issue resolved by technician,2026-02-02T08:09:58.545049,2026-02-02T02:09:58.545049,2026-02-03T11:09:58.545049,6.0,Tech Innovations Inc.,4,10,0,os
188,TICK-2025-01815,Feedback on service,I wanted to provide feedback on my recent support experience. The response was quick and helpful. This began happening this morning. My ticket reference is REF-95031. Employee ID: 10871.,other,low,low,low,resolved,True,0.97,low,False,Issue resolved by user,2025-12-28T21:48:22.640340,2025-12-27T15:27:58.640340,2025-12-28T22:27:58.640340,30.34,Manufacturing Corp,4,0,0,feedback
189,TICK-2025-01648,Notification settings not saving,I've disabled email notifications several times but I keep receiving them.,account,low,low,low,waiting_on_customer,True,0.69,low,False,,,2025-12-26T23:19:58.635406,2025-12-28T11:19:58.635406,,Manufacturing Corp,1,14,0,settings
190,TICK-2025-00098,Computer running extremely slow,My computer has become incredibly slow over the past week. Applications take forever to open and the system freezes frequently. I've tried restarting but the issue persists. I'm working in the Operations department.,hardware,medium,,medium,resolved,True,0.71,medium,False,Issue resolved by user,2025-12-16T06:03:10.509996,2025-12-13T03:16:58.509996,2025-12-14T20:16:58.509996,74.77,Global Retail Solutions,5,12,0,computer
191,TICK-2026-01957,Training request,I need training on how to use expense system. Is there documentation or videos available? I'm working while working remotely.,other,low,,low,closed,True,0.88,low,False,Issue resolved by technician,2026-01-10T13:31:46.644564,2026-01-03T13:35:58.644564,2026-01-04T09:35:58.644564,167.93,Tech Innovations Inc.,3,11,0,inquiry
192,TICK-2025-00711,Slow speed when connected to VPN,"When I connect to VPN, my internet becomes extremely slow. Takes minutes to open a simple webpage. This has been occurring since just now. Multiple colleagues have the same issue.",network,medium,,critical,closed,True,0.73,critical,True,Issue resolved by technician,2025-10-29T04:39:46.562730,2025-10-26T11:25:58.562730,2025-10-27T19:25:58.562730,65.23,Legal Services LLP,12,15,0,vpn
193,TICK-2026-01127,Lost access to MFA device,I lost my phone with the authenticator app. I can't log in without the MFA code. This first noticed during a presentation. I'm working from my home office. Asset tag: IT-3658-B. Employee ID: 11115.,login,critical,critical,critical,resolved,True,0.97,critical,False,Issue resolved by technician,2026-01-16T13:42:46.602493,2026-01-15T20:07:58.602493,2026-01-16T04:07:58.602493,17.58,Consulting Associates,16,15,2,mfa
194,TICK-2025-00256,Mouse cursor jumping around,My mouse cursor keeps jumping to random positions on the screen. I've tried cleaning the sensor but the problem continues. This has been occurring since just now.,hardware,low,,low,closed,True,0.92,low,False,Issue resolved by technician,2025-12-11T20:52:58.520590,2025-12-05T18:19:58.520590,2025-12-06T06:19:58.520590,146.55,Construction Holdings,0,12,0,peripheral
195,TICK-2026-01050,Cannot access network share,I'm unable to access the \\documents network share. I get 'Access is denied' when I try to open it. This began happening a few hours ago.,network,medium,,medium,in_progress,True,0.72,medium,False,,,2026-02-20T18:03:58.593112,2026-02-22T07:03:58.593112,,Logistics International,4,8,0,lan
196,TICK-2026-01775,Request for new feature,It would be great if the project management tool could keyboard shortcuts. This would save our team a lot of time. This appeared a few hours ago. I'm working at our Downtown location. My ticket reference is REF-67177.,feature_request,low,,critical,resolved,True,0.72,critical,True,Issue resolved by technician,2026-02-13T00:04:58.639152,2026-02-10T00:25:58.639152,2026-02-10T03:25:58.639152,71.65,Consulting Associates,0,1,0,new_feature
197,TICK-2026-00137,My workstation won't turn on,I tried to power on my workstation this morning but nothing happens. The power light doesn't come on and there's no response when I press the power button. I've checked the power cable and it seems connected properly. This began happening a few hours ago.,hardware,high,high,high,resolved,True,0.55,high,False,Issue resolved by technician,2026-01-11T05:48:22.512923,2026-01-09T14:21:58.512923,2026-01-10T14:21:58.512923,39.44,Manufacturing Corp,1,10,0,computer
198,TICK-2025-00563,Excel formulas not calculating,My PowerPoint spreadsheet formulas are showing the formula text instead of calculating. I haven't changed any settings. This first noticed before our meeting. I'm working in meeting room 734.,software,medium,,medium,waiting_on_customer,True,0.7,medium,False,,,2025-12-13T01:18:58.555295,2025-12-13T21:18:58.555295,,Global Retail Solutions,6,7,0,office
199,TICK-2026-01824,How do I generate reports?,I'm not sure how to change settings in the system. Could you provide instructions? This began happening earlier today.,other,high,,high,in_progress,True,0.87,high,False,,,2026-02-18T12:36:58.640607,2026-02-19T19:36:58.640607,,Healthcare Partners,1,9,0,inquiry
200,TICK-2026-00402,Office crashes when opening files,Outlook crashes every time I try to open a specific file. I've tried repairing Office but the issue continues.,software,high,,high,closed,True,0.85,high,False,Issue resolved by user,2026-01-21T02:14:10.542078,2026-01-20T00:03:58.542078,2026-01-20T13:03:58.542078,26.17,Construction Holdings,3,12,0,office
201,TICK-2025-01808,How do I change settings?,I'm not sure how to add team members in the system. Could you provide instructions? This began happening just now.,other,medium,medium,medium,resolved,False,,medium,False,Issue resolved by user,2025-10-23T10:47:58.640129,2025-10-18T15:44:58.640129,2025-10-20T15:44:58.640129,115.05,Healthcare Partners,0,11,1,inquiry
202,TICK-2026-01806,Office supplies needed,My team needs notebooks. How do I order them? I'm working from my home office.,other,low,low,low,resolved,True,0.88,low,False,Issue resolved by user,2026-02-22T05:21:46.640067,2026-02-16T00:43:58.640067,2026-02-16T20:43:58.640067,148.63,Tech Innovations Inc.,7,9,0,inquiry
203,TICK-2025-01622,Request account deletion,Please delete my account and all associated data as per GDPR requirements. This first noticed just now. Multiple colleagues have the same issue.,account,low,,low,waiting_on_customer,True,0.91,low,False,,,2025-11-28T09:53:58.634651,2025-11-30T02:53:58.634651,,Education Foundation,32,5,0,deletion
204,TICK-2025-00796,WiFi keeps disconnecting,My WiFi connection drops every few minutes. I have to turn WiFi off and on to reconnect temporarily. This started last week.,network,medium,medium,medium,resolved,True,0.75,medium,False,Issue resolved by user,2025-11-21T11:46:58.565342,2025-11-17T17:19:58.565342,2025-11-18T23:19:58.565342,90.45,Consulting Associates,2,10,3,wireless
205,TICK-2026-00376,Outlook not syncing emails,Outlook stopped syncing new emails. It shows connected but no new messages appear even though I can see them on webmail. I'm working while working remotely. I'm working on an important project.,software,high,high,high,closed,False,,high,False,Issue resolved by technician,2026-02-02T07:21:10.538021,2026-02-01T18:13:58.538021,2026-02-03T14:13:58.538021,13.12,Research Institute,7,5,0,office
206,TICK-2026-00446,Word formulas not calculating,My Outlook spreadsheet formulas are showing the formula text instead of calculating. I haven't changed any settings. This appeared after lunch.,software,medium,,medium,waiting_on_customer,True,0.83,medium,False,,,2026-02-15T04:18:58.546011,2026-02-15T09:18:58.546011,,Healthcare Partners,11,7,0,office
207,TICK-2026-00716,Need access to team shared drive,I've just joined the projects team and need access to the shared network drive to do my job.,network,high,,high,closed,True,0.87,high,False,Issue resolved by user,2026-01-14T06:15:10.562894,2026-01-14T01:07:58.562894,2026-01-14T07:07:58.562894,5.12,Media & Entertainment LLC,8,15,0,lan
208,TICK-2025-01564,Remove user from system,John Smith has left the company and their account should be deactivated. This has been occurring since since Monday. I have a deadline today.,account,high,,high,resolved,True,0.81,high,False,Issue resolved by technician,2025-12-10T09:40:34.632915,2025-12-10T05:18:58.632915,2025-12-10T19:18:58.632915,4.36,Logistics International,0,4,0,deletion
209,TICK-2025-01284,Not receiving MFA text messages,I selected SMS for MFA but I'm not receiving the text messages with the code. This appeared just now. Employee ID: 22307.,login,high,,high,resolved,True,0.71,high,False,Issue resolved by user,2025-12-09T12:34:10.619799,2025-12-08T05:50:58.619799,2025-12-09T00:50:58.619799,30.72,Research Institute,1,10,0,mfa
210,TICK-2026-00653,QuickBooks showing error on startup,"Every time I open Visual Studio, I get an error message: 'Access denied'. The application still opens but I'm worried. I'm working while working remotely.",software,low,,low,resolved,False,,low,False,Issue resolved by technician,2026-03-04T15:50:22.560406,2026-02-23T05:23:58.560406,2026-02-24T17:23:58.560406,226.44,Tech Innovations Inc.,0,13,0,application
211,TICK-2026-01780,Request for new feature,It would be great if the project management tool could export to Excel. This would save our team a lot of time. I'm working in meeting room 333.,feature_request,low,,low,open,True,0.95,low,False,,,2026-01-01T19:31:58.639297,2026-01-03T06:31:58.639297,,Financial Services Group,8,15,1,new_feature
212,TICK-2026-00354,System running slow after update,"Ever since the last macOS update, my computer has been extremely slow. Applications take minutes to load. This appeared yesterday afternoon.",software,medium,,medium,resolved,True,0.66,medium,False,Issue resolved by user,2026-02-23T08:39:46.534735,2026-02-20T09:16:58.534735,2026-02-20T19:16:58.534735,71.38,Construction Holdings,8,13,0,os
213,TICK-2025-00252,Cracked laptop screen,I accidentally dropped my laptop and now the screen is cracked. There are lines across the display and part of it is black. This started since Monday. I'm working in the ground floor office.,hardware,high,,high,resolved,True,0.92,high,False,Issue resolved by technician,2025-11-10T14:46:22.520203,2025-11-10T03:22:58.520203,2025-11-11T05:22:58.520203,11.39,Research Institute,0,3,0,display
214,TICK-2025-01547,Can't change my profile settings,"When I try to update my profile information, the save button doesn't work. This began happening last night.",account,high,high,high,closed,False,,high,False,Issue resolved by user,2025-12-10T06:47:34.632406,2025-12-08T22:10:58.632406,2025-12-08T23:10:58.632406,32.61,Financial Services Group,7,12,0,settings
215,TICK-2025-00019,My desktop won't turn on,I tried to power on my workstation this morning but nothing happens. The power light doesn't come on and there's no response when I press the power button. I've checked the power cable and it seems connected properly. This appeared yesterday afternoon. My ticket reference is REF-78903.,hardware,high,,high,resolved,True,0.92,high,False,Issue resolved by technician,2025-07-28T12:52:46.504140,2025-07-26T18:14:58.504140,2025-07-27T13:14:58.504140,42.63,Tech Innovations Inc.,2,5,0,computer
216,TICK-2025-01461,Payment failed,I received a notice that my payment failed. My card is valid so I'm not sure why. This began happening last week. I'm working while working remotely. I'm working on an important project.,billing,low,,low,resolved,True,0.74,low,False,Issue resolved by technician,2026-01-01T20:05:22.629582,2025-12-23T10:44:58.629582,2025-12-24T02:44:58.629582,225.34,Media & Entertainment LLC,3,4,0,payment
217,TICK-2025-01609,Remove user from system,Michael Chen has left the company and their account should be deactivated. This has been occurring since last week.,account,high,,high,closed,True,0.89,high,False,Issue resolved by user,2025-12-18T14:57:46.634275,2025-12-17T03:19:58.634275,2025-12-17T05:19:58.634275,35.63,Healthcare Partners,2,0,0,deletion
218,TICK-2026-01625,Remove user from system,John Smith has left the company and their account should be deactivated. This first noticed a few hours ago. Employee ID: 46218.,account,high,high,high,resolved,True,0.83,high,False,Issue resolved by technician,2026-01-13T21:23:22.634739,2026-01-11T23:23:58.634739,2026-01-12T07:23:58.634739,45.99,Research Institute,9,4,0,deletion
219,TICK-2025-00399,Need software installed,I need Visual Studio installed on my computer for a new project. I don't have admin rights to install it myself. This appeared before our meeting. I'm working in the Marketing department. Employee ID: 56309.,software,low,,low,closed,True,0.77,low,False,Issue resolved by technician,2026-01-04T00:30:34.541706,2025-12-26T23:11:58.541706,2025-12-28T15:11:58.541706,193.31,Construction Holdings,0,10,0,installation
220,TICK-2025-01892,General inquiry,I have a question about pricing plans. Can someone please help me understand this better? I'm working in the Sales department.,other,low,,low,closed,True,0.72,low,False,Issue resolved by technician,2025-10-22T01:18:10.642671,2025-10-12T09:10:58.642671,2025-10-14T07:10:58.642671,232.12,Global Retail Solutions,0,14,1,inquiry
221,TICK-2025-01604,Request account deletion,Please delete my account and all associated data as per GDPR requirements. This first noticed yesterday.,account,medium,,medium,closed,True,0.88,medium,False,Issue resolved by technician,2025-11-26T10:29:10.634126,2025-11-23T12:27:58.634126,2025-11-25T02:27:58.634126,70.02,Legal Services LLP,12,5,0,deletion
222,TICK-2025-01443,Payment failed,I received a notice that my payment failed. My card is valid so I'm not sure why.,billing,high,high,high,resolved,False,,high,False,Issue resolved by technician,2025-12-11T14:10:58.628900,2025-12-11T03:40:58.628900,2025-12-12T09:40:58.628900,10.5,Tech Innovations Inc.,1,14,0,payment
223,TICK-2026-00204,workstation making strange noise,My laptop is making a loud clicking/grinding noise. It started yesterday and seems to be coming from inside the case. I'm worried about data loss. I'm working at my desk in Building 3.,hardware,high,,high,closed,True,0.73,high,False,Issue resolved by technician,2026-02-17T15:33:58.516162,2026-02-15T22:39:58.516162,2026-02-17T20:39:58.516162,40.9,Consulting Associates,1,4,1,computer
224,TICK-2025-00661,Browser extremely slow,My Edge has become very slow. Pages take 30+ seconds to load and tabs crash frequently. This is affecting my productivity.,software,medium,,medium,closed,True,0.93,medium,False,Issue resolved by technician,2025-12-06T03:21:22.560759,2025-12-01T17:42:58.560759,2025-12-03T09:42:58.560759,105.64,Research Institute,4,8,1,browser
225,TICK-2025-01338,Being redirected to wrong login,"When I try to access HR portal, it redirects me to the wrong login page. I'm working while working remotely.",login,medium,medium,medium,closed,True,0.97,medium,False,Issue resolved by user,2025-11-01T08:18:22.623705,2025-10-27T22:18:58.623705,2025-10-29T10:18:58.623705,105.99,Tech Innovations Inc.,4,10,0,sso
226,TICK-2025-01597,Need additional permissions,I need edit permissions for the CRM to do my job. Currently I only have view access. This started during a presentation. I'm working in the Operations department.,account,low,,critical,resolved,True,0.95,critical,True,Issue resolved by technician,2025-11-13T06:59:10.633913,2025-11-10T14:36:58.633913,2025-11-12T05:36:58.633913,64.37,Education Foundation,6,2,0,permissions
227,TICK-2025-01110,Can't change my password,I'm trying to update my password as required but the system says my new password doesn't meet requirements.,login,medium,,medium,closed,True,0.66,medium,False,Issue resolved by technician,2025-10-16T07:34:46.600775,2025-10-15T03:38:58.600775,2025-10-16T07:38:58.600775,27.93,Manufacturing Corp,10,2,0,password
228,TICK-2025-00925,No internet connection,I'm connected to the network but have no internet access. Edge says 'No internet' for all websites.,network,critical,,critical,in_progress,False,,critical,False,,,2025-10-02T00:21:58.575905,2025-10-02T17:21:58.575905,,Healthcare Partners,0,6,0,connectivity
229,TICK-2025-01965,How do I export data?,I'm not sure how to generate reports in the system. Could you provide instructions? This started yesterday.,other,low,,low,resolved,True,0.84,low,False,Issue resolved by technician,2025-05-18T13:10:58.644784,2025-05-08T23:07:58.644784,2025-05-09T12:07:58.644784,230.05,Manufacturing Corp,7,12,0,inquiry
230,TICK-2025-01212,Access removed incorrectly,My access to CRM was removed but I still need it for my work. This might have been done in error. This began happening before our meeting. Employee ID: 77927.,login,high,,high,resolved,True,0.73,high,False,Issue resolved by user,2025-09-02T18:56:10.610275,2025-09-01T05:42:58.610275,2025-09-02T19:42:58.610275,37.22,Media & Entertainment LLC,2,15,0,access
231,TICK-2025-01067,Password expired,I got a message that my password has expired. I need to reset it but the link isn't working. This has been occurring since before our meeting. I'm working in the 3rd floor office.,login,medium,medium,medium,closed,True,0.68,medium,False,Issue resolved by user,2025-12-03T12:28:58.596171,2025-12-01T09:52:58.596171,2025-12-02T22:52:58.596171,50.6,Research Institute,1,1,0,password
232,TICK-2026-00377,Antivirus blocking application,My antivirus is blocking QuickBooks from running. I've tried adding an exception but it still blocks it. This began happening earlier today. Asset tag: IT-4213-B.,software,medium,medium,medium,closed,False,,medium,False,Issue resolved by user,2026-02-03T05:23:22.538190,2026-02-02T09:05:58.538190,2026-02-04T07:05:58.538190,20.29,Media & Entertainment LLC,5,0,1,security
233,TICK-2026-01624,Need additional permissions,I need edit permissions for the file sharing to do my job. Currently I only have view access. This started earlier today. I'm working while working remotely. Asset tag: IT-7086-A.,account,medium,,high,closed,True,0.77,high,True,Issue resolved by technician,2026-01-14T17:23:34.634710,2026-01-11T21:16:58.634710,2026-01-12T20:16:58.634710,68.11,Financial Services Group,0,3,0,permissions
234,TICK-2025-00391,Can't save documents in Teams,"When I try to save in Outlook, I get an error message saying the file is in use by another program. This began happening this morning.",software,low,low,medium,closed,True,0.92,medium,True,Issue resolved by technician,2025-11-03T23:10:22.540733,2025-10-28T21:07:58.540733,2025-10-30T15:07:58.540733,146.04,Construction Holdings,0,5,0,office
235,TICK-2026-02000,General inquiry,I have a question about pricing plans. Can someone please help me understand this better?,other,low,,medium,resolved,True,0.81,medium,True,Issue resolved by technician,2026-02-28T14:47:58.645799,2026-02-20T21:26:58.645799,2026-02-22T01:26:58.645799,185.35,Construction Holdings,1,13,0,inquiry
236,TICK-2025-00632,Photoshop won't open,"When I try to launch Visual Studio, nothing happens. I've tried running as administrator but it still won't open. This began happening yesterday.",software,medium,,medium,resolved,True,0.67,medium,False,Issue resolved by technician,2025-11-12T07:47:10.559398,2025-11-09T09:06:58.559398,2025-11-09T10:06:58.559398,70.67,Legal Services LLP,11,9,0,application
237,TICK-2025-00754,Internet works intermittently,My internet connection works for a few minutes then stops. Have to unplug and replug ethernet cable to fix temporarily. This began happening last night.,network,high,,high,closed,True,0.86,high,False,Issue resolved by technician,2025-12-24T18:09:58.564090,2025-12-24T04:09:58.564090,2025-12-26T00:09:58.564090,14.0,Legal Services LLP,1,4,0,connectivity
238,TICK-2026-01398,Payment failed,I received a notice that my payment failed. My card is valid so I'm not sure why. I'm working at our Austin location.,billing,high,,medium,resolved,True,0.85,medium,True,Issue resolved by user,2026-01-15T17:57:22.626958,2026-01-15T12:39:58.626958,2026-01-17T00:39:58.626958,5.29,Research Institute,7,6,0,payment
239,TICK-2025-01672,Need to update my email address,I recently got married and need to change my email address from jane@oldcompany.com to john@newcompany.com. I'm working in the IT department.,account,low,,low,closed,True,0.74,low,False,Issue resolved by technician,2025-09-22T21:42:22.636101,2025-09-15T15:00:58.636101,2025-09-15T15:00:58.636101,174.69,Global Retail Solutions,3,12,0,profile
240,TICK-2025-01320,Need access to CRM,I've been told I need access to SharePoint for my new role. Please grant me the necessary permissions.,login,low,,low,resolved,False,,low,False,Issue resolved by technician,2025-12-31T04:22:22.622536,2025-12-23T17:28:58.622536,2025-12-24T15:28:58.622536,178.89,Consulting Associates,2,13,0,access
241,TICK-2026-00666,Browser extremely slow,My Edge has become very slow. Pages take 30+ seconds to load and tabs crash frequently. This first noticed a few hours ago. Employee ID: 98780.,software,low,,critical,closed,False,,critical,True,Issue resolved by technician,2026-02-16T21:59:58.560968,2026-02-15T00:11:58.560968,2026-02-15T22:11:58.560968,45.8,Manufacturing Corp,1,0,0,browser
242,TICK-2025-01739,Dashboard customization,I'd like to be able to customize my dashboard to show keyboard shortcuts.,feature_request,high,,medium,closed,True,0.77,medium,True,Issue resolved by technician,2025-11-10T01:25:46.638118,2025-11-09T13:50:58.638118,2025-11-10T18:50:58.638118,11.58,Tech Innovations Inc.,0,12,0,new_feature
243,TICK-2026-00374,Adobe Acrobat won't open,"When I try to launch QuickBooks, nothing happens. I've tried running as administrator but it still won't open. I'm working at my desk in Building 3.",software,low,low,medium,in_progress,True,0.87,medium,True,,,2026-01-07T05:39:58.537674,2026-01-08T02:39:58.537674,,Logistics International,0,12,0,application
244,TICK-2026-00896,No internet connection,I'm connected to the network but have no internet access. Firefox says 'No internet' for all websites. This began happening yesterday. Employee ID: 62859.,network,critical,critical,critical,resolved,True,0.78,critical,False,Issue resolved by technician,2026-01-23T12:33:58.573601,2026-01-23T08:36:58.573601,2026-01-23T10:36:58.573601,3.95,Consulting Associates,2,5,0,connectivity
245,TICK-2026-00239,Print quality is poor,My printed documents are coming out with streaks and faded areas. I've replaced the cartridge but the problem persists. This appeared about an hour ago. I'm working from my home office. Asset tag: IT-3193-A. Employee ID: 41814.,hardware,medium,medium,medium,in_progress,True,0.96,medium,False,,,2026-02-23T04:30:58.518861,2026-02-24T08:30:58.518861,,Construction Holdings,5,10,0,printer
246,TICK-2026-01933,Training request,I need training on how to use project management tool. Is there documentation or videos available? This began happening yesterday afternoon. I'm working on an important project.,other,high,high,high,closed,True,0.96,high,False,Issue resolved by technician,2026-02-25T14:10:46.643872,2026-02-23T20:23:58.643872,2026-02-25T20:23:58.643872,41.78,Manufacturing Corp,3,0,0,inquiry
247,TICK-2026-00171,Mouse cursor jumping around,My mouse cursor keeps jumping to random positions on the screen. I've tried cleaning the sensor but the problem continues. This has been occurring since since yesterday. I'm working while working remotely.,hardware,low,,low,closed,True,0.94,low,False,Issue resolved by technician,2026-01-28T14:09:34.514673,2026-01-25T12:11:58.514673,2026-01-27T09:11:58.514673,73.96,Logistics International,0,4,0,peripheral
248,TICK-2026-00130,Mouse cursor jumping around,My mouse cursor keeps jumping to random positions on the screen. I've tried cleaning the sensor but the problem continues. This appeared since Monday. Employee ID: 37619.,hardware,low,,low,closed,True,0.81,low,False,Issue resolved by technician,2026-01-26T05:44:58.512548,2026-01-20T23:05:58.512548,2026-01-20T23:05:58.512548,126.65,Manufacturing Corp,11,5,0,peripheral
249,TICK-2026-00165,Laptop not charging,"My laptop is plugged in but shows 'plugged in, not charging'. The battery percentage stays at 85% and doesn't increase. This first noticed a few hours ago. I'm working in meeting room 204. I have a deadline today.",hardware,medium,medium,low,closed,True,0.58,low,True,Issue resolved by user,2026-02-20T08:40:58.514391,2026-02-16T04:04:58.514391,2026-02-16T14:04:58.514391,100.6,Construction Holdings,22,12,0,power
250,TICK-2026-00443,Can't download files from browser,"When I try to download files in Safari, nothing happens. The download doesn't start. This started about an hour ago.",software,low,,low,open,True,0.64,low,False,,,2026-02-26T00:10:58.545775,2026-02-26T18:10:58.545775,,Research Institute,9,4,0,browser
251,TICK-2026-01165,Account locked out,My account is locked after too many login attempts. I was trying different passwords I thought might be correct. This appeared during a presentation. I'm working while working remotely. Employee ID: 57124.,login,medium,medium,medium,in_progress,False,,medium,False,,,2026-02-16T08:37:58.605580,2026-02-17T14:37:58.605580,,Financial Services Group,8,1,0,account_locked
252,TICK-2026-01244,MFA code not working,The code from my authenticator app isn't being accepted. I've tried multiple times with fresh codes. I'm working on an important project.,login,high,high,high,in_progress,True,0.69,high,False,,,2026-02-04T02:06:58.615363,2026-02-05T09:06:58.615363,,Global Retail Solutions,0,13,0,mfa
253,TICK-2025-00501,Zoom won't open,"When I try to launch Zoom, nothing happens. I've tried running as administrator but it still won't open.",software,medium,,high,open,True,0.76,high,True,,,2025-11-26T11:21:58.550434,2025-11-28T11:21:58.550434,,Construction Holdings,13,14,0,application
254,TICK-2025-01030,Need access to team shared drive,I've just joined the shared team and need access to the shared network drive to do my job. This appeared since Monday. I'm working at my desk in Building 2.,network,low,,low,resolved,False,,low,False,Issue resolved by technician,2025-10-26T03:22:34.589735,2025-10-16T22:06:58.589735,2025-10-18T16:06:58.589735,221.26,Healthcare Partners,2,0,0,lan
255,TICK-2025-01874,Office supplies needed,My team needs notebooks. How do I order them? This first noticed since Monday. I'm working in the IT department. This worked fine before.,other,low,,low,closed,True,0.79,low,False,Issue resolved by technician,2026-01-01T18:21:46.642049,2025-12-26T15:28:58.642049,2025-12-27T23:28:58.642049,146.88,Research Institute,0,13,0,inquiry
256,TICK-2026-00015,Laptop not charging,"My laptop is plugged in but shows 'plugged in, not charging'. The battery percentage stays at 38% and doesn't increase. This first noticed during a presentation.",hardware,medium,,medium,resolved,False,,medium,False,Issue resolved by user,2026-02-22T07:11:46.503880,2026-02-18T10:09:58.503880,2026-02-19T22:09:58.503880,93.03,Construction Holdings,4,10,1,power
257,TICK-2026-00800,Request access to shared folder,I need access to the team shared folder on the network. I am a new employee and require access for my work. I'm working in meeting room 290.,network,low,,low,resolved,True,0.77,low,False,Issue resolved by user,2026-02-06T00:40:22.565460,2026-01-28T21:34:58.565460,2026-01-29T14:34:58.565460,195.09,Financial Services Group,6,8,0,lan
258,TICK-2025-01669,Need additional permissions,I need edit permissions for the CRM to do my job. Currently I only have view access. This appeared yesterday.,account,medium,medium,medium,in_progress,False,,medium,False,,,2025-10-05T17:10:58.636017,2025-10-06T02:10:58.636017,,Legal Services LLP,0,8,0,permissions
259,TICK-2025-01252,Can't change my password,I'm trying to update my password as required but the system says my new password doesn't meet requirements.,login,high,,high,resolved,True,0.82,high,False,Issue resolved by user,2025-11-23T04:48:34.616358,2025-11-21T16:44:58.616358,2025-11-22T20:44:58.616358,36.06,Global Retail Solutions,10,10,1,password
260,TICK-2026-00083,My computer won't turn on,I tried to power on my workstation this morning but nothing happens. The power light doesn't come on and there's no response when I press the power button. I've checked the power cable and it seems connected properly.,hardware,high,,high,closed,True,0.88,high,False,Issue resolved by technician,2026-02-04T18:26:58.508520,2026-02-02T21:11:58.508520,2026-02-03T21:11:58.508520,45.25,Research Institute,5,7,0,computer
261,TICK-2026-01895,How do I export data?,I'm not sure how to change settings in the system. Could you provide instructions? This started this morning. I'm working in the 2nd floor office.,other,low,,low,resolved,True,0.97,low,False,Issue resolved by technician,2026-02-07T04:25:34.642755,2026-02-02T07:24:58.642755,2026-02-02T23:24:58.642755,117.01,Healthcare Partners,15,14,0,inquiry
262,TICK-2026-00487,Firefox not loading pages,Firefox shows 'This site can't be reached' for every website I try to visit. Other browsers work fine. I'm working in the Marketing department.,software,high,,critical,closed,True,0.83,critical,True,Issue resolved by technician,2026-01-27T21:08:22.549381,2026-01-27T07:59:58.549381,2026-01-28T02:59:58.549381,13.14,Logistics International,0,0,0,browser
263,TICK-2025-00312,Chrome not loading pages,Chrome shows 'This site can't be reached' for every website I try to visit. Other browsers work fine. This first noticed after lunch. Employee ID: 23518.,software,medium,,medium,waiting_on_customer,True,0.8,medium,False,,,2025-08-11T04:56:58.525444,2025-08-12T09:56:58.525444,,Healthcare Partners,1,10,0,browser
264,TICK-2026-00263,Print quality is poor,My printed documents are coming out with streaks and faded areas. I've replaced the cartridge but the problem persists. This has been occurring since before our meeting. I'm working in the IT department. I'm working on an important project.,hardware,low,,low,in_progress,True,0.86,low,False,,,2026-02-15T06:56:58.521265,2026-02-15T17:56:58.521265,,Legal Services LLP,12,10,0,printer
265,TICK-2026-01918,Training request,I need training on how to use HR portal. Is there documentation or videos available? This appeared about an hour ago. I'm working at our Downtown location.,other,low,low,low,resolved,True,0.85,low,False,Issue resolved by user,2026-03-02T14:31:22.643430,2026-02-21T20:31:58.643430,2026-02-22T06:31:58.643430,209.99,Legal Services LLP,10,15,0,inquiry
266,TICK-2026-00929,Request access to public share,I need access to the public share folder. I am an intern and I am in training. This has been occurring since after lunch. Multiple colleagues have the same issue.,network,low,,low,resolved,True,0.72,low,False,Issue resolved by technician,2026-02-08T18:11:34.576222,2026-01-30T02:04:58.576222,2026-01-31T21:04:58.576222,232.11,Financial Services Group,4,1,0,lan
267,TICK-2026-01694,Bulk action needed,Please add the ability to tag multiple items at once in the reporting system. This first noticed last night. I'm working in the ground floor office. This is affecting my productivity. Employee ID: 67405.,feature_request,low,,low,waiting_on_customer,True,0.85,low,False,,,2026-01-21T23:56:58.636770,2026-01-22T04:56:58.636770,,Education Foundation,1,12,1,enhancement
268,TICK-2026-01737,Request for new feature,It would be great if the mobile app could export to Excel. This would save our team a lot of time. This has been occurring since since yesterday. I'm working in the Finance department.,feature_request,low,low,high,resolved,True,0.66,high,True,Issue resolved by technician,2026-01-30T11:13:22.638058,2026-01-22T22:25:58.638058,2026-01-23T15:25:58.638058,180.79,Media & Entertainment LLC,3,8,0,new_feature
269,TICK-2025-00979,Need access to team shared drive,I've just joined the documents team and need access to the shared network drive to do my job. I'm working from my home office. I've already restarted 2 times. Employee ID: 89687.,network,low,low,low,closed,True,0.84,low,False,Issue resolved by technician,2025-12-18T09:38:34.581625,2025-12-08T18:49:58.581625,2025-12-09T07:49:58.581625,230.81,Logistics International,3,12,2,lan
270,TICK-2026-01285,Password not working,My password stopped working. I'm sure I'm typing it correctly but it says invalid credentials. This first noticed since yesterday.,login,high,,high,resolved,True,0.7,high,False,Issue resolved by technician,2026-02-06T04:51:22.619874,2026-02-05T07:39:58.619874,2026-02-07T07:39:58.619874,21.19,Research Institute,1,8,0,password
271,TICK-2026-00644,Application freezing randomly,Photoshop freezes randomly during use. I have to force close it and lose my unsaved work. I tried the troubleshooting guide but it didn't help.,software,medium,medium,medium,in_progress,True,0.82,medium,False,,,2026-02-26T18:49:58.560027,2026-02-27T21:49:58.560027,,Research Institute,2,8,0,application
272,TICK-2026-01355,Need access to SharePoint,I've been told I need access to SharePoint for my new role. Please grant me the necessary permissions. This started a few hours ago. Employee ID: 52570.,login,low,,low,closed,False,,low,False,Issue resolved by technician,2026-02-08T03:02:58.624680,2026-02-04T22:50:58.624680,2026-02-05T07:50:58.624680,76.2,Construction Holdings,3,11,0,access
273,TICK-2026-00084,Printer not printing,"When I try to print, the job gets stuck in the queue. The printer shows as online but nothing comes out. This has been occurring since this morning. I'm working in meeting room 593.",hardware,medium,,medium,resolved,False,,medium,False,Issue resolved by user,2026-02-01T09:31:22.508602,2026-01-29T23:07:58.508602,2026-01-30T20:07:58.508602,58.39,Media & Entertainment LLC,5,1,2,printer
274,TICK-2026-00280,Mouse cursor jumping around,My mouse cursor keeps jumping to random positions on the screen. I've tried cleaning the sensor but the problem continues. This has been occurring since before our meeting. I'm working on an important project.,hardware,low,,low,resolved,False,,low,False,Issue resolved by user,2026-01-16T13:49:34.522748,2026-01-14T13:12:58.522748,2026-01-15T10:12:58.522748,48.61,Legal Services LLP,0,8,0,peripheral
275,TICK-2026-00347,Antivirus blocking application,My antivirus is blocking QuickBooks from running. I've tried adding an exception but it still blocks it. I tried the troubleshooting guide but it didn't help.,software,medium,,medium,open,True,0.98,medium,False,,,2026-02-20T03:13:58.534014,2026-02-21T23:13:58.534014,,Education Foundation,2,4,0,security
276,TICK-2026-00425,Visual Studio showing error on startup,"Every time I open QuickBooks, I get an error message: 'Access denied'. The application still opens but I'm worried. I'm working while working remotely.",software,low,,low,closed,True,0.86,low,False,Issue resolved by technician,2026-01-13T23:53:22.544261,2026-01-09T15:20:58.544261,2026-01-10T06:20:58.544261,104.54,Consulting Associates,8,13,0,application
277,TICK-2025-00584,Windows 10 update failed,I tried to install the latest Windows 10 update but it failed with error code 0x1881. The system keeps prompting me to update but it fails every time. This has been occurring since since yesterday. Employee ID: 84859.,software,medium,medium,medium,closed,True,0.65,medium,False,Issue resolved by user,2025-09-27T14:43:10.556675,2025-09-22T22:53:58.556675,2025-09-23T23:53:58.556675,111.82,Tech Innovations Inc.,0,5,0,os
278,TICK-2025-00561,Suspicious popup messages,I keep getting popup messages even when no browser is open. They ask me to call a number for support. This began happening after lunch.,software,critical,,high,resolved,False,,high,True,Issue resolved by user,2025-11-21T17:01:10.555163,2025-11-21T02:47:58.555163,2025-11-21T19:47:58.555163,14.22,Research Institute,3,3,0,security
279,TICK-2025-01326,Can't change my password,I'm trying to update my password as required but the system says my new password doesn't meet requirements. This started after lunch. Please prioritize this. Employee ID: 53841.,login,low,low,medium,closed,True,0.69,medium,True,Issue resolved by technician,2025-11-10T11:11:46.622925,2025-11-06T21:21:58.622925,2025-11-08T04:21:58.622925,85.83,Media & Entertainment LLC,7,14,0,password
280,TICK-2026-00397,Outlook not syncing emails,Outlook stopped syncing new emails. It shows connected but no new messages appear even though I can see them on webmail. This first noticed yesterday afternoon. Employee ID: 20936.,software,high,,high,closed,False,,high,False,Issue resolved by technician,2026-01-17T04:35:46.541467,2026-01-16T00:57:58.541467,2026-01-16T14:57:58.541467,27.63,Education Foundation,2,0,0,office
281,TICK-2026-01218,Being redirected to wrong login,"When I try to access finance system, it redirects me to the wrong login page.",login,medium,,high,closed,True,0.7,high,True,Issue resolved by technician,2026-02-01T05:48:46.611308,2026-01-31T04:52:58.611308,2026-02-02T02:52:58.611308,24.93,Consulting Associates,3,1,0,sso
282,TICK-2025-01627,Can't change my profile settings,"When I try to update my profile information, the save button doesn't work.",account,medium,,medium,closed,False,,medium,False,Issue resolved by technician,2025-12-23T21:23:22.634795,2025-12-19T14:47:58.634795,2025-12-20T04:47:58.634795,102.59,Healthcare Partners,5,14,2,settings
283,TICK-2025-00941,Slow WiFi speed,My WiFi speed is extremely slow. Speedtest shows 8 Mbps download when it should be much faster. This has been occurring since earlier today.,network,medium,,medium,in_progress,True,0.93,medium,False,,,2025-12-26T23:58:58.577383,2025-12-28T03:58:58.577383,,Consulting Associates,1,7,0,wireless
284,TICK-2025-00103,Keyboard not working,My USB keyboard stopped working suddenly. Some keys don't respond at all while others type random characters. This appeared this morning.,hardware,medium,,medium,closed,True,0.91,medium,False,Issue resolved by technician,2025-12-22T13:21:10.510554,2025-12-20T10:19:58.510554,2025-12-21T18:19:58.510554,51.02,Financial Services Group,0,14,0,peripheral
285,TICK-2026-00241,Print quality is poor,My printed documents are coming out with streaks and faded areas. I've replaced the cartridge but the problem persists. This has been occurring since this morning. I'm working in the IT department.,hardware,low,low,low,in_progress,True,0.56,low,False,,,2026-02-23T15:02:58.519060,2026-02-24T10:02:58.519060,,Healthcare Partners,3,14,0,printer
286,TICK-2026-00717,Can't access specific website,I can't access company portal from my computer. It worked yesterday but now I get a timeout error. This has been occurring since a few hours ago. Please prioritize this.,network,medium,,medium,closed,True,0.85,medium,False,Issue resolved by technician,2026-01-07T07:22:58.562928,2026-01-03T23:19:58.562928,2026-01-05T15:19:58.562928,80.05,Logistics International,1,2,0,connectivity
287,TICK-2026-00471,Antivirus blocking application,My antivirus is blocking Photoshop from running. I've tried adding an exception but it still blocks it. This has been occurring since this week. I'm working in the 4th floor office.,software,medium,,medium,waiting_on_customer,True,0.94,medium,False,,,2026-01-31T13:47:58.548092,2026-02-02T13:47:58.548092,,Healthcare Partners,9,15,0,security
288,TICK-2026-00288,Printer not printing,"When I try to print, the job gets stuck in the queue. The printer shows as online but nothing comes out. My ticket reference is REF-59098.",hardware,medium,,medium,closed,True,0.66,medium,False,Issue resolved by technician,2026-01-29T22:12:22.523433,2026-01-28T08:51:58.523433,2026-01-28T09:51:58.523433,37.34,Construction Holdings,4,6,0,printer
289,TICK-2026-00662,Office crashes when opening files,Teams crashes every time I try to open a specific file. I've tried repairing Office but the issue continues. This first noticed about an hour ago.,software,high,high,high,resolved,True,0.7,high,False,Issue resolved by technician,2026-02-06T22:08:46.560803,2026-02-05T12:15:58.560803,2026-02-07T10:15:58.560803,33.88,Media & Entertainment LLC,2,6,0,office
290,TICK-2025-00554,Antivirus blocking application,My antivirus is blocking Photoshop from running. I've tried adding an exception but it still blocks it. This appeared last night. I'm working in the 4th floor office.,software,low,low,low,closed,True,0.89,low,False,Issue resolved by technician,2025-12-15T04:35:58.554680,2025-12-07T03:02:58.554680,2025-12-07T13:02:58.554680,193.55,Research Institute,5,4,0,security
291,TICK-2026-01025,Network drive not accessible,I can't access the shared network drive \\server\team. It says the path doesn't exist. I'm working in the Finance department. Employee ID: 73420.,network,high,,high,resolved,True,0.8,high,False,Issue resolved by user,2026-02-25T20:41:58.589209,2026-02-25T10:08:58.589209,2026-02-27T07:08:58.589209,10.55,Healthcare Partners,10,10,0,lan
292,TICK-2025-00213,Printer not printing,"When I try to print, the job gets stuck in the queue. The printer shows as online but nothing comes out. I'm working from my home office. My ticket reference is REF-95986.",hardware,medium,,medium,closed,True,0.68,medium,False,Issue resolved by technician,2025-12-15T21:27:46.516585,2025-12-13T17:04:58.516585,2025-12-13T20:04:58.516585,52.38,Education Foundation,4,4,1,printer
293,TICK-2025-01072,MFA code not working,The code from my authenticator app isn't being accepted. I've tried multiple times with fresh codes.,login,high,,high,resolved,True,0.96,high,False,Issue resolved by technician,2025-11-13T05:46:22.596829,2025-11-12T00:22:58.596829,2025-11-12T22:22:58.596829,29.39,Global Retail Solutions,0,2,0,mfa
294,TICK-2026-01705,Bulk action needed,Please add the ability to export multiple items at once in the reporting system. I'm working at my desk in Building B.,feature_request,low,,low,open,True,0.95,low,False,,,2026-01-25T07:12:58.637103,2026-01-26T06:12:58.637103,,Legal Services LLP,8,6,1,enhancement
295,TICK-2025-01042,Can't connect to WiFi,My desktop won't connect to the office WiFi. It sees the network but when I try to connect it says 'Can't connect to this network'.,network,medium,,medium,resolved,True,0.65,medium,False,Issue resolved by technician,2025-10-31T15:08:34.591977,2025-10-30T02:49:58.591977,2025-10-30T20:49:58.591977,36.31,Consulting Associates,1,3,0,wireless
296,TICK-2025-00337,Outlook formulas not calculating,My PowerPoint spreadsheet formulas are showing the formula text instead of calculating. I haven't changed any settings. This started this morning. I'm working while working remotely. Employee ID: 26492.,software,low,low,low,closed,True,0.71,low,False,Issue resolved by technician,2026-01-01T20:14:46.532233,2025-12-29T00:48:58.532233,2025-12-30T14:48:58.532233,91.43,Manufacturing Corp,2,7,2,office
297,TICK-2026-01942,General inquiry,I have a question about company policies. Can someone please help me understand this better? This has been occurring since since yesterday. I tried the troubleshooting guide but it didn't help.,other,low,,low,waiting_on_customer,True,0.95,low,False,,,2026-02-22T06:22:58.644128,2026-02-23T01:22:58.644128,,Logistics International,4,15,1,inquiry
298,TICK-2025-00928,Network extremely slow for everyone,Multiple people in my team are experiencing slow network. File transfers are taking forever. This has been occurring since after lunch. I'm working at my desk in Building 1.,network,high,,high,closed,True,0.98,high,False,Issue resolved by technician,2025-12-13T00:26:58.576141,2025-12-12T18:47:58.576141,2025-12-13T14:47:58.576141,5.65,Media & Entertainment LLC,1,6,0,performance
299,TICK-2025-01502,Invoice not received,I haven't received my invoice for December. Can you please resend it to my email? This first noticed after lunch. I'm working while working remotely.,billing,low,,low,resolved,True,0.8,low,False,Issue resolved by technician,2025-12-02T22:14:46.630926,2025-11-24T09:36:58.630926,2025-11-26T03:36:58.630926,204.63,Global Retail Solutions,0,6,0,invoice
300,TICK-2026-01005,VPN connection drops frequently,My VPN connection drops every 15-20 minutes. I have to reconnect which interrupts my work. This appeared a few hours ago.,network,medium,,medium,closed,False,,medium,False,Issue resolved by technician,2026-03-01T03:26:34.586391,2026-02-26T20:07:58.586391,2026-02-27T21:07:58.586391,55.31,Manufacturing Corp,2,10,0,vpn
301,TICK-2026-00483,Windows won't boot,"After a restart, Windows won't boot. It gets stuck on the loading screen and never progresses to the login. This has been occurring since yesterday.",software,low,,low,closed,True,0.78,low,False,Issue resolved by technician,2026-02-16T10:07:10.549082,2026-02-07T10:35:58.549082,2026-02-07T17:35:58.549082,215.52,Media & Entertainment LLC,1,15,0,os
302,TICK-2026-00822,WiFi keeps disconnecting,My WiFi connection drops every few minutes. I have to turn WiFi off and on to reconnect temporarily. This first noticed since yesterday. I'm working in meeting room 761.,network,low,low,low,closed,True,0.7,low,False,Issue resolved by technician,2026-02-25T19:29:46.567031,2026-02-22T04:06:58.567031,2026-02-23T21:06:58.567031,87.38,Healthcare Partners,4,3,0,wireless
303,TICK-2026-00656,Chrome not loading pages,Firefox shows 'This site can't be reached' for every website I try to visit. Other browsers work fine. I'm working from my home office.,software,medium,,medium,resolved,True,0.65,medium,False,Issue resolved by technician,2026-02-25T14:36:46.560531,2026-02-23T15:16:58.560531,2026-02-24T07:16:58.560531,47.33,Manufacturing Corp,0,10,0,browser
304,TICK-2026-00465,Application freezing randomly,AutoCAD freezes randomly during use. I have to force close it and lose my unsaved work. This appeared yesterday. I'm working in meeting room 682.,software,medium,,medium,resolved,False,,medium,False,Issue resolved by technician,2026-02-13T23:30:34.547612,2026-02-09T03:50:58.547612,2026-02-09T04:50:58.547612,115.66,Tech Innovations Inc.,1,0,0,application
305,TICK-2025-01058,WiFi keeps disconnecting,My WiFi connection drops every few minutes. I have to turn WiFi off and on to reconnect temporarily.,network,high,high,high,closed,False,,high,False,Issue resolved by technician,2025-09-25T06:11:10.594915,2025-09-24T21:18:58.594915,2025-09-26T13:18:58.594915,8.87,Consulting Associates,1,1,0,wireless
306,TICK-2026-00779,Request access to public share,I need access to the public share folder. I am an intern and I am in training.,network,low,,low,resolved,True,0.66,low,False,Issue resolved by technician,2026-02-24T05:13:22.564836,2026-02-21T07:01:58.564836,2026-02-21T15:01:58.564836,70.19,Construction Holdings,6,7,0,lan
307,TICK-2025-01896,General inquiry,I have a question about service levels. Can someone please help me understand this better? This began happening this week.,other,low,,low,resolved,True,0.94,low,False,Issue resolved by user,2025-11-09T08:40:58.642784,2025-11-01T20:04:58.642784,2025-11-03T16:04:58.642784,180.6,Consulting Associates,8,2,0,inquiry
308,TICK-2026-00664,Need software installed,I need Zoom installed on my computer for a new project. I don't have admin rights to install it myself. This started yesterday.,software,medium,,medium,open,True,0.82,medium,False,,,2026-02-26T21:25:58.560889,2026-02-27T19:25:58.560889,,Global Retail Solutions,5,13,0,installation
309,TICK-2025-01134,Need access to finance system,I've been told I need access to email for my new role. Please grant me the necessary permissions. This first noticed just now. I'm working in meeting room 185.,login,low,,low,resolved,True,0.92,low,False,Issue resolved by technician,2025-12-03T00:51:34.603064,2025-11-24T21:50:58.603064,2025-11-25T13:50:58.603064,195.01,Global Retail Solutions,6,5,1,access
310,TICK-2026-00415,Need software installed,I need QuickBooks installed on my computer for a new project. I don't have admin rights to install it myself. This first noticed after lunch.,software,low,,low,resolved,True,0.67,low,False,Issue resolved by user,2026-01-17T04:47:34.543305,2026-01-12T06:07:58.543305,2026-01-13T16:07:58.543305,118.66,Tech Innovations Inc.,0,14,0,installation
311,TICK-2025-00096,Print quality is poor,My printed documents are coming out with streaks and faded areas. I've replaced the cartridge but the problem persists. This has been occurring since just now. Employee ID: 26108.,hardware,low,,low,closed,True,0.79,low,False,Issue resolved by user,2025-12-22T02:43:22.509590,2025-12-16T20:04:58.509590,2025-12-18T19:04:58.509590,126.64,Tech Innovations Inc.,8,10,0,printer
312,TICK-2026-00436,Photoshop showing error on startup,"Every time I open Visual Studio, I get an error message: 'Operation failed'. The application still opens but I'm worried. This appeared about an hour ago.",software,low,low,low,open,True,0.62,low,False,,,2026-02-25T07:25:58.545207,2026-02-26T19:25:58.545207,,Education Foundation,1,12,0,application
313,TICK-2025-00618,Antivirus blocking application,My antivirus is blocking QuickBooks from running. I've tried adding an exception but it still blocks it. This appeared last week. Multiple colleagues have the same issue.,software,medium,,medium,resolved,True,0.87,medium,False,Issue resolved by user,2025-12-24T08:27:58.558661,2025-12-22T07:06:58.558661,2025-12-24T04:06:58.558661,49.35,Healthcare Partners,12,5,0,security
314,TICK-2026-01632,Remove user from system,Sarah Johnson has left the company and their account should be deactivated.,account,high,high,high,in_progress,True,0.87,high,False,,,2026-02-20T13:29:58.634942,2026-02-22T13:29:58.634942,,Media & Entertainment LLC,1,12,0,deletion
315,TICK-2026-00830,No internet connection,I'm connected to the network but have no internet access. Chrome says 'No internet' for all websites. This started last week. I'm working in meeting room 639.,network,critical,,critical,resolved,True,0.53,critical,False,Issue resolved by technician,2026-01-24T04:22:10.567850,2026-01-24T01:23:58.567850,2026-01-25T16:23:58.567850,2.97,Construction Holdings,1,7,0,connectivity
316,TICK-2025-00282,Laptop battery draining quickly,My laptop battery used to last 6 hours but now it dies in less than 2 hours. The battery health shows 16%. This started just now. Employee ID: 94377.,hardware,medium,,medium,closed,True,0.87,medium,False,Issue resolved by technician,2025-11-11T20:46:10.522921,2025-11-11T10:11:58.522921,2025-11-11T17:11:58.522921,10.57,Financial Services Group,1,0,0,power
317,TICK-2025-01731,Integration request,We need portal to integrate with Salesforce. Is this possible? This has been occurring since after lunch.,feature_request,low,,low,resolved,True,0.71,low,False,Issue resolved by user,2025-10-14T14:40:22.637868,2025-10-08T19:49:58.637868,2025-10-09T09:49:58.637868,138.84,Media & Entertainment LLC,0,2,0,integration
318,TICK-2025-01861,Office supplies needed,My team needs tape. How do I order them?,other,low,,low,closed,False,,low,False,Issue resolved by technician,2025-11-11T16:02:22.641669,2025-11-10T13:59:58.641669,2025-11-12T07:59:58.641669,26.04,Research Institute,1,6,0,inquiry
319,TICK-2025-00785,No internet connection,I'm connected to the network but have no internet access. Edge says 'No internet' for all websites. This started last week. Multiple colleagues have the same issue.,network,critical,,low,resolved,True,0.69,low,True,Issue resolved by technician,2025-12-09T09:46:34.565018,2025-12-08T11:30:58.565018,2025-12-09T08:30:58.565018,22.26,Global Retail Solutions,1,8,2,connectivity
320,TICK-2026-00748,Internet works intermittently,My internet connection works for a few minutes then stops. Have to unplug and replug ethernet cable to fix temporarily.,network,high,high,high,resolved,True,0.69,high,False,Issue resolved by technician,2026-01-22T03:45:10.563908,2026-01-20T08:52:58.563908,2026-01-21T23:52:58.563908,42.87,Media & Entertainment LLC,1,4,0,connectivity
321,TICK-2026-01393,Invoice not received,I haven't received my invoice for March. Can you please resend it to my email? I'm working while working remotely.,billing,medium,,medium,closed,True,0.93,medium,False,Issue resolved by technician,2026-02-25T01:12:46.626714,2026-02-21T04:34:58.626714,2026-02-22T19:34:58.626714,92.63,Media & Entertainment LLC,6,14,0,invoice
322,TICK-2025-00707,Shared folder permission request,Can you please grant me read access to the shared shared folder? My manager has approved this request. My ticket reference is REF-71041.,network,low,,low,resolved,True,0.96,low,False,Issue resolved by technician,2026-01-07T16:30:58.562589,2025-12-31T19:57:58.562589,2026-01-02T06:57:58.562589,164.55,Research Institute,0,7,0,lan
323,TICK-2025-00790,Network extremely slow for everyone,Multiple people in my team are experiencing slow network. File transfers are taking forever. This first noticed before our meeting.,network,high,,high,resolved,True,0.66,high,False,Issue resolved by technician,2025-07-23T06:18:22.565171,2025-07-22T21:57:58.565171,2025-07-24T02:57:58.565171,8.34,Healthcare Partners,0,0,0,performance
324,TICK-2025-01831,General inquiry,I have a question about service levels. Can someone please help me understand this better? This appeared during a presentation.,other,low,low,low,closed,True,0.79,low,False,Issue resolved by technician,2025-10-20T14:18:58.640809,2025-10-11T15:15:58.640809,2025-10-13T01:15:58.640809,215.05,Education Foundation,2,3,0,inquiry
325,TICK-2026-01301,Lost access to MFA device,I lost my phone with the authenticator app. I can't log in without the MFA code. This first noticed a few hours ago.,login,medium,,medium,open,True,0.69,medium,False,,,2026-02-25T13:19:58.621162,2026-02-27T03:19:58.621162,,Global Retail Solutions,6,4,0,mfa
326,TICK-2026-00570,Need software installed,I need Photoshop installed on my computer for a new project. I don't have admin rights to install it myself.,software,critical,critical,critical,open,True,0.79,critical,False,,,2026-02-17T10:20:58.555748,2026-02-18T09:20:58.555748,,Legal Services LLP,0,14,0,installation
327,TICK-2025-00977,Slow speed when connected to VPN,"When I connect to VPN, my internet becomes extremely slow. Takes minutes to open a simple webpage. This started last week. I'm working in the 3rd floor office.",network,low,,low,resolved,True,0.7,low,False,Issue resolved by technician,2025-09-29T04:28:10.581452,2025-09-28T02:44:58.581452,2025-09-29T08:44:58.581452,25.72,Research Institute,6,11,0,vpn
328,TICK-2026-00116,Second monitor not detected,I connected a second monitor to my laptop but macOS doesn't detect it. I've tried the display settings but only shows one monitor. This started last week. This worked fine before.,hardware,low,,low,closed,True,0.79,low,False,Issue resolved by technician,2026-01-27T17:04:58.511848,2026-01-24T11:04:58.511848,2026-01-25T14:04:58.511848,78.0,Consulting Associates,13,3,0,display
329,TICK-2026-00160,Screen flickering constantly,My display screen keeps flickering every few seconds. It's giving me headaches and making it impossible to work. I tried the troubleshooting guide but it didn't help.,hardware,medium,,medium,resolved,True,0.97,medium,False,Issue resolved by user,2026-02-06T20:51:34.514163,2026-02-03T04:32:58.514163,2026-02-04T05:32:58.514163,88.31,Global Retail Solutions,0,0,0,display
330,TICK-2026-01153,Account locked out,My account is locked after too many login attempts. I was trying different passwords I thought might be correct. This began happening after lunch. I have a deadline in 2 days.,login,high,high,high,waiting_on_customer,False,,high,False,,,2026-01-06T23:28:58.604669,2026-01-07T10:28:58.604669,,Education Foundation,5,4,0,account_locked
331,TICK-2026-00182,workstation making strange noise,My desktop is making a loud clicking/grinding noise. It started yesterday and seems to be coming from inside the case. I'm worried about data loss. I'm working in meeting room 287.,hardware,high,,high,closed,True,0.83,high,False,Issue resolved by user,2026-02-01T05:24:34.515162,2026-01-31T19:32:58.515162,2026-02-02T07:32:58.515162,9.86,Financial Services Group,10,3,0,computer
332,TICK-2026-01254,New employee needs account,A new team member Sarah Johnson started today and needs their accounts set up. Email: newuser32@company.com This began happening since yesterday. This is affecting my productivity.,login,high,,high,closed,True,0.9,high,False,Issue resolved by user,2026-02-16T13:27:46.616606,2026-02-16T05:19:58.616606,2026-02-17T04:19:58.616606,8.13,Financial Services Group,5,1,0,access
333,TICK-2025-01363,Invoice not received,I haven't received my invoice for August. Can you please resend it to my email? This began happening after lunch. I'm working at my desk in Building C.,billing,medium,medium,medium,closed,True,0.72,medium,False,Issue resolved by technician,2025-09-27T22:36:10.625139,2025-09-26T19:31:58.625139,2025-09-26T23:31:58.625139,27.07,Legal Services LLP,0,11,0,invoice
334,TICK-2026-01156,Can't change my password,I'm trying to update my password as required but the system says my new password doesn't meet requirements. I'm working at my desk in Building 3. Employee ID: 43231.,login,medium,,medium,closed,True,0.75,medium,False,Issue resolved by technician,2026-02-16T06:53:58.604896,2026-02-13T04:02:58.604896,2026-02-13T18:02:58.604896,74.85,Construction Holdings,10,5,0,password
335,TICK-2026-01852,General inquiry,I have a question about pricing plans. Can someone please help me understand this better? This appeared since Monday. My ticket reference is REF-51977.,other,medium,,medium,open,True,0.8,medium,False,,,2026-02-24T19:13:58.641414,2026-02-25T22:13:58.641414,,Construction Holdings,0,3,1,inquiry
336,TICK-2026-01085,Access removed incorrectly,My access to SharePoint was removed but I still need it for my work. This might have been done in error. This began happening last night. Multiple colleagues have the same issue.,login,high,,high,open,True,0.9,high,False,,,2026-02-23T07:02:58.598291,2026-02-25T02:02:58.598291,,Consulting Associates,7,7,0,access
337,TICK-2026-00458,Can't download files from browser,"When I try to download files in Safari, nothing happens. The download doesn't start. This has been occurring since before our meeting. I'm working in the Engineering department.",software,medium,medium,medium,closed,True,0.73,medium,False,Issue resolved by technician,2026-01-28T19:52:46.547030,2026-01-23T23:29:58.547030,2026-01-25T19:29:58.547030,116.38,Tech Innovations Inc.,15,10,0,browser
338,TICK-2026-00361,Antivirus blocking application,My antivirus is blocking Adobe Acrobat from running. I've tried adding an exception but it still blocks it. This first noticed during a presentation.,software,medium,medium,medium,closed,True,0.86,medium,False,Issue resolved by technician,2026-02-07T12:13:58.535559,2026-02-03T15:16:58.535559,2026-02-04T20:16:58.535559,92.95,Media & Entertainment LLC,10,6,0,security
339,TICK-2025-00595,Teams crashes when opening files,PowerPoint crashes every time I try to open a specific file. I've tried repairing Office but the issue continues.,software,high,high,high,closed,True,0.68,high,False,Issue resolved by technician,2025-09-13T10:49:34.557348,2025-09-12T15:00:58.557348,2025-09-13T19:00:58.557348,19.81,Financial Services Group,0,5,0,office
340,TICK-2025-01920,Equipment request,I need to request a second monitor for my work. What's the process?,other,low,low,low,open,True,0.75,low,False,,,2025-08-16T10:53:58.643488,2025-08-16T19:53:58.643488,,Financial Services Group,2,11,0,inquiry
341,TICK-2025-00871,WiFi network not appearing,I can't see the office WiFi network in my available networks list. Other people around me can see it. This has been occurring since before our meeting. I'm working in the IT department.,network,medium,,medium,resolved,True,0.84,medium,False,Issue resolved by technician,2025-10-12T06:33:58.571629,2025-10-11T15:48:58.571629,2025-10-12T05:48:58.571629,14.75,Research Institute,1,3,1,wireless
342,TICK-2026-01907,Office supplies needed,My team needs printer paper. How do I order them? This began happening since Monday. I'm working while working remotely. My ticket reference is REF-13048.,other,low,,low,waiting_on_customer,True,0.92,low,False,,,2026-01-27T15:27:58.643103,2026-01-28T01:27:58.643103,,Education Foundation,7,8,0,inquiry
343,TICK-2026-00477,Office formulas not calculating,My PowerPoint spreadsheet formulas are showing the formula text instead of calculating. I haven't changed any settings. Employee ID: 86289.,software,high,,high,resolved,True,0.84,high,False,Issue resolved by technician,2026-02-03T08:51:10.548595,2026-02-03T04:10:58.548595,2026-02-04T10:10:58.548595,4.67,Media & Entertainment LLC,0,6,2,office
344,TICK-2026-00274,Mouse cursor jumping around,My mouse cursor keeps jumping to random positions on the screen. I've tried cleaning the sensor but the problem continues. I'm working at our Austin location. Employee ID: 47495.,hardware,medium,,medium,closed,True,0.73,medium,False,Issue resolved by technician,2026-02-19T06:53:10.522237,2026-02-15T08:18:58.522237,2026-02-16T00:18:58.522237,94.57,Research Institute,10,13,0,peripheral
345,TICK-2025-01523,Need to update my email address,I recently got married and need to change my email address from mike@oldcompany.com to john@newcompany.com. This began happening this morning.,account,low,low,low,resolved,True,0.84,low,False,Issue resolved by technician,2026-01-03T12:52:10.631569,2025-12-26T14:32:58.631569,2025-12-26T16:32:58.631569,190.32,Manufacturing Corp,7,9,0,profile
346,TICK-2025-01071,Password expired,I got a message that my password has expired. I need to reset it but the link isn't working. This appeared last night.,login,high,high,high,resolved,True,0.77,high,False,Issue resolved by technician,2025-11-29T00:00:22.596721,2025-11-28T02:48:58.596721,2025-11-29T10:48:58.596721,21.19,Logistics International,8,5,0,password
347,TICK-2026-01563,Notification settings not saving,I've disabled email notifications several times but I keep receiving them. This started since yesterday.,account,high,,high,closed,True,0.62,high,False,Issue resolved by user,2026-02-14T21:38:34.632882,2026-02-13T10:01:58.632882,2026-02-13T10:01:58.632882,35.61,Legal Services LLP,4,9,0,settings
348,TICK-2026-00329,Slack showing error on startup,"Every time I open Slack, I get an error message: 'Operation failed'. The application still opens but I'm worried. This appeared a few hours ago. I'm working in meeting room 330.",software,medium,,medium,closed,True,0.69,medium,False,Issue resolved by technician,2026-01-31T02:08:10.531154,2026-01-29T05:03:58.531154,2026-01-30T11:03:58.531154,45.07,Healthcare Partners,0,15,0,application
349,TICK-2025-00886,VPN connection drops frequently,My VPN connection drops every 15-20 minutes. I have to reconnect which interrupts my work. This has been occurring since during a presentation. Please prioritize this. Employee ID: 24381.,network,high,,high,resolved,False,,high,False,Issue resolved by user,2025-10-22T18:32:10.572830,2025-10-22T01:09:58.572830,2025-10-23T01:09:58.572830,17.37,Construction Holdings,7,11,0,vpn
350,TICK-2026-00496,Edge not loading pages,Edge shows 'This site can't be reached' for every website I try to visit. Other browsers work fine. This appeared since Monday. I'm working at my desk in Building 3.,software,low,,low,waiting_on_customer,True,0.87,low,False,,,2026-01-26T21:06:58.550069,2026-01-27T02:06:58.550069,,Logistics International,4,5,0,browser
351,TICK-2026-01639,Need to update my email address,I recently got married and need to change my email address from mike@oldcompany.com to mike@newcompany.com. This began happening yesterday afternoon.,account,low,,low,open,True,0.66,low,False,,,2026-02-25T14:51:58.635144,2026-02-27T14:51:58.635144,,Tech Innovations Inc.,2,12,0,profile
352,TICK-2026-01939,How do I change settings?,I'm not sure how to add team members in the system. Could you provide instructions? This appeared just now.,other,low,,high,closed,True,0.88,high,True,Issue resolved by technician,2026-02-25T04:08:34.644043,2026-02-23T15:13:58.644043,2026-02-23T17:13:58.644043,36.91,Education Foundation,0,9,0,inquiry
353,TICK-2025-00123,Paper jam in printer,The printer keeps showing a paper jam error but I've checked and there's no paper stuck. Cleared the tray multiple times. This started before our meeting.,hardware,low,low,low,resolved,True,0.89,low,False,Issue resolved by user,2025-11-05T04:57:58.512189,2025-10-30T04:39:58.512189,2025-10-30T08:39:58.512189,144.3,Construction Holdings,4,11,1,printer
354,TICK-2026-01469,Want to cancel subscription,I'd like to cancel my subscription to software license at the end of this billing period. This started this morning.,billing,high,high,high,resolved,True,0.69,high,False,Issue resolved by technician,2026-02-01T09:48:22.629863,2026-01-31T14:30:58.629863,2026-02-01T14:30:58.629863,19.29,Media & Entertainment LLC,0,15,0,subscription
355,TICK-2025-01611,Remove user from system,John Smith has left the company and their account should be deactivated. This has been occurring since during a presentation. I'm working in meeting room 666.,account,high,,critical,closed,True,0.81,critical,True,Issue resolved by technician,2025-10-18T19:21:34.634335,2025-10-17T10:05:58.634335,2025-10-19T04:05:58.634335,33.26,Research Institute,10,12,0,deletion
356,TICK-2026-01255,MFA code not working,The code from my authenticator app isn't being accepted. I've tried multiple times with fresh codes. I'm working in meeting room 449. My ticket reference is REF-82503.,login,high,,high,closed,True,0.83,high,False,Issue resolved by technician,2026-01-05T08:16:10.616769,2026-01-04T13:59:58.616769,2026-01-05T17:59:58.616769,18.27,Logistics International,3,9,0,mfa
357,TICK-2026-01755,Request for new feature,It would be great if the mobile app could auto-save. This would save our team a lot of time. This started last night. I'm working in the 5th floor office.,feature_request,low,low,low,resolved,True,0.75,low,False,Issue resolved by technician,2026-02-27T04:59:22.638583,2026-02-24T08:32:58.638583,2026-02-25T00:32:58.638583,68.44,Financial Services Group,3,0,0,new_feature
358,TICK-2025-01350,Can't change my password,I'm trying to update my password as required but the system says my new password doesn't meet requirements.,login,medium,,high,resolved,True,0.76,high,True,Issue resolved by user,2025-12-31T19:11:34.624397,2025-12-30T10:07:58.624397,2025-12-30T10:07:58.624397,33.06,Manufacturing Corp,9,7,0,password
359,TICK-2026-00498,Windows 11 update failed,I tried to install the latest Windows update but it failed with error code 0x210F. The system keeps prompting me to update but it fails every time. I'm working in the IT department.,software,medium,medium,medium,in_progress,True,0.85,medium,False,,,2026-02-26T13:30:58.550214,2026-02-27T16:30:58.550214,,Construction Holdings,9,14,0,os
360,TICK-2026-01508,Want to cancel subscription,I'd like to cancel my subscription to hosting at the end of this billing period. This started after lunch. I have a deadline today.,billing,low,,low,resolved,True,0.72,low,False,Issue resolved by user,2026-01-11T21:25:22.631109,2026-01-02T21:55:58.631109,2026-01-03T10:55:58.631109,215.49,Logistics International,16,8,0,subscription
361,TICK-2026-01572,Can't change my profile settings,"When I try to update my profile information, the save button doesn't work.",account,medium,,medium,resolved,True,0.74,medium,False,Issue resolved by technician,2026-02-26T02:48:34.633153,2026-02-22T11:14:58.633153,2026-02-22T14:14:58.633153,87.56,Tech Innovations Inc.,9,9,1,settings
362,TICK-2026-00470,Antivirus blocking application,My antivirus is blocking Photoshop from running. I've tried adding an exception but it still blocks it. Please prioritize this. Employee ID: 19772.,software,low,low,low,resolved,True,0.75,low,False,Issue resolved by user,2026-01-13T11:13:10.548008,2026-01-05T20:44:58.548008,2026-01-07T11:44:58.548008,182.47,Manufacturing Corp,3,8,1,security
363,TICK-2025-00600,Can't download files from browser,"When I try to download files in Safari, nothing happens. The download doesn't start. This started last night. I'm working from my home office. Asset tag: IT-3749-B.",software,low,low,low,closed,True,0.83,low,False,Issue resolved by user,2025-11-29T11:39:58.557659,2025-11-23T20:57:58.557659,2025-11-24T10:57:58.557659,134.7,Financial Services Group,5,5,0,browser
364,TICK-2026-00610,Outlook formulas not calculating,My Word spreadsheet formulas are showing the formula text instead of calculating. I haven't changed any settings. This first noticed yesterday afternoon. I'm working at our Houston location.,software,medium,,medium,resolved,True,0.76,medium,False,Issue resolved by technician,2026-02-01T02:27:22.558216,2026-01-27T21:54:58.558216,2026-01-28T10:54:58.558216,100.54,Tech Innovations Inc.,8,12,0,office
365,TICK-2026-01446,Want to cancel subscription,I'd like to cancel my subscription to premium support at the end of this billing period.,billing,low,,low,closed,True,0.9,low,False,Issue resolved by technician,2026-02-13T06:29:22.629007,2026-02-11T22:53:58.629007,2026-02-12T21:53:58.629007,31.59,Legal Services LLP,2,2,0,subscription
366,TICK-2026-00931,Can't connect to WiFi,My computer won't connect to the office WiFi. It sees the network but when I try to connect it says 'Can't connect to this network'. This started yesterday afternoon. I'm working in the IT department. Employee ID: 45004.,network,high,high,high,in_progress,False,,high,False,,,2026-02-24T12:02:58.576378,2026-02-24T15:02:58.576378,,Financial Services Group,11,13,0,wireless
367,TICK-2026-01692,Mobile app feature request,Could you add batch delete to the mobile app? It's available on desktop but not mobile. This has been occurring since yesterday afternoon. I'm working at our Houston location.,feature_request,low,,low,waiting_on_customer,False,,low,False,,,2026-02-24T16:52:58.636712,2026-02-26T13:52:58.636712,,Manufacturing Corp,15,15,1,enhancement
368,TICK-2025-00965,Can't connect to WiFi,My workstation won't connect to the office WiFi. It sees the network but when I try to connect it says 'Can't connect to this network'. This has been occurring since last week. I'm working from my home office. I have a deadline end of week.,network,high,,high,closed,True,0.69,high,False,Issue resolved by user,2025-12-09T17:44:10.580309,2025-12-08T16:27:58.580309,2025-12-09T01:27:58.580309,25.27,Construction Holdings,14,2,0,wireless
369,TICK-2026-00431,Antivirus blocking application,My antivirus is blocking AutoCAD from running. I've tried adding an exception but it still blocks it. This has been occurring since yesterday.,software,critical,critical,critical,closed,True,0.72,critical,False,Issue resolved by technician,2026-01-30T13:43:46.544808,2026-01-30T06:23:58.544808,2026-01-30T15:23:58.544808,7.33,Financial Services Group,4,4,0,security
370,TICK-2025-01898,Conference room booking issue,I'm having trouble booking conference room A101 for my meeting tomorrow. I've already restarted 5 times. Employee ID: 56587.,other,medium,medium,medium,closed,True,0.93,medium,False,Issue resolved by user,2025-11-24T04:46:46.642842,2025-11-20T15:14:58.642842,2025-11-21T02:14:58.642842,85.53,Consulting Associates,12,10,0,general
371,TICK-2026-01646,Remove user from system,Emily Davis has left the company and their account should be deactivated. This first noticed earlier today. I'm working in meeting room 116. Multiple colleagues have the same issue. Employee ID: 77631.,account,high,,low,closed,False,,low,True,Issue resolved by user,2026-01-13T17:34:22.635352,2026-01-13T08:58:58.635352,2026-01-15T02:58:58.635352,8.59,Construction Holdings,4,7,0,deletion
372,TICK-2025-00334,Outlook formulas not calculating,My Outlook spreadsheet formulas are showing the formula text instead of calculating. I haven't changed any settings. I'm working in the Sales department. I have a deadline end of week.,software,medium,medium,medium,resolved,True,0.79,medium,False,Issue resolved by technician,2025-12-27T15:19:58.531818,2025-12-23T10:43:58.531818,2025-12-24T20:43:58.531818,100.6,Research Institute,3,0,1,office
373,TICK-2025-01412,Need to upgrade subscription,I need to upgrade my subscription from Basic to Premium. Please advise on the process and pricing.,billing,medium,,medium,open,True,0.89,medium,False,,,2025-10-11T08:37:58.627626,2025-10-12T20:37:58.627626,,Healthcare Partners,4,3,0,subscription
374,TICK-2026-01857,Training request,I need training on how to use project management tool. Is there documentation or videos available? This first noticed yesterday. Employee ID: 51602.,other,low,,low,resolved,True,0.63,low,False,Issue resolved by technician,2026-02-13T11:04:58.641562,2026-02-07T04:43:58.641562,2026-02-08T19:43:58.641562,150.35,Global Retail Solutions,20,5,1,inquiry
375,TICK-2025-00834,Can't connect to WiFi,My computer won't connect to the office WiFi. It sees the network but when I try to connect it says 'Can't connect to this network'. This appeared yesterday. I'm working in the Sales department. This is affecting my productivity.,network,high,,high,resolved,False,,high,False,Issue resolved by technician,2025-12-10T07:18:46.568332,2025-12-09T07:13:58.568332,2025-12-09T16:13:58.568332,24.08,Financial Services Group,10,8,0,wireless
376,TICK-2026-01381,Need to update payment method,I need to update my credit card on file as it's expiring soon. How do I do this?,billing,low,low,low,resolved,True,0.75,low,False,Issue resolved by technician,2026-02-21T11:51:34.626109,2026-02-15T13:53:58.626109,2026-02-16T21:53:58.626109,141.96,Healthcare Partners,0,0,0,payment
377,TICK-2025-01401,Invoice not received,I haven't received my invoice for March. Can you please resend it to my email? This started before our meeting. I'm working in meeting room 252.,billing,low,,low,closed,True,0.68,low,False,Issue resolved by technician,2026-01-08T11:28:46.627102,2025-12-30T01:38:58.627102,2025-12-31T07:38:58.627102,225.83,Research Institute,1,15,0,invoice
378,TICK-2026-01580,Remove user from system,Emily Davis has left the company and their account should be deactivated.,account,high,high,high,open,True,0.86,high,False,,,2026-02-26T17:32:58.633398,2026-02-28T13:32:58.633398,,Healthcare Partners,1,8,0,deletion
379,TICK-2025-01282,Forgot my password,I forgot my password and can't log in. I've tried the reset option but haven't received the email. This has been occurring since just now. I'm working from my home office.,login,low,,low,in_progress,True,0.93,low,False,,,2025-07-17T03:45:58.619653,2025-07-18T12:45:58.619653,,Global Retail Solutions,2,14,0,password
380,TICK-2026-01915,General inquiry,I have a question about pricing plans. Can someone please help me understand this better? This appeared yesterday. My ticket reference is REF-99829.,other,medium,,medium,closed,True,0.8,medium,False,Issue resolved by technician,2026-01-27T12:45:22.643341,2026-01-24T03:27:58.643341,2026-01-25T04:27:58.643341,81.29,Research Institute,3,0,0,inquiry
381,TICK-2025-00049,desktop making strange noise,My workstation is making a loud clicking/grinding noise. It started yesterday and seems to be coming from inside the case. I'm worried about data loss.,hardware,high,,high,resolved,True,0.67,high,False,Issue resolved by technician,2025-12-02T06:54:10.505878,2025-12-01T01:04:58.505878,2025-12-01T17:04:58.505878,29.82,Manufacturing Corp,1,7,0,computer
382,TICK-2025-01937,Conference room booking issue,I'm having trouble booking conference room B205 for my meeting tomorrow.,other,medium,,critical,resolved,False,,critical,True,Issue resolved by technician,2025-12-04T17:44:34.643985,2025-12-03T12:25:58.643985,2025-12-05T03:25:58.643985,29.31,Logistics International,6,2,0,general
383,TICK-2026-00924,No internet connection,I'm connected to the network but have no internet access. Chrome says 'No internet' for all websites. This appeared before our meeting.,network,critical,critical,critical,open,True,0.95,critical,False,,,2026-01-01T16:45:58.575836,2026-01-01T21:45:58.575836,,Healthcare Partners,3,15,1,connectivity
384,TICK-2026-00952,VPN won't connect,I'm trying to connect to the company VPN from home but it keeps timing out. I can access the internet fine without VPN. This started since yesterday. Multiple colleagues have the same issue.,network,high,,high,closed,True,0.53,high,False,Issue resolved by technician,2026-02-24T20:24:10.578829,2026-02-23T11:34:58.578829,2026-02-23T14:34:58.578829,32.82,Legal Services LLP,3,7,0,vpn
385,TICK-2026-00441,System running slow after update,"Ever since the last Windows 11 update, my computer has been extremely slow. Applications take minutes to load. This first noticed yesterday. I've already restarted 2 times.",software,low,,low,in_progress,True,0.79,low,False,,,2026-01-26T12:44:58.545625,2026-01-26T12:44:58.545625,,Financial Services Group,12,13,0,os
386,TICK-2026-01956,Feedback on service,I wanted to provide feedback on my recent support experience. The issue was resolved but took longer than expected. This appeared after lunch. I'm working in the ground floor office.,other,low,low,low,resolved,True,0.8,low,False,Issue resolved by user,2026-02-12T07:00:10.644537,2026-02-11T01:01:58.644537,2026-02-11T09:01:58.644537,29.97,Education Foundation,0,10,0,feedback
387,TICK-2025-01139,Password not working,My password stopped working. I'm sure I'm typing it correctly but it says invalid credentials. This has been occurring since just now.,login,high,,high,closed,False,,high,False,Issue resolved by technician,2025-12-31T10:21:34.603460,2025-12-31T05:26:58.603460,2026-01-01T07:26:58.603460,4.91,Tech Innovations Inc.,4,0,0,password
388,TICK-2025-00025,Second monitor not detected,I connected a second monitor to my laptop but macOS doesn't detect it. I've tried the display settings but only shows one monitor. This has been occurring since just now. Employee ID: 56160.,hardware,low,low,low,resolved,True,0.6,low,False,Issue resolved by technician,2025-12-21T08:59:22.504526,2025-12-12T19:44:58.504526,2025-12-14T00:44:58.504526,205.24,Research Institute,1,11,0,display
389,TICK-2026-01481,Need to update payment method,I need to update my credit card on file as it's expiring soon. How do I do this? This has been occurring since this morning. I'm working in meeting room 688. This is affecting my productivity.,billing,low,,low,resolved,True,0.68,low,False,Issue resolved by technician,2026-01-19T06:49:22.630241,2026-01-17T19:13:58.630241,2026-01-19T13:13:58.630241,35.59,Logistics International,12,3,0,payment
390,TICK-2026-00820,VPN connection drops frequently,My VPN connection drops every 15-20 minutes. I have to reconnect which interrupts my work. Please prioritize this. Employee ID: 45968.,network,medium,,medium,open,True,0.79,medium,False,,,2026-02-21T19:44:58.566823,2026-02-21T19:44:58.566823,,Research Institute,10,15,0,vpn
391,TICK-2026-01934,Feedback on service,I wanted to provide feedback on my recent support experience. Very satisfied with the support received. This began happening since Monday. Asset tag: IT-7232-A.,other,low,,low,closed,True,0.71,low,False,Issue resolved by technician,2026-02-16T09:08:34.643901,2026-02-14T07:28:58.643901,2026-02-14T07:28:58.643901,49.66,Healthcare Partners,2,13,0,feedback
392,TICK-2025-00200,My PC won't turn on,I tried to power on my workstation this morning but nothing happens. The power light doesn't come on and there's no response when I press the power button. I've checked the power cable and it seems connected properly.,hardware,high,,high,resolved,True,0.95,high,False,Issue resolved by user,2025-10-17T19:28:34.516009,2025-10-16T16:24:58.516009,2025-10-17T19:24:58.516009,27.06,Media & Entertainment LLC,3,1,0,computer
393,TICK-2025-01108,Password expired,I got a message that my password has expired. I need to reset it but the link isn't working.,login,medium,medium,medium,open,True,0.84,medium,False,,,2025-10-15T04:45:58.600566,2025-10-16T14:45:58.600566,,Manufacturing Corp,5,0,0,password
394,TICK-2026-00910,No internet connection,I'm connected to the network but have no internet access. Chrome says 'No internet' for all websites. This began happening just now. This worked fine before.,network,critical,,critical,open,True,0.67,critical,False,,,2026-01-09T10:10:58.574717,2026-01-10T10:10:58.574717,,Logistics International,4,12,0,connectivity
395,TICK-2025-01980,Feedback on service,I wanted to provide feedback on my recent support experience. The issue was resolved but took longer than expected. This first noticed during a presentation. I have a deadline in 2 days.,other,low,,low,in_progress,True,0.65,low,False,,,2025-12-30T15:10:58.645210,2025-12-30T19:10:58.645210,,Legal Services LLP,0,15,0,feedback
396,TICK-2026-01818,Conference room booking issue,I'm having trouble booking conference room A101 for my meeting tomorrow. This began happening just now.,other,medium,medium,medium,waiting_on_customer,False,,medium,False,,,2026-01-31T23:53:58.640428,2026-02-01T11:53:58.640428,,Legal Services LLP,7,4,1,general
397,TICK-2025-00234,Printer not printing,"When I try to print, the job gets stuck in the queue. The printer shows as online but nothing comes out. I'm working in the ground floor office.",hardware,medium,medium,high,resolved,True,0.88,high,True,Issue resolved by technician,2025-11-09T10:20:34.518439,2025-11-07T00:46:58.518439,2025-11-07T07:46:58.518439,57.56,Healthcare Partners,5,13,1,printer
398,TICK-2026-00602,Suspicious popup messages,I keep getting popup messages even when no browser is open. They ask me to call a number for support. This began happening last night. I'm working in the Sales department. Employee ID: 25345.,software,low,,low,resolved,False,,low,False,Issue resolved by technician,2026-01-31T10:34:10.557779,2026-01-27T07:32:58.557779,2026-01-29T00:32:58.557779,99.02,Construction Holdings,5,15,0,security
399,TICK-2026-01670,Need to update my email address,I recently got married and need to change my email address from jane@oldcompany.com to mike@newcompany.com. This first noticed just now. I'm working while working remotely.,account,low,,low,in_progress,True,0.91,low,False,,,2026-02-19T21:15:58.636043,2026-02-20T15:15:58.636043,,Global Retail Solutions,1,11,0,profile
400,TICK-2025-01497,Incorrect charge on invoice,My invoice shows a charge of $362.09 that I don't recognize. Please explain this charge. This began happening after lunch. I'm working in meeting room 675. Please prioritize this.,billing,high,,high,resolved,False,,high,False,Issue resolved by user,2025-10-24T23:33:58.630774,2025-10-22T23:51:58.630774,2025-10-23T11:51:58.630774,47.7,Legal Services LLP,8,1,0,invoice
401,TICK-2025-00058,Screen flickering constantly,My monitor screen keeps flickering every few seconds. It's giving me headaches and making it impossible to work. This started since Monday. I'm working in the Finance department. Employee ID: 60777.,hardware,medium,,medium,resolved,True,0.81,medium,False,Issue resolved by user,2026-01-03T07:33:22.506332,2025-12-30T02:51:58.506332,2025-12-30T09:51:58.506332,100.69,Logistics International,3,5,0,display
402,TICK-2026-01926,Conference room booking issue,I'm having trouble booking conference room Main Conference for my meeting tomorrow. This appeared since Monday. I'm working in the HR department. This is affecting my productivity.,other,medium,medium,medium,closed,True,0.76,medium,False,Issue resolved by technician,2026-02-26T08:55:10.643670,2026-02-24T10:50:58.643670,2026-02-25T17:50:58.643670,46.07,Education Foundation,5,4,0,general
403,TICK-2025-01105,MFA code not working,The code from my authenticator app isn't being accepted. I've tried multiple times with fresh codes.,login,high,high,high,closed,False,,high,False,Issue resolved by technician,2025-11-25T09:54:34.600143,2025-11-24T16:44:58.600143,2025-11-25T19:44:58.600143,17.16,Consulting Associates,21,7,0,mfa
404,TICK-2026-00879,Request access to public share,I need access to the public share folder. I am an intern and I am in training. I'm working at my desk in Building A.,network,high,,high,closed,False,,high,False,Issue resolved by technician,2026-01-18T16:45:10.572282,2026-01-18T04:31:58.572282,2026-01-18T18:31:58.572282,12.22,Logistics International,0,5,1,lan
405,TICK-2025-01546,Need to update my email address,I recently got married and need to change my email address from john@oldcompany.com to john@newcompany.com. I'm working in the Engineering department. Please prioritize this.,account,low,low,low,resolved,True,0.73,low,False,Issue resolved by technician,2025-12-10T01:35:58.632274,2025-12-04T03:59:58.632274,2025-12-04T20:59:58.632274,141.6,Logistics International,2,10,0,profile
406,TICK-2026-00937,Request access to public share,I need access to the public share folder. I am an intern and I am in training. This has been occurring since last night. I'm working at my desk in Building A.,network,high,high,high,closed,True,0.96,high,False,Issue resolved by technician,2026-02-14T10:51:22.576850,2026-02-12T15:06:58.576850,2026-02-14T06:06:58.576850,43.74,Consulting Associates,8,3,0,lan
407,TICK-2026-01710,Improvement suggestion,The current portal workflow is cumbersome. Could you add the ability to batch delete? This first noticed during a presentation. I'm working in the Marketing department.,feature_request,low,low,low,closed,True,0.87,low,False,Issue resolved by technician,2026-01-24T10:20:46.637244,2026-01-17T07:15:58.637244,2026-01-18T18:15:58.637244,171.08,Media & Entertainment LLC,1,6,0,enhancement
408,TICK-2026-01476,Refund not received,I was promised a refund of $70.11 two weeks ago but I still haven't received it. I'm working from my home office.,billing,medium,,medium,resolved,False,,medium,False,Issue resolved by technician,2026-02-19T17:21:22.630087,2026-02-18T21:27:58.630087,2026-02-20T01:27:58.630087,19.89,Media & Entertainment LLC,18,12,0,dispute
409,TICK-2026-00964,Internet works intermittently,My internet connection works for a few minutes then stops. Have to unplug and replug ethernet cable to fix temporarily. This has been occurring since last week.,network,high,high,high,closed,False,,high,False,Issue resolved by technician,2026-02-22T20:09:22.580181,2026-02-21T21:24:58.580181,2026-02-22T05:24:58.580181,22.74,Manufacturing Corp,2,0,0,connectivity
410,TICK-2026-01411,Want to cancel subscription,I'd like to cancel my subscription to cloud storage at the end of this billing period. I'm working in the IT department.,billing,low,,low,waiting_on_customer,True,0.94,low,False,,,2026-02-10T13:10:58.627586,2026-02-11T00:10:58.627586,,Legal Services LLP,2,3,1,subscription
411,TICK-2026-01117,Can't change my password,I'm trying to update my password as required but the system says my new password doesn't meet requirements. This first noticed last week. This is affecting my productivity.,login,medium,,medium,closed,True,0.8,medium,False,Issue resolved by user,2026-01-22T00:01:34.601465,2026-01-17T16:03:58.601465,2026-01-17T16:03:58.601465,103.96,Research Institute,17,12,0,password
412,TICK-2025-00029,Paper jam in printer,The printer keeps showing a paper jam error but I've checked and there's no paper stuck. Cleared the tray multiple times. This has been occurring since since yesterday. I'm working in meeting room 300.,hardware,low,,low,resolved,True,0.63,low,False,Issue resolved by technician,2025-12-26T03:24:46.504771,2025-12-20T01:16:58.504771,2025-12-21T09:16:58.504771,146.13,Research Institute,3,3,0,printer
413,TICK-2025-00756,WiFi keeps disconnecting,My WiFi connection drops every few minutes. I have to turn WiFi off and on to reconnect temporarily. This started since Monday.,network,medium,,medium,closed,True,0.91,medium,False,Issue resolved by technician,2025-11-26T13:00:22.564149,2025-11-23T21:27:58.564149,2025-11-24T10:27:58.564149,63.54,Logistics International,3,12,0,wireless
414,TICK-2025-01851,Equipment request,I need to request a headset for my work. What's the process? This has been occurring since before our meeting. I'm working while working remotely.,other,low,,low,open,True,0.9,low,False,,,2025-12-02T21:52:58.641385,2025-12-03T16:52:58.641385,,Education Foundation,6,7,3,inquiry
415,TICK-2026-01286,Password expired,I got a message that my password has expired. I need to reset it but the link isn't working. I'm working in the IT department. Please prioritize this.,login,low,,low,closed,True,0.86,low,False,Issue resolved by technician,2026-02-22T02:21:46.619961,2026-02-18T21:34:58.619961,2026-02-20T16:34:58.619961,76.78,Research Institute,8,0,0,password
416,TICK-2026-00127,Paper jam in printer,The printer keeps showing a paper jam error but I've checked and there's no paper stuck. Cleared the tray multiple times. This started yesterday afternoon. I'm working in the 5th floor office.,hardware,medium,medium,medium,closed,False,,medium,False,Issue resolved by technician,2026-01-29T06:10:34.512388,2026-01-27T15:48:58.512388,2026-01-29T12:48:58.512388,38.36,Logistics International,1,11,0,printer
417,TICK-2026-01673,Notification settings not saving,I've disabled email notifications several times but I keep receiving them. I'm working in meeting room 612.,account,low,,low,closed,True,0.97,low,False,Issue resolved by technician,2026-02-08T04:14:46.636129,2026-01-31T10:36:58.636129,2026-02-01T22:36:58.636129,185.63,Legal Services LLP,1,2,3,settings
418,TICK-2026-00040,Laptop not charging,"My laptop is plugged in but shows 'plugged in, not charging'. The battery percentage stays at 68% and doesn't increase. This has been occurring since a few hours ago. This worked fine before.",hardware,medium,medium,medium,closed,True,0.83,medium,False,Issue resolved by technician,2026-02-18T03:02:58.505414,2026-02-16T14:23:58.505414,2026-02-17T18:23:58.505414,36.65,Tech Innovations Inc.,5,12,0,power
419,TICK-2026-00629,Teams calls dropping frequently,My Microsoft Teams calls keep dropping after a few minutes. The audio cuts out and then I get disconnected. This first noticed yesterday. Please prioritize this.,software,medium,,medium,in_progress,True,0.9,medium,False,,,2026-02-26T10:26:58.559250,2026-02-28T06:26:58.559250,,Financial Services Group,3,8,0,office
420,TICK-2026-00740,No internet connection,I'm connected to the network but have no internet access. Firefox says 'No internet' for all websites. This started earlier today. I'm working at my desk in Building 2.,network,critical,critical,critical,closed,False,,critical,False,Issue resolved by technician,2026-02-03T12:17:10.563677,2026-02-03T05:33:58.563677,2026-02-04T08:33:58.563677,6.72,Research Institute,2,10,0,connectivity
421,TICK-2025-00812,Internet works intermittently,My internet connection works for a few minutes then stops. Have to unplug and replug ethernet cable to fix temporarily. This began happening earlier today. I tried the troubleshooting guide but it didn't help. Employee ID: 63302.,network,medium,,critical,closed,True,0.95,critical,True,Issue resolved by technician,2025-10-11T19:03:34.565822,2025-10-07T07:47:58.565822,2025-10-07T12:47:58.565822,107.26,Financial Services Group,1,13,0,connectivity
422,TICK-2026-01571,Update my contact information,Please update my phone number to +1-555-328-5155 in the system. This began happening yesterday. Multiple colleagues have the same issue.,account,medium,,high,in_progress,True,0.67,high,True,,,2026-02-23T05:13:58.633127,2026-02-23T11:13:58.633127,,Global Retail Solutions,5,11,0,profile
423,TICK-2026-00179,Second monitor not detected,I connected a second monitor to my laptop but macOS doesn't detect it. I've tried the display settings but only shows one monitor. This began happening earlier today. I'm working in the Finance department. I tried the troubleshooting guide but it didn't help.,hardware,low,low,low,waiting_on_customer,True,0.67,low,False,,,2026-02-21T23:48:58.515029,2026-02-23T08:48:58.515029,,Education Foundation,7,8,0,display
424,TICK-2025-00318,Outlook crashes when opening files,PowerPoint crashes every time I try to open a specific file. I've tried repairing Office but the issue continues. This began happening this week. I'm working on an important project. Employee ID: 54148.,software,high,,critical,waiting_on_customer,True,0.66,critical,True,,,2025-11-29T15:37:58.525915,2025-11-29T21:37:58.525915,,Consulting Associates,6,5,0,office
425,TICK-2025-01708,Improvement suggestion,The current dashboard workflow is cumbersome. Could you add the ability to dark mode? This appeared during a presentation. I'm working in the 2nd floor office. This is affecting my productivity.,feature_request,low,low,low,resolved,True,0.68,low,False,Issue resolved by technician,2025-12-01T17:12:22.637188,2025-11-28T08:51:58.637188,2025-11-29T18:51:58.637188,80.34,Manufacturing Corp,2,13,0,enhancement
426,TICK-2026-00205,computer making strange noise,My laptop is making a loud clicking/grinding noise. It started yesterday and seems to be coming from inside the case. I'm worried about data loss. This started earlier today. I'm working at our Dallas location. This is affecting my productivity.,hardware,high,,high,closed,False,,high,False,Issue resolved by technician,2026-01-10T23:12:58.516203,2026-01-10T01:54:58.516203,2026-01-10T04:54:58.516203,21.3,Legal Services LLP,0,9,0,computer
427,TICK-2026-01119,Lost access to MFA device,I lost my phone with the authenticator app. I can't log in without the MFA code. This started after lunch. This worked fine before.,login,critical,,critical,open,False,,critical,False,,,2026-02-10T12:03:58.601654,2026-02-11T17:03:58.601654,,Construction Holdings,1,4,0,mfa
428,TICK-2025-01634,Remove user from system,John Smith has left the company and their account should be deactivated. This has been occurring since before our meeting. I'm working at my desk in Building A. Multiple colleagues have the same issue.,account,high,,high,resolved,True,0.9,high,False,Issue resolved by technician,2025-08-27T05:36:10.635000,2025-08-26T11:31:58.635000,2025-08-27T15:31:58.635000,18.07,Media & Entertainment LLC,1,15,2,deletion
429,TICK-2025-01984,Office supplies needed,My team needs printer paper. How do I order them? This started a few hours ago. I'm working in the IT department.,other,medium,,medium,closed,True,0.77,medium,False,Issue resolved by technician,2025-12-10T10:16:22.645330,2025-12-09T10:28:58.645330,2025-12-11T00:28:58.645330,23.79,Education Foundation,2,12,2,inquiry
430,TICK-2026-00065,Computer shuts down randomly,"My computer shuts down without warning. It happens at random times, sometimes after just 10 minutes of use. This began happening earlier today. I'm working in the 2nd floor office.",hardware,low,low,low,resolved,True,0.91,low,False,Issue resolved by technician,2026-02-25T17:11:46.506955,2026-02-23T10:06:58.506955,2026-02-25T08:06:58.506955,55.08,Global Retail Solutions,6,8,0,power
431,TICK-2025-00030,Water spilled on laptop,I accidentally spilled water on my laptop. I turned it off immediately but now it won't start. This has been occurring since a few hours ago.,hardware,critical,,critical,in_progress,True,0.83,critical,False,,,2025-07-28T03:53:58.504829,2025-07-29T15:53:58.504829,,Education Foundation,1,4,0,damage
432,TICK-2025-01328,MFA code not working,The code from my authenticator app isn't being accepted. I've tried multiple times with fresh codes. Employee ID: 68523.,login,high,high,high,open,False,,high,False,,,2025-10-14T07:58:58.623047,2025-10-16T05:58:58.623047,,Media & Entertainment LLC,13,0,0,mfa
433,TICK-2025-01155,Account locked out,My account is locked after too many login attempts. I was trying different passwords I thought might be correct. This worked fine before.,login,high,,high,resolved,True,0.66,high,False,Issue resolved by technician,2025-11-14T20:33:46.604818,2025-11-14T11:10:58.604818,2025-11-14T16:10:58.604818,9.38,Education Foundation,4,7,1,account_locked
434,TICK-2025-01227,Account disabled,I can't log in and the message says my account has been disabled. I don't know why this happened. This has been occurring since last week. I'm working in meeting room 566.,login,low,low,low,closed,True,0.71,low,False,Issue resolved by technician,2025-08-22T07:58:10.612904,2025-08-19T22:14:58.612904,2025-08-21T22:14:58.612904,57.72,Media & Entertainment LLC,0,12,0,account_locked
435,TICK-2026-00444,Can't install software,I'm trying to install Zoom but the installation fails with error: 0x12DB This began happening yesterday. I'm working while working remotely. This worked fine before.,software,low,,low,resolved,True,0.67,low,False,Issue resolved by technician,2026-01-26T11:30:58.545860,2026-01-18T18:00:58.545860,2026-01-19T11:00:58.545860,185.5,Global Retail Solutions,0,9,0,installation
436,TICK-2026-00883,Can't access specific website,I can't access company portal from my computer. It worked yesterday but now I get a timeout error. This appeared since Monday. I'm working in meeting room 801. I'm working on an important project.,network,medium,,medium,resolved,True,0.96,medium,False,Issue resolved by technician,2026-02-17T19:39:34.572595,2026-02-15T20:38:58.572595,2026-02-16T04:38:58.572595,47.01,Healthcare Partners,29,9,1,connectivity
437,TICK-2026-00307,Software license expired,My Adobe Acrobat license has expired and I can no longer access the software. I need it for my daily work. This appeared yesterday.,software,medium,,low,closed,True,0.91,low,True,Issue resolved by technician,2026-03-01T14:19:34.525030,2026-02-25T21:45:58.525030,2026-02-27T08:45:58.525030,88.56,Construction Holdings,6,2,0,installation
438,TICK-2026-00670,Antivirus blocking application,My antivirus is blocking AutoCAD from running. I've tried adding an exception but it still blocks it. This first noticed just now. I'm working in the ground floor office. I've already restarted 5 times.,software,medium,,medium,closed,True,0.89,medium,False,Issue resolved by technician,2026-02-01T00:47:22.561141,2026-01-30T21:26:58.561141,2026-01-31T03:26:58.561141,27.34,Global Retail Solutions,0,1,0,security
439,TICK-2026-01123,Password expired,I got a message that my password has expired. I need to reset it but the link isn't working. This first noticed earlier today. I'm working from my home office. I've already restarted 5 times.,login,medium,,low,in_progress,True,0.69,low,True,,,2026-02-26T06:39:58.602137,2026-02-26T23:39:58.602137,,Logistics International,1,11,1,password
440,TICK-2026-01136,Can't change my password,I'm trying to update my password as required but the system says my new password doesn't meet requirements. This first noticed last week. I'm working in the 2nd floor office. Employee ID: 74884.,login,medium,,critical,closed,True,0.89,critical,True,Issue resolved by technician,2026-01-25T05:57:46.603227,2026-01-21T15:49:58.603227,2026-01-22T21:49:58.603227,86.13,Construction Holdings,3,11,0,password
441,TICK-2025-01342,Account locked out,My account is locked after too many login attempts. I was trying different passwords I thought might be correct. This started earlier today. Asset tag: IT-2000-B.,login,high,,high,waiting_on_customer,True,0.98,high,False,,,2025-10-07T03:12:58.623951,2025-10-07T15:12:58.623951,,Logistics International,8,5,0,account_locked
442,TICK-2025-00961,New hire needs network share access,I started this week and need to be granted access to the shared folders on the network as part of onboarding. I'm working in meeting room 206.,network,critical,,critical,resolved,False,,critical,False,Issue resolved by technician,2025-08-24T02:47:58.579834,2025-08-23T13:35:58.579834,2025-08-23T23:35:58.579834,13.2,Consulting Associates,3,14,0,lan
443,TICK-2026-01826,Equipment request,I need to request a webcam for my work. What's the process?,other,low,,low,closed,True,0.73,low,False,Issue resolved by user,2026-02-14T18:25:10.640663,2026-02-13T15:23:58.640663,2026-02-14T21:23:58.640663,27.02,Tech Innovations Inc.,3,3,0,inquiry
444,TICK-2026-01840,General inquiry,I have a question about maintenance windows. Can someone please help me understand this better? I'm working in the Marketing department.,other,low,,low,closed,True,0.67,low,False,Issue resolved by technician,2026-01-22T23:10:58.641070,2026-01-21T12:58:58.641070,2026-01-21T12:58:58.641070,34.2,Manufacturing Corp,9,5,0,inquiry
445,TICK-2026-00789,Shared folder permission request,Can you please grant me read access to the projects shared folder? My manager has approved this request.,network,low,,low,open,True,0.71,low,False,,,2026-02-27T06:06:58.565142,2026-02-27T19:06:58.565142,,Manufacturing Corp,0,11,0,lan
446,TICK-2026-00131,Wireless headset not connecting,My wireless headset won't connect to my computer via Bluetooth. It was working fine yesterday. This first noticed a few hours ago. I'm working in the IT department.,hardware,low,low,low,resolved,True,0.95,low,False,Issue resolved by user,2026-02-26T06:35:58.512602,2026-02-19T04:50:58.512602,2026-02-19T15:50:58.512602,169.75,Construction Holdings,5,7,0,peripheral
447,TICK-2026-00153,Computer shuts down randomly,"My computer shuts down without warning. It happens at random times, sometimes after just 10 minutes of use. This started since Monday.",hardware,low,,low,waiting_on_customer,True,0.94,low,False,,,2026-01-23T07:02:58.513802,2026-01-23T16:02:58.513802,,Construction Holdings,1,8,2,power
448,TICK-2026-01869,Office supplies needed,My team needs printer paper. How do I order them? This has been occurring since before our meeting. Employee ID: 10356.,other,low,low,low,waiting_on_customer,False,,low,False,,,2026-02-25T02:56:58.641905,2026-02-26T02:56:58.641905,,Tech Innovations Inc.,4,14,0,inquiry
449,TICK-2026-00045,Paper jam in printer,The printer keeps showing a paper jam error but I've checked and there's no paper stuck. Cleared the tray multiple times. This started last week. I'm working while working remotely. Asset tag: IT-1684-A.,hardware,low,low,low,closed,True,0.79,low,False,Issue resolved by technician,2026-01-14T18:17:10.505675,2026-01-10T16:00:58.505675,2026-01-12T04:00:58.505675,98.27,Education Foundation,1,1,1,printer
450,TICK-2026-00285,Print quality is poor,My printed documents are coming out with streaks and faded areas. I've replaced the cartridge but the problem persists. Please prioritize this. Employee ID: 58404.,hardware,low,,low,closed,True,0.73,low,False,Issue resolved by technician,2026-02-18T20:17:58.523187,2026-02-10T18:38:58.523187,2026-02-10T22:38:58.523187,193.65,Media & Entertainment LLC,2,3,0,printer
451,TICK-2025-00922,VPN won't connect,I'm trying to connect to the company VPN from home but it keeps timing out. I can access the internet fine without VPN. This has been occurring since just now.,network,high,,high,resolved,True,0.77,high,False,Issue resolved by technician,2025-10-15T12:09:10.575673,2025-10-14T11:25:58.575673,2025-10-16T11:25:58.575673,24.72,Manufacturing Corp,1,13,0,vpn
452,TICK-2026-01589,Notification settings not saving,I've disabled email notifications several times but I keep receiving them. This began happening after lunch.,account,low,,medium,resolved,True,0.99,medium,True,Issue resolved by technician,2026-01-29T04:19:10.633684,2026-01-27T08:05:58.633684,2026-01-28T01:05:58.633684,44.22,Research Institute,1,7,0,settings
453,TICK-2026-00430,Outlook crashes when opening files,Teams crashes every time I try to open a specific file. I've tried repairing Office but the issue continues. This has been occurring since yesterday.,software,high,high,high,closed,True,0.91,high,False,Issue resolved by technician,2026-02-18T04:04:58.544727,2026-02-16T13:01:58.544727,2026-02-17T12:01:58.544727,39.05,Construction Holdings,2,11,1,office
454,TICK-2026-00942,Video calls have poor quality,My video calls have terrible quality with constant freezing and audio delay. My internet speed seems fine. This began happening after lunch.,network,medium,,critical,closed,True,0.94,critical,True,Issue resolved by technician,2026-02-07T22:44:46.577471,2026-02-05T20:18:58.577471,2026-02-07T19:18:58.577471,50.43,Legal Services LLP,11,9,1,performance
455,TICK-2025-00206,Mouse cursor jumping around,My mouse cursor keeps jumping to random positions on the screen. I've tried cleaning the sensor but the problem continues. This first noticed before our meeting. I'm working while working remotely.,hardware,low,,low,closed,True,0.74,low,False,Issue resolved by user,2025-12-18T18:09:34.516287,2025-12-12T16:23:58.516287,2025-12-14T08:23:58.516287,145.76,Education Foundation,11,10,1,peripheral
456,TICK-2026-00968,Network extremely slow for everyone,Multiple people in my team are experiencing slow network. File transfers are taking forever.,network,high,high,high,closed,False,,high,False,Issue resolved by technician,2026-02-09T02:18:46.580625,2026-02-08T22:01:58.580625,2026-02-10T19:01:58.580625,4.28,Global Retail Solutions,3,10,0,performance
457,TICK-2026-01628,Remove user from system,Sarah Johnson has left the company and their account should be deactivated. This first noticed since Monday. I'm working in the Marketing department.,account,high,,high,resolved,True,0.74,high,False,Issue resolved by technician,2026-01-23T03:08:22.634824,2026-01-21T23:05:58.634824,2026-01-23T22:05:58.634824,28.04,Consulting Associates,6,15,0,deletion
458,TICK-2025-01592,Notification settings not saving,I've disabled email notifications several times but I keep receiving them. I'm working in the 5th floor office. Employee ID: 87908.,account,low,low,low,resolved,True,0.86,low,False,Issue resolved by technician,2025-12-16T15:01:46.633769,2025-12-12T17:05:58.633769,2025-12-14T17:05:58.633769,93.93,Research Institute,3,15,0,settings
459,TICK-2026-01812,General inquiry,I have a question about maintenance windows. Can someone please help me understand this better? This began happening about an hour ago. I'm working in the Marketing department.,other,low,,low,waiting_on_customer,False,,low,False,,,2026-02-25T05:22:58.640256,2026-02-26T02:22:58.640256,,Research Institute,1,10,0,inquiry
460,TICK-2025-00843,Request access to public share,I need access to the public share folder. I am an intern and I am in training. I tried the troubleshooting guide but it didn't help.,network,low,low,low,closed,True,0.73,low,False,Issue resolved by technician,2025-12-22T03:40:46.569198,2025-12-14T18:35:58.569198,2025-12-15T07:35:58.569198,177.08,Education Foundation,3,5,0,lan
461,TICK-2026-01064,Being redirected to wrong login,"When I try to access CRM, it redirects me to the wrong login page. This appeared a few hours ago.",login,medium,,medium,closed,False,,medium,False,Issue resolved by technician,2026-02-15T02:06:46.595817,2026-02-12T14:13:58.595817,2026-02-12T21:13:58.595817,59.88,Research Institute,6,13,1,sso
462,TICK-2026-01964,Office supplies needed,My team needs printer paper. How do I order them?,other,low,low,low,closed,True,0.77,low,False,Issue resolved by technician,2026-01-24T09:40:46.644755,2026-01-19T00:08:58.644755,2026-01-19T10:08:58.644755,129.53,Research Institute,0,9,0,inquiry
463,TICK-2025-00302,Can't install software,I'm trying to install Adobe Acrobat but the installation fails with error: 0x1A0B This has been occurring since last week.,software,medium,,medium,resolved,True,0.94,medium,False,Issue resolved by user,2025-12-21T20:38:10.524637,2025-12-17T05:00:58.524637,2025-12-19T00:00:58.524637,111.62,Manufacturing Corp,6,4,0,installation
464,TICK-2026-01719,Dashboard customization,I'd like to be able to customize my dashboard to show batch delete. This appeared yesterday afternoon. I'm working in the Sales department.,feature_request,low,,low,closed,True,0.76,low,False,Issue resolved by user,2026-02-08T22:16:58.637513,2026-02-05T20:13:58.637513,2026-02-05T21:13:58.637513,74.05,Healthcare Partners,11,11,0,new_feature
465,TICK-2026-00405,Browser extremely slow,My Chrome has become very slow. Pages take 30+ seconds to load and tabs crash frequently.,software,low,,low,resolved,True,0.69,low,False,Issue resolved by technician,2026-02-21T15:35:22.542348,2026-02-18T02:47:58.542348,2026-02-19T04:47:58.542348,84.79,Legal Services LLP,1,9,0,browser
466,TICK-2025-00147,Wireless headset not connecting,My wireless headset won't connect to my computer via Bluetooth. It was working fine yesterday. This started yesterday. I'm working in the Marketing department.,hardware,low,low,low,closed,True,0.91,low,False,Issue resolved by technician,2025-09-23T14:58:46.513487,2025-09-20T06:29:58.513487,2025-09-20T08:29:58.513487,80.48,Consulting Associates,0,15,0,peripheral
467,TICK-2025-00868,Slow speed when connected to VPN,"When I connect to VPN, my internet becomes extremely slow. Takes minutes to open a simple webpage. This started last night.",network,medium,medium,medium,open,True,0.82,medium,False,,,2025-12-11T17:00:58.571376,2025-12-13T01:00:58.571376,,Media & Entertainment LLC,5,1,0,vpn
468,TICK-2026-00497,Can't download files from browser,"When I try to download files in Safari, nothing happens. The download doesn't start. This started about an hour ago.",software,low,,low,in_progress,True,0.84,low,False,,,2026-02-27T09:18:58.550138,2026-03-01T01:18:58.550138,,Research Institute,0,4,0,browser
469,TICK-2025-00428,Software license expired,My Adobe Acrobat license has expired and I can no longer access the software. I need it for my daily work. I'm working while working remotely.,software,high,,high,closed,True,0.78,high,False,Issue resolved by technician,2025-12-22T22:57:34.544536,2025-12-21T06:50:58.544536,2025-12-23T03:50:58.544536,40.11,Financial Services Group,1,14,0,installation
470,TICK-2025-00701,No internet connection,I'm connected to the network but have no internet access. Firefox says 'No internet' for all websites. This has been occurring since this week. I'm working in the Finance department. This worked fine before.,network,critical,,critical,closed,True,0.97,critical,False,Issue resolved by technician,2025-10-05T04:57:10.562333,2025-10-04T10:16:58.562333,2025-10-05T08:16:58.562333,18.67,Education Foundation,2,15,0,connectivity
471,TICK-2026-01870,Feedback on service,I wanted to provide feedback on my recent support experience. The response was quick and helpful. This has been occurring since before our meeting. I'm working while working remotely.,other,low,,low,resolved,True,0.83,low,False,Issue resolved by technician,2026-02-27T18:32:58.641935,2026-02-21T14:11:58.641935,2026-02-22T03:11:58.641935,148.35,Legal Services LLP,4,7,0,feedback
472,TICK-2026-00237,Dropped external hard drive,I dropped my external hard drive and now my computer doesn't recognize it when I plug it in. I'm working from my home office.,hardware,medium,,medium,resolved,False,,medium,False,Issue resolved by technician,2026-01-13T12:42:58.518677,2026-01-10T11:54:58.518677,2026-01-11T04:54:58.518677,72.8,Construction Holdings,6,5,0,damage
473,TICK-2025-00369,QuickBooks won't open,"When I try to launch QuickBooks, nothing happens. I've tried running as administrator but it still won't open. I'm working from my home office.",software,medium,,medium,waiting_on_customer,True,0.66,medium,False,,,2025-09-21T21:46:58.536295,2025-09-21T23:46:58.536295,,Education Foundation,1,10,0,application
474,TICK-2025-00852,Slow WiFi speed,My WiFi speed is extremely slow. Speedtest shows 10 Mbps download when it should be much faster.,network,medium,,medium,in_progress,True,0.76,medium,False,,,2025-04-14T07:15:58.570039,2025-04-14T12:15:58.570039,,Healthcare Partners,1,4,0,wireless
475,TICK-2026-01248,MFA code not working,The code from my authenticator app isn't being accepted. I've tried multiple times with fresh codes. This started last week.,login,high,,high,closed,True,0.68,high,False,Issue resolved by user,2026-02-18T13:42:34.615837,2026-02-16T20:20:58.615837,2026-02-18T07:20:58.615837,41.36,Research Institute,2,6,0,mfa
476,TICK-2026-01911,Training request,I need training on how to use project management tool. Is there documentation or videos available? This started this morning. This worked fine before.,other,low,low,low,closed,True,0.64,low,False,Issue resolved by user,2026-01-10T12:51:58.643218,2026-01-08T10:51:58.643218,2026-01-09T05:51:58.643218,50.0,Tech Innovations Inc.,11,11,0,inquiry
477,TICK-2026-00003,Wireless headset not connecting,My wireless headset won't connect to my computer via Bluetooth. It was working fine yesterday. This began happening last night.,hardware,low,low,low,in_progress,False,,low,False,,,2026-01-05T23:37:58.503060,2026-01-07T13:37:58.503060,,Construction Holdings,0,1,0,peripheral
478,TICK-2026-01577,Need additional permissions,I need edit permissions for the project management to do my job. Currently I only have view access. This appeared earlier today.,account,medium,,high,closed,True,0.96,high,True,Issue resolved by technician,2026-02-02T22:15:22.633307,2026-02-02T08:00:58.633307,2026-02-04T06:00:58.633307,14.24,Consulting Associates,3,10,0,permissions
479,TICK-2025-01358,Password not working,My password stopped working. I'm sure I'm typing it correctly but it says invalid credentials. This has been occurring since about an hour ago.,login,high,,high,closed,False,,high,False,Issue resolved by technician,2025-12-13T22:12:10.624842,2025-12-13T11:55:58.624842,2025-12-15T02:55:58.624842,10.27,Education Foundation,4,15,0,password
480,TICK-2026-01587,Update my contact information,Please update my phone number to +1-555-947-1763 in the system.,account,low,,low,closed,True,0.67,low,False,Issue resolved by technician,2026-02-23T13:56:34.633628,2026-02-17T07:37:58.633628,2026-02-19T03:37:58.633628,150.31,Logistics International,6,12,1,profile
481,TICK-2026-01919,General inquiry,I have a question about service levels. Can someone please help me understand this better? This first noticed yesterday. This worked fine before. Employee ID: 19677.,other,low,,low,resolved,True,0.7,low,False,Issue resolved by technician,2026-02-22T20:52:22.643461,2026-02-15T01:04:58.643461,2026-02-16T02:04:58.643461,187.79,Manufacturing Corp,4,15,0,inquiry
482,TICK-2026-01246,Can't change my password,I'm trying to update my password as required but the system says my new password doesn't meet requirements. This appeared yesterday afternoon. I'm working in the IT department.,login,medium,,medium,waiting_on_customer,True,0.94,medium,False,,,2026-01-10T14:35:58.615601,2026-01-11T14:35:58.615601,,Legal Services LLP,0,2,0,password
483,TICK-2026-01590,Need to update my email address,I recently got married and need to change my email address from john@oldcompany.com to john@newcompany.com. This first noticed just now. This worked fine before. Employee ID: 61220.,account,low,,low,in_progress,True,0.68,low,False,,,2026-01-03T05:12:58.633715,2026-01-04T11:12:58.633715,,Construction Holdings,7,9,0,profile
484,TICK-2025-01679,Remove user from system,Emily Davis has left the company and their account should be deactivated. This started during a presentation. Employee ID: 50027.,account,high,high,high,in_progress,True,0.71,high,False,,,2025-12-31T14:45:58.636300,2025-12-31T21:45:58.636300,,Financial Services Group,4,10,0,deletion
485,TICK-2026-00452,Adobe Acrobat won't open,"When I try to launch Zoom, nothing happens. I've tried running as administrator but it still won't open. This began happening this morning. I'm working in the Engineering department. I tried the troubleshooting guide but it didn't help. Employee ID: 47739.",software,medium,,medium,resolved,True,0.93,medium,False,Issue resolved by technician,2026-02-23T04:46:46.546498,2026-02-22T18:20:58.546498,2026-02-23T21:20:58.546498,10.43,Global Retail Solutions,2,15,0,application
486,TICK-2026-00089,Second monitor not detected,I connected a second monitor to my laptop but Windows doesn't detect it. I've tried the display settings but only shows one monitor.,hardware,low,,low,resolved,True,0.82,low,False,Issue resolved by user,2026-02-24T17:03:34.509012,2026-02-18T10:53:58.509012,2026-02-20T03:53:58.509012,150.16,Healthcare Partners,4,11,0,display
487,TICK-2025-01250,Account disabled,I can't log in and the message says my account has been disabled. I don't know why this happened.,login,critical,critical,medium,resolved,True,0.81,medium,True,Issue resolved by technician,2025-10-28T10:16:10.616108,2025-10-28T03:35:58.616108,2025-10-30T02:35:58.616108,6.67,Media & Entertainment LLC,11,15,0,account_locked
488,TICK-2026-01018,Network extremely slow for everyone,Multiple people in my team are experiencing slow network. File transfers are taking forever. This appeared just now. I'm working from my home office. Employee ID: 15975.,network,high,,high,in_progress,True,0.77,high,False,,,2026-02-07T00:23:58.588362,2026-02-07T11:23:58.588362,,Media & Entertainment LLC,5,13,0,performance
489,TICK-2025-00172,Second monitor not detected,I connected a second monitor to my laptop but macOS doesn't detect it. I've tried the display settings but only shows one monitor. This began happening before our meeting. This is affecting my productivity.,hardware,low,,low,resolved,True,0.73,low,False,Issue resolved by user,2025-12-22T09:09:10.514718,2025-12-20T09:43:58.514718,2025-12-21T22:43:58.514718,47.42,Logistics International,4,10,1,display
490,TICK-2026-01439,Need to upgrade subscription,I need to upgrade my subscription from Basic to Premium. Please advise on the process and pricing. I'm working in the IT department.,billing,medium,medium,medium,open,False,,medium,False,,,2026-02-25T02:36:58.628758,2026-02-25T19:36:58.628758,,Research Institute,1,9,0,subscription
491,TICK-2025-01463,Need to update payment method,I need to update my credit card on file as it's expiring soon. How do I do this? This appeared about an hour ago.,billing,high,high,high,closed,True,0.79,high,False,Issue resolved by user,2025-11-17T09:46:22.629656,2025-11-17T01:01:58.629656,2025-11-17T05:01:58.629656,8.74,Construction Holdings,3,10,0,payment
492,TICK-2026-01904,Equipment request,I need to request a second monitor for my work. What's the process? This appeared since Monday. My ticket reference is REF-53190.,other,low,,critical,closed,True,0.97,critical,True,Issue resolved by user,2026-02-28T10:58:34.643020,2026-02-22T02:48:58.643020,2026-02-22T08:48:58.643020,152.16,Healthcare Partners,2,10,1,inquiry
493,TICK-2025-00388,Application freezing randomly,AutoCAD freezes randomly during use. I have to force close it and lose my unsaved work. This first noticed about an hour ago. I'm working in the ground floor office. I've already restarted 3 times.,software,medium,medium,medium,resolved,True,0.65,medium,False,Issue resolved by user,2025-11-01T10:39:10.540359,2025-10-28T10:40:58.540359,2025-10-29T18:40:58.540359,95.97,Research Institute,0,8,1,application
494,TICK-2025-00325,Need software installed,I need QuickBooks installed on my computer for a new project. I don't have admin rights to install it myself. This first noticed this morning. I'm working in the HR department.,software,low,,low,closed,True,0.78,low,False,Issue resolved by technician,2025-12-23T14:34:10.530646,2025-12-20T17:20:58.530646,2025-12-21T16:20:58.530646,69.22,Global Retail Solutions,2,2,0,installation
495,TICK-2025-00906,Internet works intermittently,My internet connection works for a few minutes then stops. Have to unplug and replug ethernet cable to fix temporarily. This worked fine before.,network,low,,low,closed,True,0.71,low,False,Issue resolved by technician,2025-12-25T04:43:10.574411,2025-12-21T01:35:58.574411,2025-12-22T19:35:58.574411,99.12,Research Institute,0,6,0,connectivity
496,TICK-2026-00845,Slow WiFi speed,My WiFi speed is extremely slow. Speedtest shows 9 Mbps download when it should be much faster. This began happening after lunch. I'm working while working remotely. Please prioritize this.,network,high,,high,waiting_on_customer,False,,high,False,,,2026-01-02T19:21:58.569397,2026-01-03T22:21:58.569397,,Manufacturing Corp,0,11,0,wireless
497,TICK-2026-00798,Need access to team shared drive,I've just joined the documents team and need access to the shared network drive to do my job. This began happening since Monday. I'm working from my home office.,network,high,,high,waiting_on_customer,True,0.71,high,False,,,2026-02-24T08:40:58.565402,2026-02-25T15:40:58.565402,,Media & Entertainment LLC,0,13,0,lan
498,TICK-2025-01175,New employee needs account,A new team member Sarah Johnson started today and needs their accounts set up. Email: newuser96@company.com This began happening just now.,login,medium,,medium,closed,True,0.99,medium,False,Issue resolved by technician,2025-12-12T12:41:34.606312,2025-12-08T00:55:58.606312,2025-12-08T23:55:58.606312,107.76,Healthcare Partners,3,13,0,access
499,TICK-2026-01096,Access removed incorrectly,My access to CRM was removed but I still need it for my work. This might have been done in error. I'm working in meeting room 723.,login,medium,,medium,closed,True,0.84,medium,False,Issue resolved by user,2026-01-29T11:29:10.599288,2026-01-24T22:45:58.599288,2026-01-25T02:45:58.599288,108.72,Financial Services Group,9,14,0,access
500,TICK-2026-00743,VPN connection drops frequently,My VPN connection drops every 15-20 minutes. I have to reconnect which interrupts my work. This started after lunch.,network,medium,medium,medium,closed,True,0.72,medium,False,Issue resolved by technician,2026-02-23T03:53:10.563768,2026-02-18T05:21:58.563768,2026-02-19T04:21:58.563768,118.52,Global Retail Solutions,9,11,0,vpn
501,TICK-2026-01454,Invoice not received,I haven't received my invoice for August. Can you please resend it to my email? This has been occurring since earlier today. Asset tag: IT-3302-A.,billing,low,low,low,in_progress,True,0.55,low,False,,,2026-02-26T17:12:58.629334,2026-02-27T00:12:58.629334,,Financial Services Group,1,14,0,invoice
502,TICK-2025-01478,Charged twice this month,I was charged twice for my hosting subscription this month. Please refund the duplicate charge. I'm working while working remotely. Please prioritize this.,billing,high,,high,resolved,True,0.67,high,False,Issue resolved by user,2025-12-19T07:23:34.630149,2025-12-18T06:49:58.630149,2025-12-19T18:49:58.630149,24.56,Construction Holdings,4,9,1,dispute
503,TICK-2025-01066,Password not working,My password stopped working. I'm sure I'm typing it correctly but it says invalid credentials. This appeared just now.,login,high,,high,resolved,False,,high,False,Issue resolved by technician,2025-12-16T19:02:34.596047,2025-12-16T06:28:58.596047,2025-12-17T17:28:58.596047,12.56,Global Retail Solutions,0,12,0,password
504,TICK-2025-01353,New employee needs account,A new team member John Smith started today and needs their accounts set up. Email: newuser87@company.com I'm working in the ground floor office. Employee ID: 55912.,login,high,,high,closed,True,0.94,high,False,Issue resolved by technician,2025-09-02T21:15:10.624571,2025-09-02T01:22:58.624571,2025-09-03T23:22:58.624571,19.87,Education Foundation,5,3,0,access
505,TICK-2026-00246,Print quality is poor,My printed documents are coming out with streaks and faded areas. I've replaced the cartridge but the problem persists. This began happening since Monday.,hardware,low,,low,open,True,0.87,low,False,,,2026-02-26T18:38:58.519577,2026-02-27T23:38:58.519577,,Healthcare Partners,13,11,0,printer
506,TICK-2026-01612,Request account deletion,Please delete my account and all associated data as per GDPR requirements. This appeared last night.,account,high,,high,resolved,True,0.93,high,False,Issue resolved by technician,2026-01-13T13:55:58.634366,2026-01-12T04:58:58.634366,2026-01-14T04:58:58.634366,32.95,Global Retail Solutions,3,12,0,deletion
507,TICK-2026-00073,Cracked laptop screen,I accidentally dropped my laptop and now the screen is cracked. There are lines across the display and part of it is black. I'm working in the Engineering department.,hardware,high,,high,closed,True,0.94,high,False,Issue resolved by user,2026-02-05T11:23:46.507645,2026-02-04T01:09:58.507645,2026-02-05T20:09:58.507645,34.23,Global Retail Solutions,2,11,0,damage
508,TICK-2026-00250,Screen flickering constantly,My monitor screen keeps flickering every few seconds. It's giving me headaches and making it impossible to work. This began happening yesterday.,hardware,low,,low,resolved,True,0.86,low,False,Issue resolved by technician,2026-02-23T12:05:46.519994,2026-02-14T02:39:58.519994,2026-02-15T16:39:58.519994,225.43,Media & Entertainment LLC,7,15,3,display
509,TICK-2026-00533,System running slow after update,"Ever since the last Windows 10 update, my computer has been extremely slow. Applications take minutes to load. I'm working in the IT department. Asset tag: IT-8589-D.",software,medium,,medium,waiting_on_customer,True,0.76,medium,False,,,2026-01-14T18:11:58.552935,2026-01-15T05:11:58.552935,,Financial Services Group,5,15,0,os
510,TICK-2026-01479,Invoice not received,I haven't received my invoice for November. Can you please resend it to my email? This started this week. I'm working in the Engineering department.,billing,low,,low,resolved,True,0.81,low,False,Issue resolved by technician,2026-01-19T16:15:58.630180,2026-01-18T00:45:58.630180,2026-01-18T19:45:58.630180,39.5,Education Foundation,0,5,0,invoice
511,TICK-2026-01028,Request access to public share,I need access to the public share folder. I am an intern and I am in training. This started about an hour ago.,network,medium,,medium,resolved,True,0.85,medium,False,Issue resolved by technician,2026-01-27T20:25:58.589549,2026-01-24T13:07:58.589549,2026-01-24T16:07:58.589549,79.3,Media & Entertainment LLC,0,15,0,lan
512,TICK-2025-01602,Need to update my email address,I recently got married and need to change my email address from john@oldcompany.com to jane@newcompany.com. This started since yesterday. I'm working in the Operations department. Employee ID: 73271.,account,low,low,low,closed,True,0.7,low,False,Issue resolved by technician,2025-12-16T15:58:46.634062,2025-12-13T21:26:58.634062,2025-12-15T06:26:58.634062,66.53,Tech Innovations Inc.,2,13,0,profile
513,TICK-2026-00844,Request access to public share,I need access to the public share folder. I am an intern and I am in training. This appeared during a presentation.,network,medium,,medium,closed,True,0.68,medium,False,Issue resolved by technician,2026-02-06T09:01:10.569291,2026-02-03T00:23:58.569291,2026-02-04T01:23:58.569291,80.62,Global Retail Solutions,1,4,0,lan
514,TICK-2026-01773,Bulk action needed,Please add the ability to tag multiple items at once in the mobile app. Multiple colleagues have the same issue. Employee ID: 86522.,feature_request,medium,medium,medium,waiting_on_customer,True,0.91,medium,False,,,2026-01-24T20:45:58.639095,2026-01-26T01:45:58.639095,,Healthcare Partners,8,13,1,enhancement
515,TICK-2025-00994,Shared folder permission request,Can you please grant me read access to the team shared folder? My manager has approved this request. This appeared this morning. Employee ID: 13273.,network,low,,low,closed,True,0.81,low,False,Issue resolved by technician,2025-12-20T03:02:46.584141,2025-12-11T12:33:58.584141,2025-12-12T19:33:58.584141,206.48,Education Foundation,8,6,0,lan
516,TICK-2026-00984,Internet works intermittently,My internet connection works for a few minutes then stops. Have to unplug and replug ethernet cable to fix temporarily. This appeared just now.,network,high,,high,resolved,True,0.68,high,False,Issue resolved by user,2026-02-06T20:59:34.582058,2026-02-04T23:34:58.582058,2026-02-05T22:34:58.582058,45.41,Global Retail Solutions,0,8,0,connectivity
517,TICK-2025-00070,Mouse cursor jumping around,My mouse cursor keeps jumping to random positions on the screen. I've tried cleaning the sensor but the problem continues. Employee ID: 70036.,hardware,low,,low,closed,False,,low,False,Issue resolved by user,2025-08-06T11:28:34.507391,2025-08-01T05:06:58.507391,2025-08-02T02:06:58.507391,126.36,Construction Holdings,0,3,0,peripheral
518,TICK-2025-00203,My computer won't turn on,I tried to power on my desktop this morning but nothing happens. The power light doesn't come on and there's no response when I press the power button. I've checked the power cable and it seems connected properly.,hardware,high,,high,closed,True,0.78,high,False,Issue resolved by user,2025-11-03T09:53:34.516120,2025-11-02T16:10:58.516120,2025-11-03T01:10:58.516120,17.71,Healthcare Partners,8,14,0,computer
519,TICK-2025-00151,Computer shuts down randomly,"My computer shuts down without warning. It happens at random times, sometimes after just 10 minutes of use.",hardware,high,high,high,resolved,True,0.71,high,False,Issue resolved by user,2025-12-11T18:36:46.513691,2025-12-11T14:19:58.513691,2025-12-12T02:19:58.513691,4.28,Research Institute,18,5,0,power
520,TICK-2026-00298,Keyboard not working,My keyboard stopped working suddenly. Some keys don't respond at all while others type random characters. I'm working while working remotely.,hardware,medium,,medium,in_progress,True,0.65,medium,False,,,2026-02-25T06:47:58.524270,2026-02-27T00:47:58.524270,,Construction Holdings,2,10,0,peripheral
521,TICK-2025-01993,Equipment request,I need to request a docking station for my work. What's the process? Employee ID: 61962.,other,critical,critical,high,resolved,True,0.79,high,True,Issue resolved by technician,2025-10-12T08:47:58.645598,2025-10-11T18:05:58.645598,2025-10-13T02:05:58.645598,14.7,Logistics International,6,14,0,inquiry
522,TICK-2026-00582,Visual Studio showing error on startup,"Every time I open Photoshop, I get an error message: 'Access denied'. The application still opens but I'm worried. This first noticed yesterday afternoon.",software,low,low,low,closed,True,0.85,low,False,Issue resolved by user,2026-02-16T15:01:58.556555,2026-02-13T15:43:58.556555,2026-02-14T17:43:58.556555,71.3,Tech Innovations Inc.,1,11,0,application
523,TICK-2026-00279,Monitor not displaying image,My monitor shows 'No Signal' even though my computer is on. I've tried different cables but the same issue occurs. I'm working in the 4th floor office. This is affecting my productivity.,hardware,medium,,medium,closed,False,,medium,False,Issue resolved by technician,2026-02-06T08:25:22.522668,2026-02-01T18:31:58.522668,2026-02-03T01:31:58.522668,109.89,Legal Services LLP,1,2,0,display
524,TICK-2026-01069,Password expired,I got a message that my password has expired. I need to reset it but the link isn't working. This began happening after lunch. I'm working in the IT department.,login,high,,high,resolved,True,0.67,high,False,Issue resolved by technician,2026-01-12T16:32:34.596487,2026-01-11T16:37:58.596487,2026-01-12T09:37:58.596487,23.91,Legal Services LLP,1,5,0,password
525,TICK-2026-01688,Integration request,We need dashboard to integrate with Salesforce. Is this possible? This has been occurring since since Monday.,feature_request,critical,,critical,closed,True,0.92,critical,False,Issue resolved by technician,2026-02-24T17:56:46.636590,2026-02-23T21:21:58.636590,2026-02-25T21:21:58.636590,20.58,Education Foundation,1,2,0,integration
526,TICK-2026-01881,How do I change settings?,I'm not sure how to add team members in the system. Could you provide instructions? This began happening since yesterday.,other,low,,low,waiting_on_customer,True,0.83,low,False,,,2026-01-15T10:51:58.642251,2026-01-16T00:51:58.642251,,Global Retail Solutions,0,5,0,inquiry
527,TICK-2026-01506,Charged twice this month,I was charged twice for my premium support subscription this month. Please refund the duplicate charge. This first noticed yesterday afternoon. I'm working at my desk in Building 2. Employee ID: 56333.,billing,high,high,high,closed,True,0.6,high,False,Issue resolved by user,2026-02-16T07:50:22.631048,2026-02-14T20:20:58.631048,2026-02-16T08:20:58.631048,35.49,Logistics International,3,1,0,dispute
528,TICK-2026-00882,Can't access specific website,I can't access project management tool from my computer. It worked yesterday but now I get a timeout error. This began happening yesterday.,network,medium,medium,medium,resolved,True,0.83,medium,False,Issue resolved by technician,2026-02-17T03:14:46.572509,2026-02-13T11:54:58.572509,2026-02-14T17:54:58.572509,87.33,Research Institute,13,13,0,connectivity
529,TICK-2025-01946,Training request,I need training on how to use expense system. Is there documentation or videos available? This began happening just now. I'm working in meeting room 181.,other,low,,low,waiting_on_customer,False,,low,False,,,2025-12-19T01:33:58.644245,2025-12-20T09:33:58.644245,,Media & Entertainment LLC,6,2,0,inquiry
530,TICK-2026-00908,Network extremely slow for everyone,Multiple people in my team are experiencing slow network. File transfers are taking forever. This first noticed earlier today.,network,high,,high,closed,True,0.69,high,False,Issue resolved by user,2026-02-14T13:32:34.574565,2026-02-13T10:55:58.574565,2026-02-14T02:55:58.574565,26.61,Consulting Associates,9,7,0,performance
531,TICK-2025-01120,Account disabled,I can't log in and the message says my account has been disabled. I don't know why this happened. This first noticed since yesterday. I'm working while working remotely.,login,medium,,medium,in_progress,True,0.69,medium,False,,,2025-12-03T17:11:58.601744,2025-12-03T18:11:58.601744,,Global Retail Solutions,1,6,0,account_locked
532,TICK-2026-00772,Can't access specific website,I can't access project management tool from my computer. It worked yesterday but now I get a timeout error. This began happening yesterday. Multiple colleagues have the same issue.,network,medium,medium,critical,closed,True,0.87,critical,True,Issue resolved by technician,2026-01-05T08:30:46.564633,2026-01-04T03:10:58.564633,2026-01-04T08:10:58.564633,29.33,Logistics International,1,12,0,connectivity
533,TICK-2026-01660,Update my contact information,Please update my phone number to +1-555-377-2689 in the system. This appeared just now. I'm working at my desk in Building C.,account,low,low,low,open,True,0.82,low,False,,,2026-01-11T02:35:58.635751,2026-01-13T02:35:58.635751,,Media & Entertainment LLC,6,1,0,profile
534,TICK-2026-00672,Computer infected with virus,"I think my computer has a virus. It's running slow, showing popups, and my homepage changed without my doing. Please prioritize this.",software,critical,,critical,resolved,False,,critical,False,Issue resolved by technician,2026-01-22T05:43:46.561222,2026-01-22T03:11:58.561222,2026-01-23T18:11:58.561222,2.53,Healthcare Partners,1,12,0,security
535,TICK-2026-01315,Forgot my password,I forgot my password and can't log in. I've tried the reset option but haven't received the email.,login,critical,critical,critical,resolved,True,0.98,critical,False,Issue resolved by user,2026-01-29T20:26:46.622174,2026-01-29T10:15:58.622174,2026-01-30T06:15:58.622174,10.18,Research Institute,2,2,0,password
536,TICK-2026-01536,Update my contact information,Please update my phone number to +1-555-462-4901 in the system. This started a few hours ago.,account,low,,low,closed,True,0.81,low,False,Issue resolved by user,2026-01-23T18:26:58.631970,2026-01-15T14:20:58.631970,2026-01-16T14:20:58.631970,196.1,Healthcare Partners,6,9,0,profile
537,TICK-2025-00764,Request access to public share,I need access to the public share folder. I am an intern and I am in training. This began happening last week.,network,low,,low,resolved,True,0.67,low,False,Issue resolved by user,2025-12-13T21:28:10.564385,2025-12-04T18:35:58.564385,2025-12-06T01:35:58.564385,218.87,Manufacturing Corp,8,1,0,lan
538,TICK-2025-01239,SSO login not working,"When I try to log in with my company credentials, I get an error: 'Authentication failed'. This first noticed during a presentation. I'm working on an important project.",login,high,,high,resolved,True,0.84,high,False,Issue resolved by technician,2025-12-16T19:37:10.614734,2025-12-16T14:56:58.614734,2025-12-17T23:56:58.614734,4.67,Manufacturing Corp,0,3,0,sso
539,TICK-2026-00988,WiFi keeps disconnecting,My WiFi connection drops every few minutes. I have to turn WiFi off and on to reconnect temporarily. This began happening yesterday.,network,medium,,medium,closed,True,0.95,medium,False,Issue resolved by technician,2026-01-22T07:42:10.582387,2026-01-20T20:25:58.582387,2026-01-22T12:25:58.582387,35.27,Manufacturing Corp,2,2,0,wireless
540,TICK-2025-01771,Improvement suggestion,The current mobile app workflow is cumbersome. Could you add the ability to custom notifications?,feature_request,high,high,high,resolved,True,0.83,high,False,Issue resolved by technician,2025-12-16T16:49:22.639037,2025-12-14T22:19:58.639037,2025-12-16T02:19:58.639037,42.49,Manufacturing Corp,2,13,0,enhancement
541,TICK-2025-00817,Can't connect to WiFi,My laptop won't connect to the office WiFi. It sees the network but when I try to connect it says 'Can't connect to this network'. This appeared since yesterday. Employee ID: 13856.,network,high,,high,waiting_on_customer,True,0.88,high,False,,,2025-10-31T01:15:58.566339,2025-11-01T04:15:58.566339,,Financial Services Group,2,11,0,wireless
542,TICK-2026-00157,Printer not printing,"When I try to print, the job gets stuck in the queue. The printer shows as online but nothing comes out. This first noticed just now. I'm working in the 3rd floor office. This worked fine before. Employee ID: 14076.",hardware,medium,,medium,resolved,True,0.79,medium,False,Issue resolved by user,2026-02-16T01:43:22.514022,2026-02-14T01:40:58.514022,2026-02-15T17:40:58.514022,48.04,Media & Entertainment LLC,1,1,0,printer
543,TICK-2026-01863,Feedback on service,I wanted to provide feedback on my recent support experience. The response was quick and helpful. This has been occurring since last night.,other,low,,low,in_progress,False,,low,False,,,2026-01-08T08:11:58.641727,2026-01-09T03:11:58.641727,,Global Retail Solutions,4,6,0,feedback
544,TICK-2026-00940,Slow speed when connected to VPN,"When I connect to VPN, my internet becomes extremely slow. Takes minutes to open a simple webpage. This first noticed since Monday. Employee ID: 27315.",network,medium,,medium,closed,False,,medium,False,Issue resolved by technician,2026-02-16T04:45:10.577214,2026-02-13T10:07:58.577214,2026-02-14T05:07:58.577214,66.62,Education Foundation,1,14,0,vpn
545,TICK-2025-00121,Computer running extremely slow,My laptop has become incredibly slow over the past week. Applications take forever to open and the system freezes frequently. I've tried restarting but the issue persists. This has been occurring since last week. Employee ID: 11990.,hardware,medium,medium,medium,resolved,True,0.86,medium,False,Issue resolved by technician,2025-12-23T02:41:58.512099,2025-12-20T22:29:58.512099,2025-12-22T16:29:58.512099,52.2,Construction Holdings,8,10,0,computer
546,TICK-2025-01885,Feedback on service,I wanted to provide feedback on my recent support experience. The response was quick and helpful.,other,low,low,low,resolved,True,0.92,low,False,Issue resolved by technician,2025-12-12T20:12:46.642363,2025-12-11T00:58:58.642363,2025-12-11T07:58:58.642363,43.23,Education Foundation,1,1,2,feedback
547,TICK-2026-00777,Internet works intermittently,My internet connection works for a few minutes then stops. Have to unplug and replug ethernet cable to fix temporarily. This appeared since yesterday. I'm working while working remotely. Multiple colleagues have the same issue.,network,low,,low,closed,True,0.77,low,False,Issue resolved by technician,2026-01-13T09:41:34.564781,2026-01-08T22:01:58.564781,2026-01-10T13:01:58.564781,107.66,Consulting Associates,2,5,0,connectivity
548,TICK-2026-00289,My laptop won't turn on,I tried to power on my laptop this morning but nothing happens. The power light doesn't come on and there's no response when I press the power button. I've checked the power cable and it seems connected properly.,hardware,medium,medium,medium,in_progress,True,0.72,medium,False,,,2026-01-13T15:20:58.523519,2026-01-14T17:20:58.523519,,Financial Services Group,1,6,0,computer
549,TICK-2025-00060,computer making strange noise,My laptop is making a loud clicking/grinding noise. It started yesterday and seems to be coming from inside the case. I'm worried about data loss. Employee ID: 27793.,hardware,high,high,high,closed,True,0.67,high,False,Issue resolved by technician,2025-12-31T21:47:10.506435,2025-12-30T00:57:58.506435,2025-12-30T22:57:58.506435,44.82,Tech Innovations Inc.,4,2,2,computer
550,TICK-2025-01878,Conference room booking issue,I'm having trouble booking conference room A101 for my meeting tomorrow. I'm working in the 4th floor office. Multiple colleagues have the same issue.,other,high,,high,closed,True,0.78,high,False,Issue resolved by technician,2025-11-24T02:37:34.642169,2025-11-22T13:54:58.642169,2025-11-22T22:54:58.642169,36.71,Global Retail Solutions,0,6,1,general
551,TICK-2025-00691,Windows 10 won't boot,"After a restart, Windows 10 won't boot. It gets stuck on the loading screen and never progresses to the login. This appeared since yesterday.",software,critical,,critical,closed,True,0.82,critical,False,Issue resolved by technician,2025-12-27T14:42:34.561994,2025-12-27T04:50:58.561994,2025-12-27T20:50:58.561994,9.86,Financial Services Group,1,10,2,os
552,TICK-2026-00175,Computer shuts down randomly,"My computer shuts down without warning. It happens at random times, sometimes after just 10 minutes of use.",hardware,high,high,high,closed,True,0.88,high,False,Issue resolved by user,2026-02-17T21:59:46.514850,2026-02-16T11:18:58.514850,2026-02-17T00:18:58.514850,34.68,Education Foundation,24,11,0,power
553,TICK-2026-00076,Keyboard not working,My keyboard stopped working suddenly. Some keys don't respond at all while others type random characters. This appeared after lunch. This is affecting my productivity.,hardware,high,high,high,resolved,True,0.82,high,False,Issue resolved by technician,2026-02-14T07:18:22.507905,2026-02-13T01:21:58.507905,2026-02-13T10:21:58.507905,29.94,Logistics International,2,11,0,peripheral
554,TICK-2025-01534,Remove user from system,John Smith has left the company and their account should be deactivated. This has been occurring since about an hour ago.,account,high,,high,resolved,True,0.67,high,False,Issue resolved by technician,2025-11-30T18:52:22.631915,2025-11-29T16:46:58.631915,2025-12-01T00:46:58.631915,26.09,Logistics International,3,13,0,deletion
555,TICK-2026-00150,Dropped external hard drive,I dropped my external hard drive and now my computer doesn't recognize it when I plug it in. This appeared during a presentation.,hardware,high,high,low,open,True,0.9,low,True,,,2026-02-11T02:26:58.513646,2026-02-12T14:26:58.513646,,Construction Holdings,0,0,0,damage
556,TICK-2026-00551,Can't install software,I'm trying to install Photoshop but the installation fails with error: 0x1391 This has been occurring since before our meeting. I'm working in the Operations department. I have a deadline today.,software,medium,medium,low,resolved,False,,low,True,Issue resolved by technician,2026-01-28T03:12:58.554423,2026-01-27T18:18:58.554423,2026-01-29T09:18:58.554423,8.9,Healthcare Partners,5,8,0,installation
557,TICK-2025-00900,Video calls have poor quality,My video calls have terrible quality with constant freezing and audio delay. My internet speed seems fine. This appeared this week.,network,medium,,medium,waiting_on_customer,True,0.78,medium,False,,,2025-12-25T11:15:58.573919,2025-12-27T01:15:58.573919,,Financial Services Group,1,13,0,performance
558,TICK-2025-01095,Password expired,I got a message that my password has expired. I need to reset it but the link isn't working. This first noticed a few hours ago.,login,high,,high,resolved,True,0.95,high,False,Issue resolved by technician,2025-11-30T04:15:46.599202,2025-11-28T12:16:58.599202,2025-11-28T15:16:58.599202,39.98,Construction Holdings,3,2,0,password
559,TICK-2025-01728,Request for new feature,It would be great if the dashboard could auto-save. This would save our team a lot of time. This has been occurring since this morning. Employee ID: 30885.,feature_request,low,,low,resolved,False,,low,False,Issue resolved by user,2025-12-13T02:45:58.637775,2025-12-05T22:30:58.637775,2025-12-07T06:30:58.637775,172.25,Consulting Associates,1,1,0,new_feature
560,TICK-2025-00454,Application freezing randomly,Slack freezes randomly during use. I have to force close it and lose my unsaved work. This first noticed last week. I'm working from my home office. This worked fine before.,software,medium,medium,medium,resolved,True,0.8,medium,False,Issue resolved by technician,2025-10-12T17:50:10.546708,2025-10-10T16:27:58.546708,2025-10-10T20:27:58.546708,49.37,Research Institute,3,14,0,application
561,TICK-2025-01866,Equipment request,I need to request a second monitor for my work. What's the process? This began happening after lunch.,other,low,,low,resolved,True,0.55,low,False,Issue resolved by technician,2025-12-23T18:12:22.641812,2025-12-22T06:33:58.641812,2025-12-22T15:33:58.641812,35.64,Manufacturing Corp,18,4,0,inquiry
562,TICK-2025-00650,Antivirus blocking application,My antivirus is blocking QuickBooks from running. I've tried adding an exception but it still blocks it. This has been occurring since last week.,software,medium,,medium,resolved,True,0.78,medium,False,Issue resolved by user,2026-01-05T06:26:22.560277,2025-12-31T12:02:58.560277,2026-01-01T07:02:58.560277,114.39,Financial Services Group,1,0,0,security
563,TICK-2025-00546,Need software installed,I need QuickBooks installed on my computer for a new project. I don't have admin rights to install it myself. This has been occurring since since yesterday. I'm working in meeting room 402.,software,low,,low,resolved,True,0.67,low,False,Issue resolved by technician,2025-12-03T12:35:46.554046,2025-11-28T11:24:58.554046,2025-11-30T04:24:58.554046,121.18,Logistics International,14,6,0,installation
564,TICK-2026-00245,Second monitor not detected,I connected a second monitor to my laptop but Windows doesn't detect it. I've tried the display settings but only shows one monitor. This first noticed after lunch. I'm working from my home office. I tried the troubleshooting guide but it didn't help.,hardware,low,,low,resolved,True,0.95,low,False,Issue resolved by user,2026-02-11T06:29:58.519480,2026-02-02T14:41:58.519480,2026-02-02T21:41:58.519480,207.8,Financial Services Group,1,15,0,display
565,TICK-2026-00508,Suspicious popup messages,I keep getting popup messages even when no browser is open. They ask me to call a number for support. I'm working in the 5th floor office. Employee ID: 37237.,software,medium,medium,medium,resolved,False,,medium,False,Issue resolved by technician,2026-02-10T15:22:10.550999,2026-02-08T18:53:58.550999,2026-02-10T01:53:58.550999,44.47,Financial Services Group,1,6,0,security
566,TICK-2026-01709,Request for new feature,It would be great if the portal could export to Excel. This would save our team a lot of time. This started last night. I'm working in the 5th floor office.,feature_request,low,,low,open,True,0.98,low,False,,,2026-01-02T18:34:58.637217,2026-01-03T12:34:58.637217,,Construction Holdings,0,11,0,new_feature
567,TICK-2026-01356,Being redirected to wrong login,"When I try to access project management system, it redirects me to the wrong login page.",login,medium,,medium,closed,False,,medium,False,Issue resolved by technician,2026-01-07T21:39:46.624733,2026-01-05T18:16:58.624733,2026-01-07T13:16:58.624733,51.38,Education Foundation,4,8,0,sso
568,TICK-2025-00486,Application freezing randomly,Visual Studio freezes randomly during use. I have to force close it and lose my unsaved work. This appeared since Monday.,software,medium,,medium,resolved,True,0.99,medium,False,Issue resolved by technician,2025-10-31T13:35:58.549305,2025-10-26T23:20:58.549305,2025-10-28T14:20:58.549305,110.25,Research Institute,4,1,0,application
569,TICK-2025-00625,Antivirus blocking application,My antivirus is blocking Visual Studio from running. I've tried adding an exception but it still blocks it. I'm working while working remotely.,software,medium,,medium,resolved,True,0.75,medium,False,Issue resolved by technician,2025-11-21T05:35:58.559048,2025-11-17T05:44:58.559048,2025-11-18T07:44:58.559048,95.85,Financial Services Group,6,8,0,security
570,TICK-2026-01924,Training request,I need training on how to use HR portal. Is there documentation or videos available?,other,low,low,medium,resolved,False,,medium,True,Issue resolved by technician,2026-01-25T12:09:34.643610,2026-01-20T20:05:58.643610,2026-01-21T09:05:58.643610,112.06,Logistics International,3,15,0,inquiry
571,TICK-2025-01618,Notification settings not saving,I've disabled email notifications several times but I keep receiving them. This appeared this morning.,account,low,,low,resolved,True,0.75,low,False,Issue resolved by technician,2025-11-24T01:08:46.634540,2025-11-21T15:21:58.634540,2025-11-22T21:21:58.634540,57.78,Consulting Associates,5,14,0,settings
572,TICK-2026-01438,Payment failed,I received a notice that my payment failed. My card is valid so I'm not sure why. This began happening after lunch.,billing,high,high,high,closed,False,,high,False,Issue resolved by user,2026-01-31T09:14:46.628722,2026-01-30T03:09:58.628722,2026-01-31T07:09:58.628722,30.08,Manufacturing Corp,4,12,0,payment
573,TICK-2026-00750,WiFi network not appearing,I can't see the office WiFi network in my available networks list. Other people around me can see it. I'm working in the HR department. Employee ID: 77212.,network,high,high,critical,waiting_on_customer,True,0.7,critical,True,,,2026-02-11T04:31:58.563967,2026-02-12T04:31:58.563967,,Legal Services LLP,5,5,0,wireless
574,TICK-2026-00014,Water spilled on laptop,I accidentally spilled water on my laptop. I turned it off immediately but now it won't start. This has been occurring since yesterday. I'm working at my desk in Building A. Employee ID: 50846.,hardware,high,,high,closed,True,0.68,high,False,Issue resolved by technician,2026-01-08T17:49:22.503823,2026-01-08T11:37:58.503823,2026-01-09T14:37:58.503823,6.19,Financial Services Group,2,3,0,damage
575,TICK-2026-00481,Software license expired,My Adobe Acrobat license has expired and I can no longer access the software. I need it for my daily work. This started about an hour ago. I'm working at our Austin location. Employee ID: 63362.,software,high,,high,in_progress,True,0.89,high,False,,,2026-02-21T00:06:58.548932,2026-02-21T13:06:58.548932,,Global Retail Solutions,0,5,0,installation
576,TICK-2026-00933,Need access to team shared drive,I've just joined the shared team and need access to the shared network drive to do my job. This appeared since yesterday.,network,low,,low,open,True,0.89,low,False,,,2026-01-11T07:07:58.576526,2026-01-11T09:07:58.576526,,Tech Innovations Inc.,0,8,0,lan
577,TICK-2026-01327,SSO login not working,"When I try to log in with my company credentials, I get an error: 'Authentication failed'. This has been occurring since earlier today. I've already restarted 5 times.",login,high,,critical,resolved,True,0.73,critical,True,Issue resolved by technician,2026-02-12T02:10:34.622988,2026-02-10T09:57:58.622988,2026-02-11T04:57:58.622988,40.21,Research Institute,1,3,0,sso
578,TICK-2026-01138,MFA code not working,The code from my authenticator app isn't being accepted. I've tried multiple times with fresh codes. This began happening during a presentation. I'm working in the 3rd floor office. Multiple colleagues have the same issue. Employee ID: 92979.,login,high,high,high,closed,True,0.77,high,False,Issue resolved by technician,2026-01-17T20:53:58.603386,2026-01-16T03:38:58.603386,2026-01-17T19:38:58.603386,41.25,Legal Services LLP,1,0,0,mfa
579,TICK-2026-00985,Slow speed when connected to VPN,"When I connect to VPN, my internet becomes extremely slow. Takes minutes to open a simple webpage. This appeared since yesterday.",network,medium,,medium,waiting_on_customer,True,0.7,medium,False,,,2026-01-18T05:35:58.582134,2026-01-20T00:35:58.582134,,Global Retail Solutions,4,13,0,vpn
580,TICK-2025-00760,Cannot access network share,I'm unable to access the \\documents network share. I get 'Access is denied' when I try to open it. This has been occurring since just now. I'm working in the ground floor office.,network,medium,,medium,closed,False,,medium,False,Issue resolved by user,2025-12-26T11:23:58.564270,2025-12-24T07:02:58.564270,2025-12-26T00:02:58.564270,52.35,Legal Services LLP,6,13,0,lan
581,TICK-2026-00780,Can't connect to WiFi,My laptop won't connect to the office WiFi. It sees the network but when I try to connect it says 'Can't connect to this network'. This started during a presentation. I'm working at our Houston location.,network,high,,high,open,True,0.82,high,False,,,2026-02-26T08:39:58.564868,2026-02-28T01:39:58.564868,,Logistics International,8,8,0,wireless
582,TICK-2026-00638,Teams calls dropping frequently,My Microsoft Teams calls keep dropping after a few minutes. The audio cuts out and then I get disconnected. This first noticed since Monday.,software,high,high,high,resolved,True,0.91,high,False,Issue resolved by technician,2026-01-07T16:49:58.559719,2026-01-07T04:43:58.559719,2026-01-08T20:43:58.559719,12.1,Construction Holdings,5,5,0,office
583,TICK-2025-00669,Chrome not loading pages,Safari shows 'This site can't be reached' for every website I try to visit. Other browsers work fine.,software,medium,,medium,resolved,True,0.99,medium,False,Issue resolved by technician,2025-12-15T05:00:22.561097,2025-12-11T10:42:58.561097,2025-12-13T09:42:58.561097,90.29,Research Institute,0,9,2,browser
584,TICK-2025-00728,WiFi keeps disconnecting,My WiFi connection drops every few minutes. I have to turn WiFi off and on to reconnect temporarily. This has been occurring since last night.,network,medium,,medium,resolved,True,0.78,medium,False,Issue resolved by technician,2025-10-19T22:20:46.563304,2025-10-19T09:06:58.563304,2025-10-20T00:06:58.563304,13.23,Tech Innovations Inc.,0,15,0,wireless
585,TICK-2025-01173,Access removed incorrectly,My access to finance system was removed but I still need it for my work. This might have been done in error. This has been occurring since since Monday. I'm working from my home office. I've already restarted 2 times.,login,low,low,low,resolved,True,0.64,low,False,Issue resolved by technician,2025-12-22T12:11:34.606161,2025-12-19T16:34:58.606161,2025-12-20T22:34:58.606161,67.61,Media & Entertainment LLC,6,5,0,access
586,TICK-2026-01334,Password expired,I got a message that my password has expired. I need to reset it but the link isn't working. This has been occurring since a few hours ago. I'm working at my desk in Building A.,login,medium,,critical,closed,True,0.77,critical,True,Issue resolved by technician,2026-01-06T11:53:10.623425,2026-01-05T07:12:58.623425,2026-01-06T01:12:58.623425,28.67,Logistics International,2,10,0,password
587,TICK-2025-01644,Need to update my email address,I recently got married and need to change my email address from john@oldcompany.com to jane@newcompany.com. This began happening just now.,account,low,,low,resolved,True,0.67,low,False,Issue resolved by user,2025-11-20T07:55:10.635292,2025-11-18T09:50:58.635292,2025-11-19T00:50:58.635292,46.07,Logistics International,14,6,0,profile
588,TICK-2026-01652,Need to update my email address,I recently got married and need to change my email address from john@oldcompany.com to mike@newcompany.com. This has been occurring since earlier today. I'm working while working remotely. Asset tag: IT-8553-B. Employee ID: 78293.,account,low,,low,in_progress,True,0.96,low,False,,,2026-02-25T23:49:58.635520,2026-02-26T12:49:58.635520,,Media & Entertainment LLC,1,8,0,profile
589,TICK-2025-00338,Can't install software,I'm trying to install Photoshop but the installation fails with error: 0x07B1 This appeared last week. I'm working in the IT department.,software,medium,,medium,resolved,True,0.81,medium,False,Issue resolved by technician,2025-10-21T00:09:10.532368,2025-10-19T15:40:58.532368,2025-10-20T23:40:58.532368,32.47,Logistics International,0,14,0,installation
590,TICK-2025-01833,Office supplies needed,My team needs notebooks. How do I order them? This appeared a few hours ago.,other,high,,high,resolved,True,0.87,high,False,Issue resolved by technician,2025-12-02T22:50:22.640869,2025-12-01T03:29:58.640869,2025-12-02T11:29:58.640869,43.34,Construction Holdings,3,0,0,inquiry
591,TICK-2025-01699,Improvement suggestion,The current reporting system workflow is cumbersome. Could you add the ability to export to Excel? I'm working from my home office. Employee ID: 45276.,feature_request,low,,low,closed,True,0.84,low,False,Issue resolved by user,2025-12-26T19:36:22.636922,2025-12-22T12:54:58.636922,2025-12-24T07:54:58.636922,102.69,Consulting Associates,4,15,0,enhancement
592,TICK-2026-00853,VPN won't connect,I'm trying to connect to the company VPN from home but it keeps timing out. I can access the internet fine without VPN. This appeared yesterday.,network,medium,,medium,closed,False,,medium,False,Issue resolved by technician,2026-01-11T22:05:58.570120,2026-01-10T20:41:58.570120,2026-01-10T21:41:58.570120,25.4,Global Retail Solutions,0,6,0,vpn
593,TICK-2025-00265,Screen flickering constantly,My display screen keeps flickering every few seconds. It's giving me headaches and making it impossible to work. This first noticed last night. Multiple colleagues have the same issue.,hardware,medium,,medium,resolved,True,0.75,medium,False,Issue resolved by technician,2025-12-11T00:13:22.521448,2025-12-10T02:04:58.521448,2025-12-11T15:04:58.521448,22.14,Media & Entertainment LLC,4,13,0,display
594,TICK-2025-01130,Account locked out,My account is locked after too many login attempts. I was trying different passwords I thought might be correct. I'm working in the IT department.,login,high,,high,waiting_on_customer,True,0.89,high,False,,,2025-11-17T17:49:58.602749,2025-11-18T03:49:58.602749,,Research Institute,2,6,0,account_locked
595,TICK-2025-00464,Browser extremely slow,My Chrome has become very slow. Pages take 30+ seconds to load and tabs crash frequently. This began happening last night. I'm working in the Finance department. Please prioritize this.,software,low,,low,closed,True,0.9,low,False,Issue resolved by user,2025-10-13T09:38:10.547532,2025-10-11T20:48:58.547532,2025-10-12T06:48:58.547532,36.82,Legal Services LLP,7,7,0,browser
596,TICK-2026-00390,Teams calls dropping frequently,My Microsoft Teams calls keep dropping after a few minutes. The audio cuts out and then I get disconnected. This has been occurring since during a presentation.,software,medium,,medium,resolved,True,0.93,medium,False,Issue resolved by user,2026-02-02T14:59:10.540614,2026-01-29T06:39:58.540614,2026-01-29T09:39:58.540614,104.32,Research Institute,3,2,0,office
597,TICK-2025-01395,Need to update payment method,I need to update my credit card on file as it's expiring soon. How do I do this? This began happening last week.,billing,low,,low,closed,False,,low,False,Issue resolved by technician,2025-12-07T06:51:46.626809,2025-11-28T19:49:58.626809,2025-11-29T16:49:58.626809,203.03,Manufacturing Corp,3,11,0,payment
598,TICK-2025-01897,Training request,I need training on how to use project management tool. Is there documentation or videos available? This began happening since yesterday.,other,low,,low,resolved,True,0.79,low,False,Issue resolved by user,2025-12-13T07:49:10.642811,2025-12-08T07:56:58.642811,2025-12-10T06:56:58.642811,119.87,Tech Innovations Inc.,1,6,0,inquiry
599,TICK-2025-00368,Firefox not loading pages,Edge shows 'This site can't be reached' for every website I try to visit. Other browsers work fine. This first noticed during a presentation. This worked fine before. Employee ID: 68590.,software,medium,medium,medium,waiting_on_customer,True,0.75,medium,False,,,2025-11-12T13:08:58.536194,2025-11-13T01:08:58.536194,,Tech Innovations Inc.,2,12,0,browser
600,TICK-2025-00541,macOS update failed,I tried to install the latest Windows 10 update but it failed with error code 0x24B7. The system keeps prompting me to update but it fails every time. I'm working at our Austin location.,software,low,,low,closed,True,0.98,low,False,Issue resolved by technician,2025-10-31T17:00:34.553660,2025-10-23T11:56:58.553660,2025-10-24T19:56:58.553660,197.06,Research Institute,0,9,0,os
601,TICK-2025-00272,Wireless headset not connecting,My wireless headset won't connect to my computer via Bluetooth. It was working fine yesterday. This began happening last week. I'm working at my desk in Building 1. My ticket reference is REF-69267.,hardware,low,low,low,resolved,True,0.73,low,False,Issue resolved by technician,2025-12-27T09:19:34.522066,2025-12-24T18:09:58.522066,2025-12-25T02:09:58.522066,63.16,Media & Entertainment LLC,0,13,0,peripheral
602,TICK-2026-01140,MFA code not working,The code from my authenticator app isn't being accepted. I've tried multiple times with fresh codes. This first noticed yesterday.,login,high,high,high,closed,True,0.72,high,False,Issue resolved by technician,2026-02-05T04:39:10.603534,2026-02-04T14:55:58.603534,2026-02-04T15:55:58.603534,13.72,Healthcare Partners,8,10,3,mfa
603,TICK-2025-01061,Can't change my password,I'm trying to update my password as required but the system says my new password doesn't meet requirements. This first noticed since Monday. I'm working from my home office.,login,low,,low,waiting_on_customer,True,0.9,low,False,,,2025-12-31T12:01:58.595447,2026-01-02T10:01:58.595447,,Legal Services LLP,3,6,0,password
604,TICK-2026-01428,Refund not received,I was promised a refund of $254.19 two weeks ago but I still haven't received it. This first noticed before our meeting.,billing,medium,,medium,resolved,True,0.87,medium,False,Issue resolved by technician,2026-01-13T04:37:10.628317,2026-01-12T10:38:58.628317,2026-01-12T11:38:58.628317,17.97,Education Foundation,11,1,0,dispute
605,TICK-2025-00513,Suspicious popup messages,I keep getting popup messages even when no browser is open. They ask me to call a number for support. I'm working while working remotely. Employee ID: 15563.,software,medium,medium,medium,resolved,True,0.91,medium,False,Issue resolved by technician,2025-12-21T09:28:58.551392,2025-12-18T15:43:58.551392,2025-12-19T00:43:58.551392,65.75,Manufacturing Corp,27,8,0,security
606,TICK-2025-01099,Account locked out,My account is locked after too many login attempts. I was trying different passwords I thought might be correct. This began happening this week.,login,high,,high,closed,True,0.96,high,False,Issue resolved by technician,2025-08-23T10:24:22.599544,2025-08-22T02:06:58.599544,2025-08-23T16:06:58.599544,32.29,Financial Services Group,0,6,0,account_locked
607,TICK-2026-01537,Can't change my profile settings,"When I try to update my profile information, the save button doesn't work.",account,medium,,medium,closed,True,0.66,medium,False,Issue resolved by technician,2026-01-25T02:02:58.631998,2026-01-21T08:59:58.631998,2026-01-22T13:59:58.631998,89.05,Financial Services Group,0,7,0,settings
608,TICK-2026-00247,Water spilled on laptop,I accidentally spilled water on my laptop. I turned it off immediately but now it won't start. Employee ID: 16618.,hardware,low,low,low,waiting_on_customer,True,0.78,low,False,,,2026-01-13T21:08:58.519672,2026-01-14T19:08:58.519672,,Media & Entertainment LLC,4,12,0,damage
609,TICK-2025-01756,Mobile app feature request,Could you add keyboard shortcuts to the mobile app? It's available on desktop but not mobile. This started since yesterday.,feature_request,low,low,low,in_progress,False,,low,False,,,2025-12-26T09:29:58.638610,2025-12-26T19:29:58.638610,,Financial Services Group,1,6,0,enhancement
610,TICK-2026-01116,Being redirected to wrong login,"When I try to access email, it redirects me to the wrong login page. I'm working on an important project.",login,medium,,medium,resolved,True,0.89,medium,False,Issue resolved by technician,2026-02-12T09:21:58.601355,2026-02-08T22:27:58.601355,2026-02-09T06:27:58.601355,82.9,Global Retail Solutions,4,13,0,sso
611,TICK-2026-00343,System running slow after update,"Ever since the last Windows 11 update, my computer has been extremely slow. Applications take minutes to load. This has been occurring since just now. Please prioritize this.",software,medium,,medium,in_progress,False,,medium,False,,,2026-02-25T17:09:58.533599,2026-02-26T09:09:58.533599,,Media & Entertainment LLC,0,0,0,os
612,TICK-2026-01871,Office supplies needed,My team needs tape. How do I order them? This first noticed yesterday afternoon. My ticket reference is REF-86305. Employee ID: 35710.,other,low,low,low,waiting_on_customer,True,0.82,low,False,,,2026-02-21T09:55:58.641966,2026-02-21T11:55:58.641966,,Consulting Associates,8,5,0,inquiry
613,TICK-2025-00590,Need software installed,I need Photoshop installed on my computer for a new project. I don't have admin rights to install it myself. This began happening this week. I'm working on an important project.,software,low,,low,resolved,True,0.77,low,False,Issue resolved by user,2025-11-11T03:13:34.557045,2025-11-05T22:36:58.557045,2025-11-07T00:36:58.557045,124.61,Financial Services Group,11,10,0,installation
614,TICK-2025-00794,Cannot access network share,I'm unable to access the \\projects network share. I get 'Access is denied' when I try to open it. This has been occurring since since Monday. Multiple colleagues have the same issue.,network,medium,,medium,in_progress,True,0.65,medium,False,,,2025-09-23T00:52:58.565286,2025-09-24T11:52:58.565286,,Tech Innovations Inc.,8,1,0,lan
615,TICK-2026-00383,Edge not loading pages,Edge shows 'This site can't be reached' for every website I try to visit. Other browsers work fine. This began happening last week. I'm working from my home office.,software,medium,,medium,closed,True,0.88,medium,False,Issue resolved by technician,2026-01-29T14:38:22.539399,2026-01-28T04:44:58.539399,2026-01-28T21:44:58.539399,33.89,Legal Services LLP,5,4,0,browser
616,TICK-2025-01488,Need to upgrade subscription,I need to upgrade my subscription from Basic to Premium. Please advise on the process and pricing. This has been occurring since during a presentation. This is affecting my productivity.,billing,low,,low,open,True,0.79,low,False,,,2025-11-15T10:41:58.630479,2025-11-17T10:41:58.630479,,Financial Services Group,6,14,3,subscription
617,TICK-2026-01504,Refund not received,I was promised a refund of $12.17 two weeks ago but I still haven't received it. I'm working in the Marketing department.,billing,low,low,low,waiting_on_customer,True,0.85,low,False,,,2026-02-25T21:47:58.630987,2026-02-27T03:47:58.630987,,Logistics International,0,15,0,dispute
618,TICK-2025-01940,General inquiry,I have a question about pricing plans. Can someone please help me understand this better? This has been occurring since last week. This is affecting my productivity.,other,low,,low,resolved,False,,low,False,Issue resolved by technician,2025-10-10T00:18:10.644072,2025-10-07T15:31:58.644072,2025-10-09T09:31:58.644072,56.77,Manufacturing Corp,2,11,0,inquiry
619,TICK-2025-00558,Outlook not syncing emails,Outlook stopped syncing new emails. It shows connected but no new messages appear even though I can see them on webmail. This appeared after lunch. I'm working at my desk in Building 2.,software,high,,high,resolved,True,0.66,high,False,Issue resolved by user,2025-11-03T06:37:46.554962,2025-11-02T20:11:58.554962,2025-11-03T04:11:58.554962,10.43,Financial Services Group,0,8,0,office
620,TICK-2025-01690,Bulk action needed,Please add the ability to delete multiple items at once in the portal. This began happening during a presentation. I'm working in meeting room 959. I've already restarted 3 times. Employee ID: 24403.,feature_request,low,,low,in_progress,True,0.86,low,False,,,2025-12-25T04:46:58.636651,2025-12-26T20:46:58.636651,,Research Institute,5,6,0,enhancement
621,TICK-2026-00225,Wireless headset not connecting,My wireless headset won't connect to my computer via Bluetooth. It was working fine yesterday. This has been occurring since yesterday. I'm working in the 5th floor office.,hardware,low,,low,resolved,True,0.65,low,False,Issue resolved by user,2026-02-12T13:46:34.517684,2026-02-06T12:45:58.517684,2026-02-07T20:45:58.517684,145.01,Financial Services Group,3,3,0,peripheral
622,TICK-2025-00813,No internet connection,I'm connected to the network but have no internet access. Edge says 'No internet' for all websites. This appeared after lunch. I'm working while working remotely.,network,critical,,critical,resolved,True,0.73,critical,False,Issue resolved by technician,2025-12-13T07:40:22.565854,2025-12-12T22:58:58.565854,2025-12-13T23:58:58.565854,8.69,Healthcare Partners,0,12,0,connectivity
623,TICK-2025-01477,Payment failed,I received a notice that my payment failed. My card is valid so I'm not sure why. I'm working at my desk in Building 3.,billing,high,high,high,closed,True,0.87,high,False,Issue resolved by user,2025-12-07T13:25:10.630116,2025-12-05T14:38:58.630116,2025-12-06T08:38:58.630116,46.77,Consulting Associates,21,8,0,payment
624,TICK-2025-00862,Cannot access network share,I'm unable to access the \\projects network share. I get 'Access is denied' when I try to open it. This started just now. I'm working in meeting room 938. I have a deadline tomorrow.,network,medium,medium,medium,resolved,True,0.57,medium,False,Issue resolved by technician,2025-10-16T01:20:34.570891,2025-10-15T12:25:58.570891,2025-10-16T06:25:58.570891,12.91,Tech Innovations Inc.,0,14,0,lan
625,TICK-2025-01493,Refund not received,I was promised a refund of $487.67 two weeks ago but I still haven't received it.,billing,medium,medium,medium,resolved,True,0.79,medium,False,Issue resolved by user,2025-10-31T22:05:58.630641,2025-10-31T02:35:58.630641,2025-11-01T20:35:58.630641,19.5,Research Institute,3,6,0,dispute
626,TICK-2026-01849,Feedback on service,I wanted to provide feedback on my recent support experience. The issue was resolved but took longer than expected. I'm working on an important project.,other,low,,low,closed,False,,low,False,Issue resolved by technician,2026-02-09T10:42:46.641326,2026-02-01T04:22:58.641326,2026-02-01T05:22:58.641326,198.33,Manufacturing Corp,17,15,0,feedback
627,TICK-2026-00557,Can't download files from browser,"When I try to download files in Chrome, nothing happens. The download doesn't start.",software,low,,low,closed,True,0.86,low,False,Issue resolved by user,2026-02-04T06:16:46.554894,2026-01-25T11:08:58.554894,2026-01-26T18:08:58.554894,235.13,Research Institute,7,1,1,browser
628,TICK-2026-00135,Dropped external hard drive,I dropped my external hard drive and now my computer doesn't recognize it when I plug it in. This first noticed yesterday afternoon. Asset tag: IT-3593-C.,hardware,high,,high,closed,True,0.72,high,False,Issue resolved by technician,2026-02-07T08:45:46.512820,2026-02-07T03:31:58.512820,2026-02-08T09:31:58.512820,5.23,Research Institute,6,5,2,damage
629,TICK-2026-00269,My desktop won't turn on,I tried to power on my laptop this morning but nothing happens. The power light doesn't come on and there's no response when I press the power button. I've checked the power cable and it seems connected properly. Asset tag: IT-8643-C.,hardware,low,,low,closed,False,,low,False,Issue resolved by technician,2026-01-30T03:11:10.521808,2026-01-28T20:33:58.521808,2026-01-29T19:33:58.521808,30.62,Logistics International,3,9,1,computer
630,TICK-2026-00684,Computer infected with virus,"I think my computer has a virus. It's running slow, showing popups, and my homepage changed without my doing. This began happening yesterday. I'm working in the 5th floor office.",software,critical,,critical,closed,True,0.97,critical,False,Issue resolved by user,2026-02-13T16:33:10.561709,2026-02-12T22:34:58.561709,2026-02-13T15:34:58.561709,17.97,Media & Entertainment LLC,0,10,0,security
631,TICK-2025-01797,Mobile app feature request,Could you add auto-save to the mobile app? It's available on desktop but not mobile. This has been occurring since about an hour ago. I'm working at my desk in Building B.,feature_request,low,,medium,closed,True,0.87,medium,True,Issue resolved by technician,2025-08-11T02:32:46.639792,2025-08-04T13:03:58.639792,2025-08-05T19:03:58.639792,157.48,Construction Holdings,6,6,0,enhancement
632,TICK-2025-01579,Remove user from system,Emily Davis has left the company and their account should be deactivated. This has been occurring since since yesterday.,account,low,,low,resolved,True,0.78,low,False,Issue resolved by user,2025-11-02T15:25:34.633368,2025-10-25T08:30:58.633368,2025-10-25T09:30:58.633368,198.91,Global Retail Solutions,0,2,0,deletion
633,TICK-2026-01289,MFA code not working,The code from my authenticator app isn't being accepted. I've tried multiple times with fresh codes. I'm working in meeting room 951.,login,high,,high,resolved,True,0.68,high,False,Issue resolved by technician,2026-02-16T14:32:46.620195,2026-02-16T05:12:58.620195,2026-02-16T20:12:58.620195,9.33,Global Retail Solutions,0,1,0,mfa
634,TICK-2025-00680,Outlook not syncing emails,Outlook stopped syncing new emails. It shows connected but no new messages appear even though I can see them on webmail. This first noticed about an hour ago.,software,high,,high,closed,True,0.85,high,False,Issue resolved by technician,2025-12-18T17:56:46.561541,2025-12-17T11:33:58.561541,2025-12-18T10:33:58.561541,30.38,Education Foundation,5,13,0,office
635,TICK-2025-00079,Screen flickering constantly,My display screen keeps flickering every few seconds. It's giving me headaches and making it impossible to work. This started about an hour ago.,hardware,high,high,high,closed,True,0.67,high,False,Issue resolved by user,2025-11-25T08:10:10.508154,2025-11-24T13:56:58.508154,2025-11-25T14:56:58.508154,18.22,Healthcare Partners,2,2,0,display
636,TICK-2025-00109,Blue screen errors on my computer,"I keep getting blue screen errors that force my computer to restart. It happens randomly, sometimes twice a day. The error code is different each time. This appeared this week.",hardware,high,,high,closed,True,0.9,high,False,Issue resolved by technician,2025-12-15T02:24:34.511117,2025-12-13T05:05:58.511117,2025-12-15T00:05:58.511117,45.31,Healthcare Partners,3,13,0,computer
637,TICK-2026-00765,Need access to team shared drive,I've just joined the shared team and need access to the shared network drive to do my job. This first noticed a few hours ago. I'm working at our Austin location.,network,low,,low,resolved,True,0.87,low,False,Issue resolved by technician,2026-01-18T23:00:34.564413,2026-01-11T01:14:58.564413,2026-01-12T21:14:58.564413,189.76,Research Institute,2,11,0,lan
638,TICK-2025-01262,Access removed incorrectly,My access to email was removed but I still need it for my work. This might have been done in error. I'm working in the IT department.,login,high,,low,closed,True,0.54,low,True,Issue resolved by user,2025-10-18T11:08:34.617753,2025-10-17T11:10:58.617753,2025-10-19T04:10:58.617753,23.96,Education Foundation,1,6,0,access
639,TICK-2025-01696,Request for new feature,It would be great if the portal could keyboard shortcuts. This would save our team a lot of time. This started before our meeting.,feature_request,low,,medium,closed,True,0.98,medium,True,Issue resolved by user,2025-12-13T02:46:46.636830,2025-12-06T19:14:58.636830,2025-12-08T15:14:58.636830,151.53,Healthcare Partners,6,14,1,new_feature
640,TICK-2026-01424,Incorrect charge on invoice,My invoice shows a charge of $85.31 that I don't recognize. Please explain this charge.,billing,medium,,medium,resolved,True,0.74,medium,False,Issue resolved by technician,2026-01-14T11:31:46.628127,2026-01-13T16:53:58.628127,2026-01-13T16:53:58.628127,18.63,Construction Holdings,19,7,0,invoice
641,TICK-2026-01161,Account disabled,I can't log in and the message says my account has been disabled. I don't know why this happened. This started a few hours ago. I've already restarted 5 times.,login,critical,,critical,closed,True,0.8,critical,False,Issue resolved by user,2026-02-21T10:47:58.605286,2026-02-20T22:05:58.605286,2026-02-21T06:05:58.605286,12.7,Tech Innovations Inc.,4,11,0,account_locked
642,TICK-2026-00062,Water spilled on laptop,I accidentally spilled water on my laptop. I turned it off immediately but now it won't start. This has been occurring since this week. I'm working while working remotely.,hardware,critical,,critical,resolved,True,0.81,critical,False,Issue resolved by technician,2026-02-16T11:56:46.506558,2026-02-15T20:54:58.506558,2026-02-17T10:54:58.506558,15.03,Global Retail Solutions,15,12,0,damage
643,TICK-2026-01456,Charged twice this month,I was charged twice for my cloud storage subscription this month. Please refund the duplicate charge. This appeared yesterday.,billing,high,,high,closed,True,0.65,high,False,Issue resolved by technician,2026-01-02T06:31:10.629404,2026-01-01T11:14:58.629404,2026-01-02T10:14:58.629404,19.27,Global Retail Solutions,2,14,0,dispute
644,TICK-2026-01180,Lost access to MFA device,I lost my phone with the authenticator app. I can't log in without the MFA code.,login,critical,,critical,resolved,True,0.74,critical,False,Issue resolved by technician,2026-01-05T05:32:34.607036,2026-01-04T05:58:58.607036,2026-01-05T11:58:58.607036,23.56,Education Foundation,13,11,0,mfa
645,TICK-2026-01126,Access removed incorrectly,My access to email was removed but I still need it for my work. This might have been done in error. This appeared this week.,login,low,,low,closed,True,0.77,low,False,Issue resolved by technician,2026-02-07T19:24:22.602396,2026-02-01T06:00:58.602396,2026-02-02T02:00:58.602396,157.39,Financial Services Group,0,1,0,access
646,TICK-2026-01450,Need to upgrade subscription,I need to upgrade my subscription from Basic to Premium. Please advise on the process and pricing. I'm working at our Downtown location. Employee ID: 51928.,billing,medium,,medium,resolved,True,0.86,medium,False,Issue resolved by user,2026-01-02T10:01:46.629179,2026-01-01T14:41:58.629179,2026-01-02T12:41:58.629179,19.33,Financial Services Group,8,1,0,subscription
647,TICK-2025-01016,Request access to public share,I need access to the public share folder. I am an intern and I am in training. This appeared a few hours ago. I'm working at our Houston location. Employee ID: 70039.,network,low,low,low,waiting_on_customer,True,0.77,low,False,,,2025-12-22T14:32:58.588106,2025-12-24T02:32:58.588106,,Consulting Associates,18,4,0,lan
648,TICK-2026-01738,Bulk action needed,Please add the ability to delete multiple items at once in the portal. This appeared a few hours ago. I'm working while working remotely. Employee ID: 89194.,feature_request,high,,high,closed,False,,high,False,Issue resolved by technician,2026-02-04T10:49:10.638090,2026-02-04T01:14:58.638090,2026-02-04T04:14:58.638090,9.57,Media & Entertainment LLC,2,0,0,enhancement
649,TICK-2026-00682,Adobe Acrobat won't open,"When I try to launch QuickBooks, nothing happens. I've tried running as administrator but it still won't open. This first noticed last week. I'm working in the IT department. This is affecting my productivity.",software,medium,medium,medium,closed,True,0.79,medium,False,Issue resolved by technician,2026-01-27T08:07:34.561629,2026-01-25T04:06:58.561629,2026-01-26T04:06:58.561629,52.01,Consulting Associates,9,6,0,application
650,TICK-2026-01507,Want to cancel subscription,I'd like to cancel my subscription to hosting at the end of this billing period. This has been occurring since last week.,billing,low,,low,resolved,True,0.69,low,False,Issue resolved by technician,2026-01-14T20:09:34.631080,2026-01-11T22:50:58.631080,2026-01-13T00:50:58.631080,69.31,Tech Innovations Inc.,7,7,0,subscription
651,TICK-2026-01720,Dashboard customization,I'd like to be able to customize my dashboard to show batch delete. Employee ID: 62301.,feature_request,low,,critical,closed,True,0.72,critical,True,Issue resolved by user,2026-01-31T11:01:22.637539,2026-01-28T01:49:58.637539,2026-01-29T20:49:58.637539,81.19,Healthcare Partners,0,8,0,new_feature
652,TICK-2026-01157,Password expired,I got a message that my password has expired. I need to reset it but the link isn't working. Employee ID: 30285.,login,low,,low,closed,True,0.96,low,False,Issue resolved by technician,2026-01-12T12:33:10.604973,2026-01-07T20:37:58.604973,2026-01-09T01:37:58.604973,111.92,Financial Services Group,1,0,0,password
653,TICK-2025-01890,Training request,I need training on how to use expense system. Is there documentation or videos available? This appeared this week. I'm working at our Austin location.,other,low,,low,resolved,True,0.71,low,False,Issue resolved by technician,2025-12-21T09:38:22.642612,2025-12-17T20:56:58.642612,2025-12-18T02:56:58.642612,84.69,Research Institute,15,3,0,inquiry
654,TICK-2026-00291,Printer not printing,"When I try to print, the job gets stuck in the queue. The printer shows as online but nothing comes out. I have a deadline in 2 days.",hardware,low,low,low,resolved,False,,low,False,Issue resolved by user,2026-01-19T02:50:46.523684,2026-01-11T06:30:58.523684,2026-01-13T06:30:58.523684,188.33,Research Institute,0,11,0,printer
655,TICK-2025-00758,Internet works intermittently,My internet connection works for a few minutes then stops. Have to unplug and replug ethernet cable to fix temporarily. This started this morning. I'm working in the 3rd floor office.,network,high,high,high,resolved,True,0.65,high,False,Issue resolved by technician,2025-12-30T22:29:46.564208,2025-12-29T23:51:58.564208,2025-12-31T11:51:58.564208,22.63,Financial Services Group,3,8,0,connectivity
656,TICK-2025-01581,Update my contact information,Please update my phone number to +1-555-964-4900 in the system. This first noticed just now.,account,low,low,low,resolved,True,0.73,low,False,Issue resolved by technician,2025-12-25T03:32:46.633425,2025-12-19T16:57:58.633425,2025-12-20T20:57:58.633425,130.58,Financial Services Group,3,15,0,profile
657,TICK-2026-00017,Laptop not charging,"My laptop is plugged in but shows 'plugged in, not charging'. The battery percentage stays at 60% and doesn't increase. This began happening during a presentation. I'm working in meeting room 394. Employee ID: 71487.",hardware,medium,,medium,resolved,True,0.79,medium,False,Issue resolved by technician,2026-03-02T15:24:22.504006,2026-02-27T11:12:58.504006,2026-02-28T18:12:58.504006,76.19,Construction Holdings,2,0,0,power
658,TICK-2026-00902,Internet works intermittently,My internet connection works for a few minutes then stops. Have to unplug and replug ethernet cable to fix temporarily. I'm working in the 5th floor office. Employee ID: 66000.,network,low,low,medium,closed,True,0.96,medium,True,Issue resolved by user,2026-03-01T05:27:22.574090,2026-02-19T09:45:58.574090,2026-02-20T09:45:58.574090,235.69,Tech Innovations Inc.,9,7,0,connectivity
659,TICK-2025-01112,Need access to CRM,I've been told I need access to CRM for my new role. Please grant me the necessary permissions. This first noticed yesterday afternoon.,login,low,low,low,open,True,0.82,low,False,,,2025-12-20T10:33:58.600982,2025-12-20T13:33:58.600982,,Construction Holdings,13,15,0,access
660,TICK-2025-00136,Dropped external hard drive,I dropped my external hard drive and now my computer doesn't recognize it when I plug it in. This appeared last week.,hardware,high,,critical,resolved,True,0.85,critical,True,Issue resolved by technician,2025-12-29T10:06:22.512868,2025-12-29T01:42:58.512868,2025-12-30T18:42:58.512868,8.39,Global Retail Solutions,9,6,0,damage
661,TICK-2026-01375,Incorrect charge on invoice,My invoice shows a charge of $18.34 that I don't recognize. Please explain this charge. This first noticed earlier today. I'm working in meeting room 427.,billing,medium,medium,medium,closed,True,0.95,medium,False,Issue resolved by user,2026-01-18T08:50:22.625783,2026-01-13T20:47:58.625783,2026-01-14T13:47:58.625783,108.04,Education Foundation,1,1,0,invoice
662,TICK-2025-01801,Equipment request,I need to request a second monitor for my work. What's the process? This has been occurring since yesterday. My ticket reference is REF-93272.,other,low,low,high,resolved,False,,high,True,Issue resolved by technician,2025-08-17T23:07:10.639912,2025-08-08T23:44:58.639912,2025-08-10T15:44:58.639912,215.37,Financial Services Group,10,13,0,inquiry
663,TICK-2026-01605,Can't change my profile settings,"When I try to update my profile information, the save button doesn't work. This started about an hour ago. I'm working at our Chicago location.",account,medium,medium,medium,resolved,True,0.83,medium,False,Issue resolved by technician,2026-01-31T00:51:34.634157,2026-01-26T12:29:58.634157,2026-01-28T07:29:58.634157,108.36,Education Foundation,0,11,0,settings
664,TICK-2026-00909,Request access to public share,I need access to the public share folder. I am an intern and I am in training. I've already restarted 4 times.,network,low,low,low,closed,True,0.79,low,False,Issue resolved by user,2026-01-30T03:45:58.574639,2026-01-23T07:12:58.574639,2026-01-23T17:12:58.574639,164.55,Global Retail Solutions,8,13,0,lan
665,TICK-2026-00624,Need software installed,I need AutoCAD installed on my computer for a new project. I don't have admin rights to install it myself. This first noticed this morning. I'm working in the IT department. I'm working on an important project.,software,low,low,low,closed,True,0.8,low,False,Issue resolved by user,2026-02-19T23:35:34.558997,2026-02-18T23:13:58.558997,2026-02-19T05:13:58.558997,24.36,Healthcare Partners,9,0,0,installation
666,TICK-2026-00176,Dropped external hard drive,I dropped my external hard drive and now my computer doesn't recognize it when I plug it in. This appeared after lunch. I'm working at my desk in Building A.,hardware,high,,high,resolved,True,0.85,high,False,Issue resolved by technician,2026-02-22T20:07:10.514893,2026-02-21T03:14:58.514893,2026-02-21T07:14:58.514893,40.87,Financial Services Group,6,7,0,damage
667,TICK-2026-00013,Print quality is poor,My printed documents are coming out with streaks and faded areas. I've replaced the cartridge but the problem persists. Please prioritize this.,hardware,low,,high,closed,True,0.96,high,True,Issue resolved by technician,2026-01-24T12:05:34.503756,2026-01-19T12:16:58.503756,2026-01-21T02:16:58.503756,119.81,Construction Holdings,2,13,0,printer
668,TICK-2026-00987,VPN connection drops frequently,My VPN connection drops every 15-20 minutes. I have to reconnect which interrupts my work. This has been occurring since last week. I'm working in the Marketing department.,network,medium,medium,medium,resolved,True,0.76,medium,False,Issue resolved by technician,2026-01-12T05:18:58.582304,2026-01-11T17:15:58.582304,2026-01-11T17:15:58.582304,12.05,Logistics International,4,7,0,vpn
669,TICK-2025-01330,Forgot my password,I forgot my password and can't log in. I've tried the reset option but haven't received the email. This first noticed just now. I'm working from my home office.,login,high,,low,resolved,True,0.79,low,True,Issue resolved by technician,2025-12-22T05:46:22.623162,2025-12-20T19:52:58.623162,2025-12-21T09:52:58.623162,33.89,Financial Services Group,4,0,0,password
670,TICK-2026-01955,Equipment request,I need to request a second monitor for my work. What's the process? This appeared last week.,other,low,low,low,resolved,True,0.75,low,False,Issue resolved by technician,2026-02-23T03:09:58.644509,2026-02-16T10:09:58.644509,2026-02-17T08:09:58.644509,161.0,Research Institute,5,1,2,inquiry
671,TICK-2025-00286,Dropped external hard drive,I dropped my external hard drive and now my computer doesn't recognize it when I plug it in. This has been occurring since about an hour ago. I'm working in the 3rd floor office. Employee ID: 33275.,hardware,high,,high,closed,True,0.66,high,False,Issue resolved by technician,2025-12-01T03:58:10.523266,2025-11-29T23:32:58.523266,2025-12-01T03:32:58.523266,28.42,Healthcare Partners,10,12,0,damage
672,TICK-2026-00505,Application freezing randomly,Zoom freezes randomly during use. I have to force close it and lose my unsaved work. I'm working from my home office. I have a deadline end of week. Employee ID: 50828.,software,medium,,medium,resolved,True,0.66,medium,False,Issue resolved by technician,2026-02-19T16:32:22.550750,2026-02-17T06:56:58.550750,2026-02-18T08:56:58.550750,57.59,Research Institute,6,5,0,application
673,TICK-2025-01856,Office supplies needed,My team needs printer paper. How do I order them? I'm working in the Sales department. I'm working on an important project.,other,low,low,low,in_progress,True,0.82,low,False,,,2025-11-13T01:09:58.641535,2025-11-13T10:09:58.641535,,Global Retail Solutions,29,2,0,inquiry
674,TICK-2026-01988,How do I export data?,I'm not sure how to change settings in the system. Could you provide instructions? This started last week. I'm working in meeting room 943.,other,low,low,low,resolved,True,0.75,low,False,Issue resolved by technician,2026-01-13T11:33:58.645452,2026-01-05T04:42:58.645452,2026-01-05T15:42:58.645452,198.85,Logistics International,3,15,2,inquiry
675,TICK-2026-00075,Printer not printing,"When I try to print, the job gets stuck in the queue. The printer shows as online but nothing comes out. This began happening since yesterday. This is affecting my productivity.",hardware,medium,,medium,resolved,True,0.79,medium,False,Issue resolved by technician,2026-02-25T01:26:58.507817,2026-02-23T06:20:58.507817,2026-02-23T17:20:58.507817,43.1,Tech Innovations Inc.,3,15,0,printer
676,TICK-2026-00543,Computer infected with virus,"I think my computer has a virus. It's running slow, showing popups, and my homepage changed without my doing. This has been occurring since during a presentation.",software,critical,critical,critical,closed,True,0.65,critical,False,Issue resolved by technician,2026-02-11T10:12:22.553814,2026-02-10T10:27:58.553814,2026-02-11T00:27:58.553814,23.74,Healthcare Partners,7,14,1,security
677,TICK-2026-01447,Refund not received,I was promised a refund of $240.70 two weeks ago but I still haven't received it. This began happening last night. Employee ID: 18397.,billing,medium,,medium,waiting_on_customer,True,0.94,medium,False,,,2026-02-25T12:59:58.629041,2026-02-25T15:59:58.629041,,Research Institute,0,2,0,dispute
678,TICK-2025-01765,Dashboard customization,I'd like to be able to customize my dashboard to show auto-save. This has been occurring since earlier today.,feature_request,low,,high,closed,True,0.6,high,True,Issue resolved by technician,2025-12-13T08:12:10.638865,2025-12-05T15:55:58.638865,2025-12-07T00:55:58.638865,184.27,Construction Holdings,2,3,0,new_feature
679,TICK-2026-01194,Need access to finance system,I've been told I need access to email for my new role. Please grant me the necessary permissions. This has been occurring since a few hours ago. I'm working at my desk in Building B.,login,low,low,low,closed,True,0.52,low,False,Issue resolved by user,2026-02-14T11:11:10.608180,2026-02-08T13:18:58.608180,2026-02-09T17:18:58.608180,141.87,Healthcare Partners,6,3,0,access
680,TICK-2026-00577,Outlook not syncing emails,Outlook stopped syncing new emails. It shows connected but no new messages appear even though I can see them on webmail. This started after lunch. I'm working in the IT department. Employee ID: 54216.,software,medium,,medium,closed,False,,medium,False,Issue resolved by user,2026-01-05T19:46:10.556220,2026-01-04T14:20:58.556220,2026-01-06T14:20:58.556220,29.42,Research Institute,15,2,0,office
681,TICK-2026-01608,Update my contact information,Please update my phone number to +1-555-953-9045 in the system. This started this morning. I'm working while working remotely.,account,low,low,low,resolved,True,0.67,low,False,Issue resolved by technician,2026-02-03T22:02:46.634244,2026-01-28T17:42:58.634244,2026-01-29T15:42:58.634244,148.33,Consulting Associates,9,0,0,profile
682,TICK-2025-01329,MFA code not working,The code from my authenticator app isn't being accepted. I've tried multiple times with fresh codes.,login,high,high,high,closed,True,0.97,high,False,Issue resolved by user,2025-11-25T12:29:46.623099,2025-11-23T23:27:58.623099,2025-11-25T17:27:58.623099,37.03,Global Retail Solutions,0,2,0,mfa
683,TICK-2026-01278,New employee needs account,A new team member Sarah Johnson started today and needs their accounts set up. Email: newuser85@company.com This appeared since Monday. Please prioritize this. Employee ID: 26716.,login,high,high,high,closed,True,0.94,high,False,Issue resolved by technician,2026-02-19T21:20:34.619330,2026-02-19T11:49:58.619330,2026-02-19T22:49:58.619330,9.51,Logistics International,3,9,1,access
684,TICK-2026-01643,Notification settings not saving,I've disabled email notifications several times but I keep receiving them. This appeared yesterday. My ticket reference is REF-98407.,account,medium,,medium,closed,True,0.76,medium,False,Issue resolved by technician,2026-02-12T18:31:22.635264,2026-02-10T13:04:58.635264,2026-02-12T01:04:58.635264,53.44,Research Institute,0,4,0,settings
685,TICK-2026-01978,General inquiry,I have a question about service levels. Can someone please help me understand this better? I'm working on an important project.,other,low,low,high,closed,True,0.86,high,True,Issue resolved by technician,2026-02-02T21:22:58.645153,2026-01-29T15:58:58.645153,2026-01-30T13:58:58.645153,101.4,Logistics International,12,9,3,inquiry
686,TICK-2026-01168,Password expired,I got a message that my password has expired. I need to reset it but the link isn't working. I'm working while working remotely. I've already restarted 3 times. Employee ID: 88364.,login,high,,high,closed,True,0.93,high,False,Issue resolved by technician,2026-01-26T07:01:22.605802,2026-01-26T02:46:58.605802,2026-01-26T23:46:58.605802,4.24,Legal Services LLP,0,9,0,password
687,TICK-2025-01642,Need additional permissions,I need edit permissions for the CRM to do my job. Currently I only have view access. I'm working at my desk in Building 1.,account,medium,medium,low,resolved,True,0.98,low,True,Issue resolved by technician,2025-12-08T16:06:46.635233,2025-12-06T00:19:58.635233,2025-12-06T04:19:58.635233,63.78,Education Foundation,4,1,0,permissions
688,TICK-2026-01519,Payment failed,I received a notice that my payment failed. My card is valid so I'm not sure why.,billing,high,,high,resolved,True,0.77,high,False,Issue resolved by technician,2026-01-21T18:13:34.631442,2026-01-21T08:24:58.631442,2026-01-21T18:24:58.631442,9.81,Tech Innovations Inc.,6,1,1,payment
689,TICK-2026-00962,WiFi keeps disconnecting,My WiFi connection drops every few minutes. I have to turn WiFi off and on to reconnect temporarily. This began happening yesterday. I'm working while working remotely. I'm working on an important project. Employee ID: 42943.,network,medium,,medium,in_progress,True,0.74,medium,False,,,2026-02-27T11:55:58.579951,2026-02-28T00:55:58.579951,,Financial Services Group,1,12,0,wireless
690,TICK-2025-00207,Cracked laptop screen,I accidentally dropped my laptop and now the screen is cracked. There are lines across the display and part of it is black. This has been occurring since last night. Employee ID: 99216.,hardware,low,low,low,resolved,True,0.97,low,False,Issue resolved by technician,2025-12-29T11:00:10.516328,2025-12-26T22:55:58.516328,2025-12-27T21:55:58.516328,60.07,Legal Services LLP,12,8,0,display
691,TICK-2025-01838,Training request,I need training on how to use HR portal. Is there documentation or videos available?,other,medium,,medium,resolved,True,0.81,medium,False,Issue resolved by user,2025-11-13T06:03:10.641013,2025-11-11T16:04:58.641013,2025-11-12T04:04:58.641013,37.97,Tech Innovations Inc.,7,4,0,inquiry
692,TICK-2026-00177,Wireless headset not connecting,My wireless headset won't connect to my computer via Bluetooth. It was working fine yesterday. This began happening during a presentation.,hardware,low,,low,resolved,True,0.72,low,False,Issue resolved by technician,2026-02-15T07:51:34.514935,2026-02-10T15:50:58.514935,2026-02-10T18:50:58.514935,112.01,Consulting Associates,5,11,3,peripheral
693,TICK-2025-00472,macOS won't boot,"After a restart, Windows 10 won't boot. It gets stuck on the loading screen and never progresses to the login. This first noticed a few hours ago. I'm working in the IT department. Employee ID: 49953.",software,low,,low,resolved,True,0.77,low,False,Issue resolved by technician,2025-10-21T04:06:10.548175,2025-10-16T18:13:58.548175,2025-10-17T21:13:58.548175,105.87,Research Institute,1,5,0,os
694,TICK-2025-00651,Outlook crashes when opening files,Word crashes every time I try to open a specific file. I've tried repairing Office but the issue continues. This has been occurring since earlier today. I'm working at my desk in Building 2.,software,high,,high,closed,True,0.88,high,False,Issue resolved by technician,2025-11-13T02:01:22.560318,2025-11-11T16:28:58.560318,2025-11-12T02:28:58.560318,33.54,Construction Holdings,0,2,0,office
695,TICK-2025-00527,Safari not loading pages,Edge shows 'This site can't be reached' for every website I try to visit. Other browsers work fine. This started during a presentation. Employee ID: 60531.,software,medium,medium,medium,in_progress,True,0.7,medium,False,,,2025-12-07T18:23:58.552467,2025-12-07T23:23:58.552467,,Manufacturing Corp,5,1,0,browser
696,TICK-2025-00230,Dropped external hard drive,I dropped my external hard drive and now my computer doesn't recognize it when I plug it in. I have a deadline tomorrow.,hardware,high,high,high,resolved,True,0.73,high,False,Issue resolved by technician,2025-12-16T03:19:34.518093,2025-12-15T17:15:58.518093,2025-12-17T01:15:58.518093,10.06,Media & Entertainment LLC,0,2,0,damage
697,TICK-2026-01038,Network drive not accessible,I can't access the shared network drive \\server\documents. It says the path doesn't exist. This has been occurring since during a presentation.,network,medium,,medium,closed,True,0.8,medium,False,Issue resolved by user,2026-01-31T09:59:22.590529,2026-01-28T15:11:58.590529,2026-01-29T14:11:58.590529,66.79,Global Retail Solutions,6,11,0,lan
698,TICK-2025-01341,Account disabled,I can't log in and the message says my account has been disabled. I don't know why this happened. This started just now. I've already restarted 3 times.,login,critical,critical,low,closed,True,0.95,low,True,Issue resolved by technician,2025-12-11T08:52:46.623885,2025-12-10T19:56:58.623885,2025-12-11T00:56:58.623885,12.93,Research Institute,0,8,0,account_locked
699,TICK-2025-00619,Can't install software,I'm trying to install Adobe Acrobat but the installation fails with error: 0x1830 I'm working at our Houston location. I have a deadline end of week.,software,medium,,medium,closed,True,0.92,medium,False,Issue resolved by technician,2025-12-29T04:39:46.558718,2025-12-26T20:22:58.558718,2025-12-28T11:22:58.558718,56.28,Healthcare Partners,0,6,1,installation
700,TICK-2026-01686,Improvement suggestion,The current portal workflow is cumbersome. Could you add the ability to custom notifications? This started since Monday.,feature_request,medium,,medium,resolved,True,0.69,medium,False,Issue resolved by user,2026-01-22T22:17:46.636530,2026-01-20T10:12:58.636530,2026-01-20T18:12:58.636530,60.08,Research Institute,15,12,0,enhancement
701,TICK-2026-00144,Wireless headset not connecting,My wireless headset won't connect to my computer via Bluetooth. It was working fine yesterday. This first noticed a few hours ago. Multiple colleagues have the same issue.,hardware,medium,,medium,resolved,True,0.98,medium,False,Issue resolved by technician,2026-01-23T22:40:22.513309,2026-01-20T08:01:58.513309,2026-01-21T11:01:58.513309,86.64,Consulting Associates,9,2,2,peripheral
702,TICK-2026-01014,Network drive not accessible,I can't access the shared network drive \\server\team. It says the path doesn't exist.,network,high,,high,closed,False,,high,False,Issue resolved by user,2026-01-21T11:54:10.587830,2026-01-20T19:34:58.587830,2026-01-21T13:34:58.587830,16.32,Financial Services Group,8,15,0,lan
703,TICK-2025-01539,Notification settings not saving,I've disabled email notifications several times but I keep receiving them. This started this morning. I'm working at my desk in Building C. Please prioritize this.,account,high,high,high,waiting_on_customer,True,0.87,high,False,,,2025-12-03T23:32:58.632059,2025-12-04T01:32:58.632059,,Legal Services LLP,17,10,0,settings
704,TICK-2026-00945,Shared folder permission request,Can you please grant me read access to the shared shared folder? My manager has approved this request. This first noticed after lunch. I'm working at our Dallas location. This worked fine before. Employee ID: 64497.,network,low,,low,resolved,True,0.93,low,False,Issue resolved by technician,2026-01-16T22:25:58.577898,2026-01-11T13:25:58.577898,2026-01-12T01:25:58.577898,129.0,Research Institute,2,10,0,lan
705,TICK-2026-01100,Account disabled,I can't log in and the message says my account has been disabled. I don't know why this happened. This appeared after lunch.,login,medium,,medium,resolved,True,0.86,medium,False,Issue resolved by technician,2026-02-15T02:39:10.599629,2026-02-11T19:16:58.599629,2026-02-13T13:16:58.599629,79.37,Education Foundation,4,2,0,account_locked
706,TICK-2025-00769,Can't access specific website,I can't access company portal from my computer. It worked yesterday but now I get a timeout error. This has been occurring since earlier today. I'm working in the HR department. I'm working on an important project. Employee ID: 79823.,network,medium,,medium,closed,True,0.72,medium,False,Issue resolved by technician,2025-12-21T03:59:34.564535,2025-12-20T16:40:58.564535,2025-12-22T03:40:58.564535,11.31,Logistics International,11,9,0,connectivity
707,TICK-2026-00154,Wireless headset not connecting,My wireless headset won't connect to my computer via Bluetooth. It was working fine yesterday. I'm working from my home office. Multiple colleagues have the same issue. Employee ID: 55032.,hardware,medium,medium,medium,resolved,True,0.93,medium,False,Issue resolved by technician,2026-01-15T07:13:34.513855,2026-01-11T03:03:58.513855,2026-01-11T04:03:58.513855,100.16,Financial Services Group,1,1,0,peripheral
708,TICK-2025-01272,Password not working,My password stopped working. I'm sure I'm typing it correctly but it says invalid credentials. This began happening yesterday.,login,high,high,high,resolved,True,0.74,high,False,Issue resolved by technician,2026-01-01T02:11:58.618770,2025-12-31T15:38:58.618770,2026-01-02T03:38:58.618770,10.55,Construction Holdings,4,12,0,password
709,TICK-2025-01103,Lost access to MFA device,I lost my phone with the authenticator app. I can't log in without the MFA code. This started last night. I'm working in the IT department. Employee ID: 30173.,login,critical,critical,critical,closed,True,0.64,critical,False,Issue resolved by technician,2025-09-25T20:30:58.599893,2025-09-25T00:15:58.599893,2025-09-26T12:15:58.599893,20.25,Healthcare Partners,4,1,1,mfa
710,TICK-2026-00007,Screen flickering constantly,My display screen keeps flickering every few seconds. It's giving me headaches and making it impossible to work. This began happening before our meeting.,hardware,medium,,high,in_progress,True,0.77,high,True,,,2026-02-25T04:43:58.503358,2026-02-26T07:43:58.503358,,Consulting Associates,5,5,0,display
711,TICK-2026-00271,Monitor not displaying image,My monitor shows 'No Signal' even though my computer is on. I've tried different cables but the same issue occurs. This began happening during a presentation.,hardware,medium,,medium,in_progress,True,0.59,medium,False,,,2026-02-26T14:54:58.521980,2026-02-27T14:54:58.521980,,Legal Services LLP,4,2,0,display
712,TICK-2026-00093,Laptop not charging,"My laptop is plugged in but shows 'plugged in, not charging'. The battery percentage stays at 57% and doesn't increase. I'm working from my home office.",hardware,medium,medium,medium,closed,True,0.67,medium,False,Issue resolved by technician,2026-02-06T04:05:46.509341,2026-02-02T17:27:58.509341,2026-02-02T17:27:58.509341,82.63,Research Institute,3,7,0,power
713,TICK-2026-01193,Access removed incorrectly,My access to HR portal was removed but I still need it for my work. This might have been done in error. This appeared earlier today. I have a deadline today.,login,high,,low,resolved,True,0.9,low,True,Issue resolved by technician,2026-02-04T13:15:10.608092,2026-02-04T08:37:58.608092,2026-02-04T23:37:58.608092,4.62,Consulting Associates,3,7,0,access
714,TICK-2026-01216,Lost access to MFA device,I lost my phone with the authenticator app. I can't log in without the MFA code. I'm working from my home office. I'm working on an important project.,login,high,,medium,closed,False,,medium,True,Issue resolved by technician,2026-02-15T19:42:46.610913,2026-02-14T13:16:58.610913,2026-02-16T09:16:58.610913,30.43,Consulting Associates,10,14,0,mfa
715,TICK-2025-01496,Charged twice this month,I was charged twice for my cloud storage subscription this month. Please refund the duplicate charge. This first noticed this morning. This worked fine before.,billing,low,,low,resolved,True,0.81,low,False,Issue resolved by technician,2026-01-02T15:04:34.630740,2025-12-24T12:24:58.630740,2025-12-26T07:24:58.630740,218.66,Healthcare Partners,6,14,0,dispute
716,TICK-2025-00528,Outlook not syncing emails,Outlook stopped syncing new emails. It shows connected but no new messages appear even though I can see them on webmail. This has been occurring since during a presentation. I'm working in the Marketing department.,software,high,,medium,resolved,True,0.84,medium,True,Issue resolved by technician,2025-10-14T10:19:46.552556,2025-10-13T08:20:58.552556,2025-10-15T00:20:58.552556,25.98,Financial Services Group,6,3,0,office
717,TICK-2025-00606,Can't install software,I'm trying to install Photoshop but the installation fails with error: 0x0983 This is affecting my productivity.,software,medium,medium,medium,closed,True,0.72,medium,False,Issue resolved by user,2025-10-22T21:51:34.558003,2025-10-21T20:59:58.558003,2025-10-23T16:59:58.558003,24.86,Tech Innovations Inc.,6,15,0,installation
718,TICK-2025-01215,MFA code not working,The code from my authenticator app isn't being accepted. I've tried multiple times with fresh codes. I'm working in meeting room 325.,login,high,,high,waiting_on_customer,False,,high,False,,,2025-12-24T14:21:58.610617,2025-12-25T16:21:58.610617,,Manufacturing Corp,5,2,0,mfa
719,TICK-2026-00867,No internet connection,I'm connected to the network but have no internet access. Firefox says 'No internet' for all websites. This began happening after lunch.,network,low,,low,closed,True,0.9,low,False,Issue resolved by user,2026-02-16T23:53:46.571296,2026-02-08T06:39:58.571296,2026-02-09T14:39:58.571296,209.23,Research Institute,6,9,0,connectivity
720,TICK-2025-01952,Office supplies needed,My team needs tape. How do I order them? This has been occurring since yesterday. I'm working at our Austin location.,other,low,low,low,closed,False,,low,False,Issue resolved by technician,2025-12-28T21:18:10.644423,2025-12-21T10:28:58.644423,2025-12-22T05:28:58.644423,178.82,Manufacturing Corp,3,9,0,inquiry
721,TICK-2026-01311,Access removed incorrectly,My access to project management system was removed but I still need it for my work. This might have been done in error.,login,low,,low,resolved,True,0.99,low,False,Issue resolved by technician,2026-02-28T10:15:10.621886,2026-02-20T08:49:58.621886,2026-02-20T14:49:58.621886,193.42,Legal Services LLP,14,8,0,access
722,TICK-2025-00934,Network drive not accessible,I can't access the shared network drive \\server\documents. It says the path doesn't exist. This first noticed earlier today. I'm working in the Finance department.,network,high,,high,closed,True,0.7,high,False,Issue resolved by technician,2025-08-29T16:59:22.576605,2025-08-28T15:38:58.576605,2025-08-30T07:38:58.576605,25.34,Consulting Associates,0,0,1,lan
723,TICK-2025-01090,Forgot my password,I forgot my password and can't log in. I've tried the reset option but haven't received the email. This first noticed last night. I'm working on an important project. Employee ID: 38455.,login,high,high,high,resolved,True,0.54,high,False,Issue resolved by technician,2025-12-15T15:44:46.598771,2025-12-15T02:18:58.598771,2025-12-15T22:18:58.598771,13.43,Logistics International,25,13,0,password
724,TICK-2026-01354,MFA code not working,The code from my authenticator app isn't being accepted. I've tried multiple times with fresh codes. I'm working in the 2nd floor office.,login,high,,high,resolved,True,0.98,high,False,Issue resolved by technician,2026-01-29T07:05:58.624625,2026-01-28T23:53:58.624625,2026-01-30T08:53:58.624625,7.2,Research Institute,4,9,0,mfa
725,TICK-2026-01740,Bulk action needed,Please add the ability to tag multiple items at once in the mobile app. This first noticed yesterday.,feature_request,low,,low,closed,True,0.73,low,False,Issue resolved by technician,2026-02-27T18:18:10.638147,2026-02-19T13:55:58.638147,2026-02-20T04:55:58.638147,196.37,Legal Services LLP,10,2,0,enhancement
726,TICK-2026-00559,Excel formulas not calculating,My Excel spreadsheet formulas are showing the formula text instead of calculating. I haven't changed any settings. I'm working in the Engineering department. I've already restarted 3 times.,software,medium,,critical,closed,True,0.81,critical,True,Issue resolved by user,2026-02-08T01:46:58.555033,2026-02-05T01:40:58.555033,2026-02-06T23:40:58.555033,72.1,Consulting Associates,7,9,0,office
727,TICK-2026-00856,WiFi keeps disconnecting,My WiFi connection drops every few minutes. I have to turn WiFi off and on to reconnect temporarily. This started just now.,network,medium,,medium,resolved,True,0.75,medium,False,Issue resolved by technician,2026-02-06T06:55:34.570377,2026-02-02T01:48:58.570377,2026-02-02T15:48:58.570377,101.11,Education Foundation,8,10,0,wireless
728,TICK-2025-00108,laptop making strange noise,My workstation is making a loud clicking/grinding noise. It started yesterday and seems to be coming from inside the case. I'm worried about data loss. This began happening during a presentation.,hardware,high,high,high,resolved,True,0.78,high,False,Issue resolved by technician,2025-12-08T07:25:46.511025,2025-12-07T22:47:58.511025,2025-12-09T15:47:58.511025,8.63,Logistics International,10,14,0,computer
729,TICK-2026-01385,Need to update payment method,I need to update my credit card on file as it's expiring soon. How do I do this? This appeared last week. This worked fine before. Employee ID: 29929.,billing,low,,low,resolved,True,0.68,low,False,Issue resolved by technician,2026-01-19T23:36:34.626313,2026-01-12T16:56:58.626313,2026-01-14T05:56:58.626313,174.66,Research Institute,1,0,0,payment
730,TICK-2025-01711,Dashboard customization,I'd like to be able to customize my dashboard to show auto-save. This first noticed this week. I'm working from my home office.,feature_request,low,low,low,closed,True,0.81,low,False,Issue resolved by user,2025-05-09T00:14:34.637274,2025-04-30T11:40:58.637274,2025-05-01T03:40:58.637274,204.56,Financial Services Group,12,10,0,new_feature
731,TICK-2025-01943,Office supplies needed,My team needs notebooks. How do I order them? I'm working from my home office.,other,low,,low,resolved,False,,low,False,Issue resolved by user,2025-11-06T16:03:10.644157,2025-11-03T10:31:58.644157,2025-11-03T12:31:58.644157,77.52,Manufacturing Corp,6,13,0,inquiry
732,TICK-2026-01791,Bulk action needed,Please add the ability to export multiple items at once in the project management tool. This first noticed this morning.,feature_request,low,,low,resolved,True,0.81,low,False,Issue resolved by technician,2026-02-15T22:27:22.639615,2026-02-11T18:33:58.639615,2026-02-12T12:33:58.639615,99.89,Education Foundation,3,6,1,enhancement
733,TICK-2025-01990,Training request,I need training on how to use project management tool. Is there documentation or videos available? I'm working from my home office. Asset tag: IT-5392-C. Employee ID: 86820.,other,low,,low,closed,True,0.65,low,False,Issue resolved by technician,2025-12-15T19:48:46.645513,2025-12-11T05:55:58.645513,2025-12-11T18:55:58.645513,109.88,Consulting Associates,0,10,0,inquiry
734,TICK-2025-01221,Access removed incorrectly,My access to project management system was removed but I still need it for my work. This might have been done in error. This appeared during a presentation. I'm working in meeting room 944. Please prioritize this.,login,high,,high,closed,False,,high,False,Issue resolved by user,2025-10-25T10:30:22.611874,2025-10-23T12:51:58.611874,2025-10-23T14:51:58.611874,45.64,Financial Services Group,15,14,0,access
735,TICK-2025-01106,Account disabled,I can't log in and the message says my account has been disabled. I don't know why this happened. This started a few hours ago. I'm working in the Engineering department.,login,critical,critical,critical,resolved,True,0.98,critical,False,Issue resolved by technician,2025-08-29T10:48:22.600334,2025-08-29T05:15:58.600334,2025-08-30T21:15:58.600334,5.54,Media & Entertainment LLC,5,5,0,account_locked
736,TICK-2026-00370,Outlook not syncing emails,Outlook stopped syncing new emails. It shows connected but no new messages appear even though I can see them on webmail.,software,high,high,high,closed,True,0.68,high,False,Issue resolved by user,2026-01-13T13:03:46.536372,2026-01-11T13:16:58.536372,2026-01-12T11:16:58.536372,47.78,Logistics International,6,4,2,office
737,TICK-2026-00275,Paper jam in printer,The printer keeps showing a paper jam error but I've checked and there's no paper stuck. Cleared the tray multiple times. This has been occurring since since yesterday. I'm working in the IT department. I have a deadline in 2 days. Employee ID: 40332.,hardware,medium,medium,medium,closed,True,0.67,medium,False,Issue resolved by user,2026-01-05T16:07:22.522337,2026-01-01T07:04:58.522337,2026-01-02T01:04:58.522337,105.04,Tech Innovations Inc.,5,15,0,printer
738,TICK-2026-01832,Feedback on service,I wanted to provide feedback on my recent support experience. The issue was resolved but took longer than expected. Employee ID: 31686.,other,low,,low,resolved,True,0.86,low,False,Issue resolved by user,2026-02-14T12:17:22.640840,2026-02-07T17:35:58.640840,2026-02-08T07:35:58.640840,162.69,Logistics International,6,15,0,feedback
739,TICK-2026-01057,Can't access specific website,I can't access project management tool from my computer. It worked yesterday but now I get a timeout error. This started after lunch.,network,medium,,medium,closed,True,0.56,medium,False,Issue resolved by user,2026-01-29T14:54:46.594724,2026-01-28T12:01:58.594724,2026-01-28T15:01:58.594724,26.88,Healthcare Partners,3,8,0,connectivity
740,TICK-2025-00448,Antivirus blocking application,My antivirus is blocking Zoom from running. I've tried adding an exception but it still blocks it. This started after lunch. I have a deadline tomorrow. Employee ID: 28858.,software,low,,low,resolved,True,0.97,low,False,Issue resolved by user,2025-11-20T07:23:10.546172,2025-11-14T06:39:58.546172,2025-11-15T18:39:58.546172,144.72,Media & Entertainment LLC,1,0,0,security
741,TICK-2025-00736,Request access to public share,I need access to the public share folder. I am an intern and I am in training. This appeared yesterday.,network,medium,,critical,open,True,0.61,critical,True,,,2025-12-31T13:34:58.563557,2026-01-02T03:34:58.563557,,Media & Entertainment LLC,4,14,0,lan
742,TICK-2026-00360,Software license expired,My Visual Studio license has expired and I can no longer access the software. I need it for my daily work. This began happening just now.,software,medium,medium,high,closed,True,0.74,high,True,Issue resolved by technician,2026-02-13T14:18:10.535468,2026-02-10T08:55:58.535468,2026-02-10T19:55:58.535468,77.37,Global Retail Solutions,8,15,0,installation
743,TICK-2026-01365,Charged twice this month,I was charged twice for my hosting subscription this month. Please refund the duplicate charge. This has been occurring since before our meeting.,billing,high,,medium,waiting_on_customer,True,0.96,medium,True,,,2026-02-25T19:40:58.625255,2026-02-26T18:40:58.625255,,Healthcare Partners,3,13,0,dispute
744,TICK-2026-00588,Edge not loading pages,Firefox shows 'This site can't be reached' for every website I try to visit. Other browsers work fine.,software,medium,,medium,waiting_on_customer,True,0.81,medium,False,,,2026-02-24T10:01:58.556922,2026-02-25T02:01:58.556922,,Healthcare Partners,1,9,0,browser
745,TICK-2026-00775,WiFi keeps disconnecting,My WiFi connection drops every few minutes. I have to turn WiFi off and on to reconnect temporarily. This began happening just now. I'm working in the Sales department.,network,medium,medium,medium,resolved,True,0.72,medium,False,Issue resolved by technician,2026-02-17T05:41:46.564722,2026-02-15T05:12:58.564722,2026-02-16T01:12:58.564722,48.48,Manufacturing Corp,0,13,0,wireless
746,TICK-2026-01337,Being redirected to wrong login,"When I try to access SharePoint, it redirects me to the wrong login page. This began happening a few hours ago.",login,high,,high,closed,True,0.87,high,False,Issue resolved by technician,2026-02-12T20:51:22.623647,2026-02-12T12:12:58.623647,2026-02-12T14:12:58.623647,8.64,Education Foundation,13,6,0,sso
747,TICK-2026-00126,Print quality is poor,My printed documents are coming out with streaks and faded areas. I've replaced the cartridge but the problem persists. This first noticed before our meeting. This is affecting my productivity. Employee ID: 81001.,hardware,low,low,critical,closed,True,0.61,critical,True,Issue resolved by user,2026-02-22T04:20:46.512330,2026-02-18T08:54:58.512330,2026-02-19T19:54:58.512330,91.43,Media & Entertainment LLC,2,8,0,printer
748,TICK-2026-01541,Remove user from system,Emily Davis has left the company and their account should be deactivated. This has been occurring since yesterday.,account,medium,,medium,closed,True,0.95,medium,False,Issue resolved by technician,2026-02-24T00:02:34.632128,2026-02-23T01:58:58.632128,2026-02-23T09:58:58.632128,22.06,Legal Services LLP,0,1,0,deletion
749,TICK-2026-01623,Need additional permissions,I need edit permissions for the project management to do my job. Currently I only have view access. This appeared during a presentation.,account,medium,,low,closed,True,0.81,low,True,Issue resolved by technician,2026-01-20T12:26:58.634676,2026-01-19T15:44:58.634676,2026-01-20T21:44:58.634676,20.7,Consulting Associates,0,11,0,permissions
750,TICK-2026-00782,Network extremely slow for everyone,Multiple people in my team are experiencing slow network. File transfers are taking forever. This appeared last week. I'm working while working remotely.,network,high,,high,resolved,True,0.91,high,False,Issue resolved by user,2026-01-18T11:22:22.564932,2026-01-17T21:16:58.564932,2026-01-19T08:16:58.564932,14.09,Media & Entertainment LLC,4,2,0,performance
751,TICK-2026-00393,Can't download files from browser,"When I try to download files in Chrome, nothing happens. The download doesn't start. This first noticed since Monday.",software,low,,low,closed,True,0.77,low,False,Issue resolved by user,2026-02-16T17:44:46.540964,2026-02-08T08:36:58.540964,2026-02-09T05:36:58.540964,201.13,Education Foundation,9,9,0,browser
752,TICK-2025-00001,Blue screen errors on my computer,"I keep getting blue screen errors that force my computer to restart. It happens randomly, sometimes twice a day. The error code is different each time. This has been occurring since earlier today.",hardware,high,,high,resolved,False,,high,False,Issue resolved by technician,2025-11-09T05:43:46.501966,2025-11-08T13:56:58.501966,2025-11-08T22:56:58.501966,15.78,Media & Entertainment LLC,5,8,0,computer
753,TICK-2026-01902,Feedback on service,I wanted to provide feedback on my recent support experience. The issue was resolved but took longer than expected. This started this morning. I'm working from my home office. Employee ID: 89664.,other,low,,low,waiting_on_customer,True,0.88,low,False,,,2026-02-27T12:22:58.642961,2026-02-28T09:22:58.642961,,Healthcare Partners,0,14,0,feedback
754,TICK-2025-00455,System running slow after update,"Ever since the last Windows update, my computer has been extremely slow. Applications take minutes to load.",software,high,,high,resolved,True,0.92,high,False,Issue resolved by technician,2026-01-01T01:38:22.546791,2025-12-30T11:17:58.546791,2025-12-31T07:17:58.546791,38.34,Consulting Associates,7,8,1,os
755,TICK-2026-00451,macOS update failed,I tried to install the latest Windows 11 update but it failed with error code 0x19D3. The system keeps prompting me to update but it fails every time. This has been occurring since a few hours ago. Asset tag: IT-7810-D. Employee ID: 49716.,software,high,,high,open,True,0.92,high,False,,,2026-01-20T12:30:58.546413,2026-01-22T11:30:58.546413,,Manufacturing Corp,0,0,0,os
756,TICK-2025-01383,Invoice not received,I haven't received my invoice for August. Can you please resend it to my email? This first noticed since Monday. I'm working in meeting room 271.,billing,high,high,high,resolved,True,0.9,high,False,Issue resolved by user,2025-10-11T16:03:46.626214,2025-10-11T06:25:58.626214,2025-10-11T19:25:58.626214,9.63,Global Retail Solutions,3,5,0,invoice
757,TICK-2026-01441,Payment failed,I received a notice that my payment failed. My card is valid so I'm not sure why. This began happening after lunch.,billing,high,,critical,in_progress,True,0.73,critical,True,,,2026-02-19T16:19:58.628830,2026-02-20T13:19:58.628830,,Global Retail Solutions,8,9,0,payment
758,TICK-2025-01044,Can't connect to WiFi,My computer won't connect to the office WiFi. It sees the network but when I try to connect it says 'Can't connect to this network'. Please prioritize this.,network,high,,high,closed,True,0.71,high,False,Issue resolved by user,2025-11-13T20:52:58.592225,2025-11-12T06:43:58.592225,2025-11-12T13:43:58.592225,38.15,Financial Services Group,11,14,0,wireless
759,TICK-2026-01487,Incorrect charge on invoice,My invoice shows a charge of $107.93 that I don't recognize. Please explain this charge. This began happening yesterday. I'm working in the Sales department. Multiple colleagues have the same issue.,billing,low,low,low,resolved,True,0.72,low,False,Issue resolved by technician,2026-03-07T10:51:22.630443,2026-02-25T12:39:58.630443,2026-02-26T22:39:58.630443,238.19,Manufacturing Corp,3,10,0,invoice
760,TICK-2025-01380,Need to update payment method,I need to update my credit card on file as it's expiring soon. How do I do this? This began happening just now. I'm working on an important project.,billing,low,,low,resolved,True,0.84,low,False,Issue resolved by technician,2025-11-08T06:19:22.626062,2025-10-30T00:34:58.626062,2025-10-31T06:34:58.626062,221.74,Logistics International,2,15,0,payment
761,TICK-2025-01362,Need to update payment method,I need to update my credit card on file as it's expiring soon. How do I do this? I tried the troubleshooting guide but it didn't help.,billing,low,low,high,closed,True,0.95,high,True,Issue resolved by technician,2025-12-12T00:25:46.625077,2025-12-09T10:26:58.625077,2025-12-11T10:26:58.625077,61.98,Logistics International,6,15,0,payment
762,TICK-2026-00694,Word crashes when opening files,Office crashes every time I try to open a specific file. I've tried repairing Office but the issue continues. Employee ID: 61747.,software,high,high,high,resolved,True,0.81,high,False,Issue resolved by technician,2026-02-20T09:31:58.562099,2026-02-18T14:22:58.562099,2026-02-18T23:22:58.562099,43.15,Education Foundation,25,2,0,office
763,TICK-2025-00660,System running slow after update,"Ever since the last Windows 11 update, my computer has been extremely slow. Applications take minutes to load. This first noticed since Monday.",software,low,low,low,closed,False,,low,False,Issue resolved by technician,2025-12-11T05:09:58.560716,2025-12-07T16:18:58.560716,2025-12-09T05:18:58.560716,84.85,Manufacturing Corp,3,2,0,os
764,TICK-2026-01308,Access removed incorrectly,My access to finance system was removed but I still need it for my work. This might have been done in error.,login,high,,medium,resolved,True,0.98,medium,True,Issue resolved by user,2026-02-08T03:21:34.621650,2026-02-06T05:32:58.621650,2026-02-06T12:32:58.621650,45.81,Global Retail Solutions,0,7,0,access
765,TICK-2026-01847,Conference room booking issue,I'm having trouble booking conference room C300 for my meeting tomorrow.,other,medium,medium,medium,in_progress,True,0.67,medium,False,,,2026-02-06T09:36:58.641270,2026-02-07T01:36:58.641270,,Financial Services Group,13,13,0,general
766,TICK-2026-00580,Excel crashes when opening files,Teams crashes every time I try to open a specific file. I've tried repairing Office but the issue continues. This started just now. I'm working from my home office. My ticket reference is REF-84329. Employee ID: 52945.,software,high,,high,open,True,0.68,high,False,,,2026-02-13T14:59:58.556425,2026-02-13T17:59:58.556425,,Education Foundation,1,8,0,office
767,TICK-2026-01809,Office supplies needed,My team needs tape. How do I order them? This first noticed this week. I'm working at my desk in Building A. I have a deadline end of week.,other,low,,low,closed,False,,low,False,Issue resolved by technician,2026-01-23T15:53:34.640162,2026-01-21T23:28:58.640162,2026-01-22T21:28:58.640162,40.41,Financial Services Group,7,8,2,inquiry
768,TICK-2026-01445,Need to update payment method,I need to update my credit card on file as it's expiring soon. How do I do this? This has been occurring since this week. I'm working in the IT department.,billing,low,low,low,closed,True,0.83,low,False,Issue resolved by user,2026-02-20T05:04:46.628974,2026-02-12T19:11:58.628974,2026-02-13T06:11:58.628974,177.88,Legal Services LLP,3,2,0,payment
769,TICK-2026-01864,General inquiry,I have a question about maintenance windows. Can someone please help me understand this better? Employee ID: 25127.,other,high,high,high,resolved,True,0.77,high,False,Issue resolved by user,2026-02-26T01:01:10.641754,2026-02-24T03:20:58.641754,2026-02-25T09:20:58.641754,45.67,Research Institute,6,13,0,inquiry
770,TICK-2026-01238,Access removed incorrectly,My access to project management system was removed but I still need it for my work. This might have been done in error. This first noticed just now.,login,high,,high,resolved,False,,high,False,Issue resolved by technician,2026-02-01T13:08:46.614591,2026-01-31T16:12:58.614591,2026-02-01T19:12:58.614591,20.93,Healthcare Partners,4,11,0,access
771,TICK-2025-00893,No internet connection,I'm connected to the network but have no internet access. Chrome says 'No internet' for all websites. This began happening about an hour ago. I'm working in the HR department.,network,critical,,critical,in_progress,True,0.69,critical,False,,,2025-11-02T11:57:58.573374,2025-11-03T09:57:58.573374,,Construction Holdings,1,0,1,connectivity
772,TICK-2026-00828,Request access to public share,I need access to the public share folder. I am an intern and I am in training.,network,low,,high,closed,True,0.89,high,True,Issue resolved by technician,2026-01-10T19:22:34.567639,2026-01-06T02:00:58.567639,2026-01-06T11:00:58.567639,113.36,Research Institute,7,11,0,lan
773,TICK-2025-00074,Blue screen errors on my computer,"I keep getting blue screen errors that force my computer to restart. It happens randomly, sometimes twice a day. The error code is different each time. This started this week. I tried the troubleshooting guide but it didn't help. Employee ID: 82963.",hardware,high,,high,closed,True,0.69,high,False,Issue resolved by technician,2025-11-30T12:55:58.507733,2025-11-29T11:28:58.507733,2025-11-29T14:28:58.507733,25.45,Consulting Associates,4,12,0,computer
774,TICK-2026-00655,Can't install software,I'm trying to install Slack but the installation fails with error: 0x20FE This appeared yesterday. I'm working in the IT department. Multiple colleagues have the same issue.,software,low,,low,resolved,True,0.89,low,False,Issue resolved by user,2026-01-08T01:31:22.560491,2026-01-02T21:19:58.560491,2026-01-04T16:19:58.560491,124.19,Global Retail Solutions,9,15,0,installation
775,TICK-2026-00747,WiFi keeps disconnecting,My WiFi connection drops every few minutes. I have to turn WiFi off and on to reconnect temporarily.,network,high,high,high,waiting_on_customer,False,,high,False,,,2026-01-10T00:51:58.563883,2026-01-10T12:51:58.563883,,Tech Innovations Inc.,6,10,0,wireless
776,TICK-2025-01369,Incorrect charge on invoice,My invoice shows a charge of $447.50 that I don't recognize. Please explain this charge. This started before our meeting. I'm working from my home office.,billing,medium,,medium,closed,True,0.93,medium,False,Issue resolved by technician,2025-12-21T14:22:34.625463,2025-12-17T04:48:58.625463,2025-12-18T11:48:58.625463,105.56,Global Retail Solutions,15,9,0,invoice
777,TICK-2026-01617,Need additional permissions,I need edit permissions for the project management to do my job. Currently I only have view access. I'm working at my desk in Building A.,account,medium,medium,low,in_progress,True,0.76,low,True,,,2026-02-21T20:02:58.634514,2026-02-23T04:02:58.634514,,Consulting Associates,8,10,0,permissions
778,TICK-2026-00155,Computer shuts down randomly,"My computer shuts down without warning. It happens at random times, sometimes after just 10 minutes of use.",hardware,high,,high,resolved,True,0.72,high,False,Issue resolved by user,2026-02-25T01:13:22.513905,2026-02-24T07:34:58.513905,2026-02-25T21:34:58.513905,17.64,Research Institute,6,5,1,power
779,TICK-2026-00848,Request access to shared folder,I need access to the team shared folder on the network. I am a new employee and require access for my work. I'm working from my home office.,network,medium,,medium,resolved,True,0.65,medium,False,Issue resolved by technician,2026-02-19T20:49:46.569687,2026-02-17T20:47:58.569687,2026-02-18T09:47:58.569687,48.03,Education Foundation,0,1,1,lan
780,TICK-2026-01230,Not receiving MFA text messages,I selected SMS for MFA but I'm not receiving the text messages with the code. I'm working in the ground floor office. I'm working on an important project.,login,high,,high,resolved,False,,high,False,Issue resolved by technician,2026-02-12T14:50:10.613431,2026-02-10T15:12:58.613431,2026-02-12T13:12:58.613431,47.62,Media & Entertainment LLC,0,13,0,mfa
781,TICK-2026-01578,Notification settings not saving,I've disabled email notifications several times but I keep receiving them. This started last night. I've already restarted 2 times.,account,low,,high,closed,True,0.83,high,True,Issue resolved by technician,2026-02-17T12:00:46.633339,2026-02-09T15:46:58.633339,2026-02-10T20:46:58.633339,188.23,Healthcare Partners,16,0,0,settings
782,TICK-2025-00303,Windows 11 won't boot,"After a restart, macOS won't boot. It gets stuck on the loading screen and never progresses to the login. This has been occurring since this week. I'm working in meeting room 120.",software,critical,,critical,closed,True,0.81,critical,False,Issue resolved by user,2025-11-25T18:03:58.524722,2025-11-25T06:33:58.524722,2025-11-25T23:33:58.524722,11.5,Healthcare Partners,4,1,0,os
783,TICK-2026-00456,Application freezing randomly,Photoshop freezes randomly during use. I have to force close it and lose my unsaved work. This started last night.,software,low,,low,resolved,True,0.79,low,False,Issue resolved by technician,2026-01-19T08:47:46.546868,2026-01-16T01:45:58.546868,2026-01-17T11:45:58.546868,79.03,Tech Innovations Inc.,10,2,0,application
784,TICK-2025-00180,Second monitor not detected,I connected a second monitor to my laptop but macOS doesn't detect it. I've tried the display settings but only shows one monitor.,hardware,low,low,low,closed,True,0.85,low,False,Issue resolved by technician,2025-10-10T20:52:34.515068,2025-10-01T19:42:58.515068,2025-10-03T18:42:58.515068,217.16,Media & Entertainment LLC,3,15,0,display
785,TICK-2026-01637,Notification settings not saving,I've disabled email notifications several times but I keep receiving them.,account,low,,low,closed,False,,low,False,Issue resolved by technician,2026-01-09T03:17:22.635087,2026-01-05T06:29:58.635087,2026-01-06T04:29:58.635087,92.79,Logistics International,0,15,0,settings
786,TICK-2026-00895,VPN won't connect,I'm trying to connect to the company VPN from home but it keeps timing out. I can access the internet fine without VPN. I'm working in the 5th floor office. Employee ID: 24671.,network,high,,high,open,True,0.93,high,False,,,2026-01-03T07:27:58.573531,2026-01-03T08:27:58.573531,,Tech Innovations Inc.,14,1,0,vpn
787,TICK-2026-00187,Printer not printing,"When I try to print, the job gets stuck in the queue. The printer shows as online but nothing comes out. This appeared last night.",hardware,medium,,medium,waiting_on_customer,True,0.7,medium,False,,,2026-01-21T23:41:58.515401,2026-01-21T23:41:58.515401,,Healthcare Partners,4,10,2,printer
788,TICK-2025-01053,New hire needs network share access,I started this week and need to be granted access to the shared folders on the network as part of onboarding. This first noticed last week. Employee ID: 43689.,network,high,high,high,waiting_on_customer,True,0.84,high,False,,,2025-12-30T10:49:58.593792,2025-12-31T19:49:58.593792,,Legal Services LLP,3,10,0,lan
789,TICK-2026-00594,Suspicious popup messages,I keep getting popup messages even when no browser is open. They ask me to call a number for support. Employee ID: 50665.,software,critical,,critical,resolved,True,0.72,critical,False,Issue resolved by technician,2026-01-07T13:21:46.557289,2026-01-06T17:07:58.557289,2026-01-08T06:07:58.557289,20.23,Tech Innovations Inc.,1,3,0,security
790,TICK-2026-00949,No internet connection,I'm connected to the network but have no internet access. Firefox says 'No internet' for all websites. I'm working in the ground floor office.,network,critical,,critical,closed,True,0.79,critical,False,Issue resolved by technician,2026-01-08T11:17:46.578461,2026-01-07T20:12:58.578461,2026-01-08T08:12:58.578461,15.08,Healthcare Partners,2,14,1,connectivity
791,TICK-2025-00223,Screen flickering constantly,My monitor screen keeps flickering every few seconds. It's giving me headaches and making it impossible to work. I'm working at our Chicago location. I'm working on an important project.,hardware,low,,low,closed,True,0.67,low,False,Issue resolved by technician,2025-12-24T01:14:58.517504,2025-12-15T11:14:58.517504,2025-12-17T03:14:58.517504,206.0,Construction Holdings,6,2,0,display
792,TICK-2025-01880,Office supplies needed,My team needs pens. How do I order them? I'm working while working remotely.,other,low,,low,resolved,True,0.66,low,False,Issue resolved by technician,2025-11-12T05:10:22.642224,2025-11-08T04:37:58.642224,2025-11-09T02:37:58.642224,96.54,Research Institute,4,7,0,inquiry
793,TICK-2026-01735,Integration request,We need reporting system to integrate with Salesforce. Is this possible? This has been occurring since before our meeting. I'm working in the Marketing department.,feature_request,high,high,medium,open,True,0.7,medium,True,,,2026-02-25T01:25:58.637998,2026-02-25T08:25:58.637998,,Healthcare Partners,7,14,1,integration
794,TICK-2025-00855,Can't connect to WiFi,My computer won't connect to the office WiFi. It sees the network but when I try to connect it says 'Can't connect to this network'. Please prioritize this.,network,medium,,medium,resolved,True,0.9,medium,False,Issue resolved by technician,2026-01-03T23:02:10.570297,2025-12-30T06:42:58.570297,2025-12-30T13:42:58.570297,112.32,Global Retail Solutions,0,12,0,wireless
795,TICK-2026-01305,Can't change my password,I'm trying to update my password as required but the system says my new password doesn't meet requirements. This appeared during a presentation.,login,high,high,high,closed,True,0.82,high,False,Issue resolved by technician,2026-02-06T21:00:10.621443,2026-02-06T12:31:58.621443,2026-02-07T10:31:58.621443,8.47,Education Foundation,1,11,1,password
796,TICK-2026-01548,Can't change my profile settings,"When I try to update my profile information, the save button doesn't work. This began happening just now.",account,medium,,medium,resolved,True,0.81,medium,False,Issue resolved by technician,2026-02-22T01:57:22.632437,2026-02-18T22:51:58.632437,2026-02-20T21:51:58.632437,75.09,Financial Services Group,19,8,0,settings
797,TICK-2026-00146,Dropped external hard drive,I dropped my external hard drive and now my computer doesn't recognize it when I plug it in. This appeared about an hour ago. I'm working in meeting room 400.,hardware,high,high,high,open,True,0.82,high,False,,,2026-02-26T00:08:58.513415,2026-02-26T05:08:58.513415,,Tech Innovations Inc.,0,9,1,damage
798,TICK-2026-00332,Software license expired,My Adobe Acrobat license has expired and I can no longer access the software. I need it for my daily work. This started after lunch. I'm working in the IT department.,software,high,,high,closed,True,0.84,high,False,Issue resolved by technician,2026-01-07T01:32:58.531531,2026-01-06T09:59:58.531531,2026-01-07T23:59:58.531531,15.55,Media & Entertainment LLC,1,2,2,installation
799,TICK-2026-01335,Being redirected to wrong login,"When I try to access project management system, it redirects me to the wrong login page. This started this morning. I'm working in the 4th floor office. My ticket reference is REF-83094.",login,high,,high,closed,True,0.82,high,False,Issue resolved by technician,2026-02-03T13:36:34.623504,2026-02-01T19:50:58.623504,2026-02-02T04:50:58.623504,41.76,Manufacturing Corp,0,15,0,sso
800,TICK-2026-00133,Computer shuts down randomly,"My computer shuts down without warning. It happens at random times, sometimes after just 10 minutes of use. This appeared earlier today.",hardware,high,,high,resolved,True,0.93,high,False,Issue resolved by technician,2026-01-04T16:51:34.512708,2026-01-03T22:47:58.512708,2026-01-04T00:47:58.512708,18.06,Healthcare Partners,3,2,0,power
801,TICK-2025-00808,Request access to public share,I need access to the public share folder. I am an intern and I am in training. This started last week.,network,medium,medium,medium,closed,True,0.67,medium,False,Issue resolved by user,2025-12-13T19:38:46.565704,2025-12-11T17:51:58.565704,2025-12-12T04:51:58.565704,49.78,Financial Services Group,2,7,0,lan
802,TICK-2026-01531,Update my contact information,Please update my phone number to +1-555-131-9809 in the system. This started during a presentation. Multiple colleagues have the same issue.,account,low,,low,closed,True,0.83,low,False,Issue resolved by user,2026-02-18T05:40:34.631820,2026-02-09T03:39:58.631820,2026-02-09T12:39:58.631820,218.01,Healthcare Partners,8,4,0,profile
803,TICK-2026-01827,Office supplies needed,My team needs notebooks. How do I order them? This first noticed yesterday afternoon. Multiple colleagues have the same issue.,other,low,low,critical,closed,True,0.93,critical,True,Issue resolved by technician,2026-02-22T01:44:46.640692,2026-02-14T22:18:58.640692,2026-02-15T14:18:58.640692,171.43,Media & Entertainment LLC,2,3,0,inquiry
804,TICK-2025-01518,Incorrect charge on invoice,My invoice shows a charge of $304.59 that I don't recognize. Please explain this charge. This first noticed yesterday. This is affecting my productivity. Employee ID: 32245.,billing,medium,,medium,closed,True,0.83,medium,False,Issue resolved by technician,2025-11-21T12:59:46.631412,2025-11-18T13:24:58.631412,2025-11-20T03:24:58.631412,71.58,Logistics International,12,11,0,invoice
805,TICK-2026-00552,Excel crashes when opening files,Outlook crashes every time I try to open a specific file. I've tried repairing Office but the issue continues. This first noticed this week. I'm working on an important project.,software,high,,high,closed,True,0.82,high,False,Issue resolved by user,2026-02-13T23:02:46.554508,2026-02-13T16:15:58.554508,2026-02-14T14:15:58.554508,6.78,Manufacturing Corp,4,9,0,office
806,TICK-2026-01545,Update my contact information,Please update my phone number to +1-555-674-3258 in the system. This appeared during a presentation. Please prioritize this.,account,low,,low,in_progress,False,,low,False,,,2026-02-27T14:35:58.632245,2026-02-27T22:35:58.632245,,Education Foundation,1,10,0,profile
807,TICK-2025-00236,My desktop won't turn on,I tried to power on my desktop this morning but nothing happens. The power light doesn't come on and there's no response when I press the power button. I've checked the power cable and it seems connected properly. This first noticed this morning.,hardware,high,,critical,resolved,True,0.81,critical,True,Issue resolved by technician,2025-09-08T05:33:10.518598,2025-09-06T09:01:58.518598,2025-09-08T03:01:58.518598,44.52,Consulting Associates,6,0,0,computer
808,TICK-2026-01382,Want to cancel subscription,I'd like to cancel my subscription to cloud storage at the end of this billing period. This first noticed last week. I'm working on an important project.,billing,medium,,medium,resolved,True,0.75,medium,False,Issue resolved by technician,2026-02-12T19:01:10.626164,2026-02-10T18:14:58.626164,2026-02-12T00:14:58.626164,48.77,Healthcare Partners,5,2,0,subscription
809,TICK-2026-00453,Computer infected with virus,"I think my computer has a virus. It's running slow, showing popups, and my homepage changed without my doing. This began happening before our meeting. I'm working while working remotely.",software,medium,,medium,resolved,True,0.91,medium,False,Issue resolved by technician,2026-02-08T22:08:22.546591,2026-02-06T00:32:58.546591,2026-02-06T05:32:58.546591,69.59,Consulting Associates,6,14,0,security
810,TICK-2025-01448,Need to upgrade subscription,I need to upgrade my subscription from Basic to Premium. Please advise on the process and pricing. I'm working in the Sales department. Asset tag: IT-1934-C.,billing,medium,medium,medium,resolved,False,,medium,False,Issue resolved by technician,2025-09-25T03:44:22.629079,2025-09-24T14:44:58.629079,2025-09-24T23:44:58.629079,12.99,Healthcare Partners,11,9,0,subscription
811,TICK-2025-01693,Bulk action needed,Please add the ability to archive multiple items at once in the project management tool. Multiple colleagues have the same issue.,feature_request,low,,low,closed,True,0.85,low,False,Issue resolved by user,2025-06-22T12:22:58.636740,2025-06-19T16:52:58.636740,2025-06-20T03:52:58.636740,67.5,Healthcare Partners,7,3,0,enhancement
812,TICK-2025-00972,WiFi keeps disconnecting,My WiFi connection drops every few minutes. I have to turn WiFi off and on to reconnect temporarily. I'm working at my desk in Building C. My ticket reference is REF-11236.,network,high,high,high,resolved,True,0.83,high,False,Issue resolved by user,2025-12-11T02:10:10.580995,2025-12-10T12:29:58.580995,2025-12-11T03:29:58.580995,13.67,Manufacturing Corp,1,9,0,wireless
813,TICK-2026-00069,Second monitor not detected,I connected a second monitor to my laptop but macOS doesn't detect it. I've tried the display settings but only shows one monitor. This started a few hours ago. I'm working in the Operations department.,hardware,medium,medium,medium,closed,False,,medium,False,Issue resolved by technician,2026-02-03T00:52:46.507304,2026-01-31T13:35:58.507304,2026-01-31T22:35:58.507304,59.28,Education Foundation,0,6,0,display
814,TICK-2025-01495,Need to upgrade subscription,I need to upgrade my subscription from Basic to Premium. Please advise on the process and pricing. I'm working while working remotely.,billing,medium,medium,medium,resolved,True,0.66,medium,False,Issue resolved by technician,2025-12-31T11:56:46.630702,2025-12-30T01:36:58.630702,2025-12-30T09:36:58.630702,34.33,Research Institute,16,1,0,subscription
815,TICK-2026-01148,Being redirected to wrong login,"When I try to access SharePoint, it redirects me to the wrong login page. This first noticed a few hours ago. I tried the troubleshooting guide but it didn't help.",login,medium,,high,open,True,0.85,high,True,,,2026-02-14T23:25:58.604172,2026-02-15T08:25:58.604172,,Manufacturing Corp,6,3,2,sso
816,TICK-2026-01324,Lost access to MFA device,I lost my phone with the authenticator app. I can't log in without the MFA code. This appeared just now. Employee ID: 86207.,login,low,,low,closed,True,0.91,low,False,Issue resolved by technician,2026-01-27T01:15:34.622795,2026-01-24T07:50:58.622795,2026-01-26T05:50:58.622795,65.41,Logistics International,0,0,0,mfa
817,TICK-2026-01137,MFA code not working,The code from my authenticator app isn't being accepted. I've tried multiple times with fresh codes.,login,medium,,medium,closed,True,0.61,medium,False,Issue resolved by technician,2026-01-13T03:32:34.603301,2026-01-12T09:04:58.603301,2026-01-14T08:04:58.603301,18.46,Construction Holdings,15,7,0,mfa
818,TICK-2025-01075,Being redirected to wrong login,"When I try to access finance system, it redirects me to the wrong login page. I'm working at my desk in Building 1.",login,medium,,medium,closed,True,0.84,medium,False,Issue resolved by technician,2025-10-18T03:11:10.597184,2025-10-17T14:36:58.597184,2025-10-19T11:36:58.597184,12.57,Tech Innovations Inc.,0,1,0,sso
819,TICK-2026-01596,Remove user from system,Michael Chen has left the company and their account should be deactivated. Employee ID: 78516.,account,high,high,medium,in_progress,True,0.67,medium,True,,,2026-01-31T02:21:58.633884,2026-01-31T15:21:58.633884,,Media & Entertainment LLC,6,8,0,deletion
820,TICK-2026-01879,Equipment request,I need to request a docking station for my work. What's the process? I'm working in the IT department.,other,low,,low,in_progress,True,0.87,low,False,,,2026-02-26T12:01:58.642197,2026-02-27T10:01:58.642197,,Legal Services LLP,3,2,0,inquiry
821,TICK-2026-01276,Account locked out,My account is locked after too many login attempts. I was trying different passwords I thought might be correct. This has been occurring since since Monday.,login,medium,,medium,resolved,True,0.92,medium,False,Issue resolved by user,2026-02-23T18:42:10.619146,2026-02-18T23:31:58.619146,2026-02-19T07:31:58.619146,115.17,Manufacturing Corp,0,12,0,account_locked
822,TICK-2025-00406,Safari not loading pages,Safari shows 'This site can't be reached' for every website I try to visit. Other browsers work fine. This started after lunch. I'm working in the Sales department. My ticket reference is REF-15700.,software,critical,,critical,in_progress,True,0.89,critical,False,,,2025-10-09T17:46:58.542452,2025-10-10T10:46:58.542452,,Logistics International,0,13,0,browser
823,TICK-2026-01237,Account locked out,My account is locked after too many login attempts. I was trying different passwords I thought might be correct. This has been occurring since since yesterday. I'm working at my desk in Building C. I tried the troubleshooting guide but it didn't help.,login,high,,high,closed,True,0.72,high,False,Issue resolved by user,2026-01-11T12:42:10.614468,2026-01-11T03:40:58.614468,2026-01-12T18:40:58.614468,9.02,Tech Innovations Inc.,13,1,0,account_locked
824,TICK-2025-01247,Can't change my password,I'm trying to update my password as required but the system says my new password doesn't meet requirements. This first noticed this week. I'm working in the IT department.,login,medium,,medium,in_progress,True,0.82,medium,False,,,2025-08-17T03:21:58.615713,2025-08-18T16:21:58.615713,,Healthcare Partners,2,0,0,password
825,TICK-2025-00394,Can't download files from browser,"When I try to download files in Firefox, nothing happens. The download doesn't start. This has been occurring since yesterday afternoon. I'm working from my home office.",software,low,,low,closed,True,0.89,low,False,Issue resolved by technician,2025-07-12T17:16:34.541083,2025-07-11T10:09:58.541083,2025-07-12T13:09:58.541083,31.11,Healthcare Partners,2,10,0,browser
826,TICK-2026-01716,Mobile app feature request,Could you add batch delete to the mobile app? It's available on desktop but not mobile. This began happening a few hours ago. I'm working at our Dallas location. Asset tag: IT-6750-A.,feature_request,low,,low,resolved,True,0.97,low,False,Issue resolved by technician,2026-01-16T12:44:22.637421,2026-01-13T07:23:58.637421,2026-01-14T06:23:58.637421,77.34,Consulting Associates,15,11,0,enhancement
827,TICK-2026-00997,Network drive not accessible,I can't access the shared network drive \\server\projects. It says the path doesn't exist. This has been occurring since yesterday afternoon.,network,high,,high,resolved,True,0.67,high,False,Issue resolved by technician,2026-01-21T16:12:34.585674,2026-01-19T22:59:58.585674,2026-01-20T23:59:58.585674,41.21,Construction Holdings,3,2,0,lan
828,TICK-2025-01023,Can't connect to WiFi,My computer won't connect to the office WiFi. It sees the network but when I try to connect it says 'Can't connect to this network'. This started during a presentation. I'm working at my desk in Building 1.,network,high,,high,closed,True,0.81,high,False,Issue resolved by technician,2025-08-07T20:45:34.588991,2025-08-06T00:05:58.588991,2025-08-07T09:05:58.588991,44.66,Healthcare Partners,0,8,1,wireless
829,TICK-2026-01309,Being redirected to wrong login,"When I try to access HR portal, it redirects me to the wrong login page. This started before our meeting. I'm working at our Chicago location. I've already restarted 3 times.",login,medium,,medium,resolved,True,0.84,medium,False,Issue resolved by user,2026-02-05T00:19:46.621734,2026-02-02T23:50:58.621734,2026-02-03T11:50:58.621734,48.48,Education Foundation,2,6,0,sso
830,TICK-2025-00915,Video calls have poor quality,My video calls have terrible quality with constant freezing and audio delay. My internet speed seems fine. This began happening a few hours ago. I'm working at our Houston location.,network,medium,,low,closed,True,0.74,low,True,Issue resolved by technician,2025-12-23T00:10:46.575098,2025-12-19T15:41:58.575098,2025-12-20T02:41:58.575098,80.48,Healthcare Partners,3,15,1,performance
831,TICK-2026-00596,PowerPoint formulas not calculating,My Office spreadsheet formulas are showing the formula text instead of calculating. I haven't changed any settings. This first noticed yesterday afternoon.,software,medium,,medium,resolved,True,0.65,medium,False,Issue resolved by technician,2026-02-27T01:18:58.557407,2026-02-24T13:15:58.557407,2026-02-24T18:15:58.557407,60.05,Research Institute,4,0,0,office
832,TICK-2026-00631,Suspicious popup messages,I keep getting popup messages even when no browser is open. They ask me to call a number for support. I'm working from my home office. Employee ID: 84392.,software,critical,,critical,resolved,True,0.84,critical,False,Issue resolved by technician,2026-01-27T17:08:10.559348,2026-01-27T02:42:58.559348,2026-01-28T02:42:58.559348,14.42,Media & Entertainment LLC,0,6,0,security
833,TICK-2025-00971,No internet connection,I'm connected to the network but have no internet access. Edge says 'No internet' for all websites. This first noticed just now. I'm working in the Engineering department.,network,high,,high,resolved,True,0.93,high,False,Issue resolved by user,2025-11-29T18:05:58.580900,2025-11-28T00:26:58.580900,2025-11-29T04:26:58.580900,41.65,Logistics International,8,12,0,connectivity
834,TICK-2026-01082,Being redirected to wrong login,"When I try to access finance system, it redirects me to the wrong login page. I'm working in the IT department.",login,medium,medium,medium,waiting_on_customer,True,0.86,medium,False,,,2026-01-25T22:56:58.597996,2026-01-27T21:56:58.597996,,Research Institute,6,6,0,sso
835,TICK-2026-01805,How do I change settings?,I'm not sure how to export data in the system. Could you provide instructions? Employee ID: 42913.,other,low,,low,resolved,True,0.56,low,False,Issue resolved by technician,2026-02-21T21:54:46.640036,2026-02-14T07:25:58.640036,2026-02-15T07:25:58.640036,182.48,Research Institute,9,1,2,inquiry
836,TICK-2026-01992,Office supplies needed,My team needs tape. How do I order them? I'm working from my home office.,other,low,,low,closed,True,0.75,low,False,Issue resolved by technician,2026-01-05T23:15:58.645566,2026-01-04T10:48:58.645566,2026-01-05T12:48:58.645566,36.45,Legal Services LLP,0,15,0,inquiry
837,TICK-2026-00881,WiFi network not appearing,I can't see the office WiFi network in my available networks list. Other people around me can see it. This worked fine before. Employee ID: 88117.,network,low,,low,in_progress,True,0.73,low,False,,,2026-02-24T21:12:58.572438,2026-02-26T15:12:58.572438,,Education Foundation,5,13,1,wireless
838,TICK-2025-00281,Computer running extremely slow,My laptop has become incredibly slow over the past week. Applications take forever to open and the system freezes frequently. I've tried restarting but the issue persists. This has been occurring since this week. Please prioritize this. Employee ID: 95818.,hardware,medium,medium,medium,resolved,True,0.8,medium,False,Issue resolved by technician,2025-12-02T17:47:34.522837,2025-11-30T10:10:58.522837,2025-12-01T06:10:58.522837,55.61,Media & Entertainment LLC,2,5,0,computer
839,TICK-2025-01789,Improvement suggestion,The current project management tool workflow is cumbersome. Could you add the ability to dark mode? Employee ID: 67501.,feature_request,low,low,low,closed,True,0.94,low,False,Issue resolved by user,2025-11-16T21:00:34.639555,2025-11-12T04:23:58.639555,2025-11-12T15:23:58.639555,112.61,Legal Services LLP,2,7,0,enhancement
840,TICK-2026-00401,Antivirus blocking application,My antivirus is blocking Adobe Acrobat from running. I've tried adding an exception but it still blocks it. This has been occurring since yesterday afternoon. I'm working at my desk in Building 3. This worked fine before.,software,medium,,high,closed,True,0.96,high,True,Issue resolved by technician,2026-02-06T02:05:58.541961,2026-02-05T10:56:58.541961,2026-02-05T15:56:58.541961,15.15,Global Retail Solutions,0,11,0,security
841,TICK-2026-01515,Charged twice this month,I was charged twice for my hosting subscription this month. Please refund the duplicate charge. I have a deadline today.,billing,high,,high,resolved,True,0.95,high,False,Issue resolved by user,2026-02-13T20:56:22.631320,2026-02-13T04:56:58.631320,2026-02-15T04:56:58.631320,15.99,Media & Entertainment LLC,5,12,0,dispute
842,TICK-2025-00320,Software license expired,My QuickBooks license has expired and I can no longer access the software. I need it for my daily work. Multiple colleagues have the same issue. Employee ID: 31997.,software,high,,high,closed,False,,high,False,Issue resolved by technician,2025-11-20T19:03:58.526072,2025-11-20T13:03:58.526072,2025-11-22T06:03:58.526072,6.0,Tech Innovations Inc.,0,10,0,installation
843,TICK-2026-01163,Not receiving MFA text messages,I selected SMS for MFA but I'm not receiving the text messages with the code. This has been occurring since earlier today. My ticket reference is REF-30283.,login,medium,,medium,closed,True,0.8,medium,False,Issue resolved by technician,2026-02-02T15:12:34.605435,2026-01-31T15:53:58.605435,2026-02-01T16:53:58.605435,47.31,Consulting Associates,21,1,0,mfa
844,TICK-2026-01336,Forgot my password,I forgot my password and can't log in. I've tried the reset option but haven't received the email. This started earlier today. I'm working in the Marketing department.,login,low,,low,closed,True,0.83,low,False,Issue resolved by technician,2026-01-16T22:46:58.623585,2026-01-10T20:04:58.623585,2026-01-11T21:04:58.623585,146.7,Legal Services LLP,6,8,0,password
845,TICK-2025-01045,Shared folder permission request,Can you please grant me read access to the shared shared folder? My manager has approved this request. I'm working in the IT department.,network,low,low,low,resolved,True,0.93,low,False,Issue resolved by technician,2025-12-16T17:03:10.592327,2025-12-14T08:43:58.592327,2025-12-16T03:43:58.592327,56.32,Education Foundation,11,12,0,lan
846,TICK-2025-00799,WiFi network not appearing,I can't see the office WiFi network in my available networks list. Other people around me can see it. This first noticed earlier today. I'm working at our Austin location.,network,high,high,high,resolved,True,0.94,high,False,Issue resolved by technician,2025-10-07T05:54:10.565430,2025-10-05T09:22:58.565430,2025-10-07T06:22:58.565430,44.52,Global Retail Solutions,3,8,2,wireless
847,TICK-2025-00226,Keyboard not working,My USB keyboard stopped working suddenly. Some keys don't respond at all while others type random characters. This appeared during a presentation. I'm working in meeting room 124.,hardware,medium,medium,high,closed,True,0.61,high,True,Issue resolved by user,2025-12-01T21:41:46.517769,2025-11-27T13:06:58.517769,2025-11-28T20:06:58.517769,104.58,Global Retail Solutions,7,8,0,peripheral
848,TICK-2025-01695,Request for new feature,It would be great if the project management tool could auto-save. This would save our team a lot of time. Multiple colleagues have the same issue.,feature_request,low,low,low,closed,False,,low,False,Issue resolved by technician,2025-09-26T21:58:34.636799,2025-09-21T20:27:58.636799,2025-09-21T21:27:58.636799,121.51,Tech Innovations Inc.,11,0,0,new_feature
849,TICK-2026-01616,Update my contact information,Please update my phone number to +1-555-519-8508 in the system.,account,low,low,high,closed,True,0.86,high,True,Issue resolved by technician,2026-01-08T09:20:22.634483,2026-01-04T00:23:58.634483,2026-01-05T03:23:58.634483,104.94,Manufacturing Corp,3,11,0,profile
850,TICK-2026-01601,Notification settings not saving,I've disabled email notifications several times but I keep receiving them. This first noticed last night. I tried the troubleshooting guide but it didn't help.,account,low,,low,closed,True,0.66,low,False,Issue resolved by user,2026-02-23T05:25:22.634030,2026-02-18T22:52:58.634030,2026-02-20T07:52:58.634030,102.54,Media & Entertainment LLC,5,2,0,settings
851,TICK-2026-01820,Feedback on service,I wanted to provide feedback on my recent support experience. The response was quick and helpful. This has been occurring since this week. I'm working at my desk in Building A.,other,medium,,medium,resolved,True,0.73,medium,False,Issue resolved by technician,2026-02-05T23:07:10.640486,2026-02-04T01:35:58.640486,2026-02-04T01:35:58.640486,45.52,Media & Entertainment LLC,2,15,0,feedback
852,TICK-2025-00679,Application freezing randomly,Zoom freezes randomly during use. I have to force close it and lose my unsaved work. This first noticed during a presentation.,software,medium,,medium,closed,True,0.81,medium,False,Issue resolved by technician,2025-09-30T12:33:58.561504,2025-09-27T09:45:58.561504,2025-09-28T12:45:58.561504,74.8,Media & Entertainment LLC,3,12,0,application
853,TICK-2026-01585,Request account deletion,Please delete my account and all associated data as per GDPR requirements. I'm working at our Austin location.,account,medium,,medium,resolved,True,0.82,medium,False,Issue resolved by technician,2026-01-09T11:11:46.633543,2026-01-07T22:36:58.633543,2026-01-09T08:36:58.633543,36.58,Global Retail Solutions,2,3,0,deletion
854,TICK-2026-00194,Laptop not charging,"My laptop is plugged in but shows 'plugged in, not charging'. The battery percentage stays at 25% and doesn't increase. This has been occurring since just now. Employee ID: 51419.",hardware,medium,,medium,in_progress,False,,medium,False,,,2026-01-28T17:41:58.515778,2026-01-28T20:41:58.515778,,Logistics International,7,0,0,power
855,TICK-2026-00249,Monitor not displaying image,My monitor shows 'No Signal' even though my computer is on. I've tried different cables but the same issue occurs. This first noticed last week. I'm working at our Austin location. I tried the troubleshooting guide but it didn't help. Employee ID: 80063.,hardware,medium,,medium,closed,True,0.7,medium,False,Issue resolved by user,2026-02-19T21:23:46.519883,2026-02-19T12:48:58.519883,2026-02-20T10:48:58.519883,8.58,Research Institute,18,2,0,display
856,TICK-2025-01676,Remove user from system,Michael Chen has left the company and their account should be deactivated. This appeared after lunch. I'm working at our Dallas location.,account,critical,,critical,resolved,True,0.65,critical,False,Issue resolved by technician,2025-10-11T00:14:22.636215,2025-10-10T16:14:58.636215,2025-10-12T06:14:58.636215,7.99,Logistics International,0,8,1,deletion
857,TICK-2026-01527,Notification settings not saving,I've disabled email notifications several times but I keep receiving them. This has been occurring since a few hours ago. I'm working at my desk in Building B.,account,low,low,low,closed,True,0.67,low,False,Issue resolved by technician,2026-02-11T11:27:58.631695,2026-02-05T11:27:58.631695,2026-02-05T18:27:58.631695,144.0,Healthcare Partners,3,2,0,settings
858,TICK-2025-00156,Water spilled on laptop,I accidentally spilled water on my laptop. I turned it off immediately but now it won't start. This is affecting my productivity. Employee ID: 45646.,hardware,low,,low,closed,True,0.84,low,False,Issue resolved by technician,2025-12-28T06:59:34.513963,2025-12-19T13:52:58.513963,2025-12-20T18:52:58.513963,209.11,Education Foundation,6,15,0,damage
859,TICK-2025-00375,Computer infected with virus,"I think my computer has a virus. It's running slow, showing popups, and my homepage changed without my doing. This started yesterday afternoon. I'm working at our Dallas location.",software,critical,,critical,resolved,True,0.69,critical,False,Issue resolved by technician,2026-01-01T06:53:46.537839,2025-12-31T11:18:58.537839,2026-01-01T04:18:58.537839,19.58,Global Retail Solutions,14,3,3,security
860,TICK-2026-01968,Office supplies needed,My team needs printer paper. How do I order them? This appeared after lunch.,other,medium,,medium,closed,True,0.89,medium,False,Issue resolved by technician,2026-02-23T12:48:46.644867,2026-02-19T17:07:58.644867,2026-02-20T21:07:58.644867,91.68,Consulting Associates,3,6,0,inquiry
861,TICK-2026-01287,Lost access to MFA device,I lost my phone with the authenticator app. I can't log in without the MFA code. This first noticed last week.,login,medium,medium,medium,closed,False,,medium,False,Issue resolved by technician,2026-02-25T21:47:34.620038,2026-02-24T04:13:58.620038,2026-02-24T22:13:58.620038,41.56,Media & Entertainment LLC,2,0,0,mfa
862,TICK-2026-00215,Keyboard not working,My USB keyboard stopped working suddenly. Some keys don't respond at all while others type random characters. This started before our meeting. I have a deadline today.,hardware,medium,medium,medium,waiting_on_customer,True,0.82,medium,False,,,2026-02-05T10:36:58.516738,2026-02-06T04:36:58.516738,,Healthcare Partners,3,4,0,peripheral
863,TICK-2025-01655,Need to update my email address,I recently got married and need to change my email address from mike@oldcompany.com to mike@newcompany.com. I'm working while working remotely.,account,low,low,low,waiting_on_customer,True,0.84,low,False,,,2025-12-29T00:22:58.635603,2025-12-29T03:22:58.635603,,Media & Entertainment LLC,2,1,1,profile
864,TICK-2026-00951,Network extremely slow for everyone,Multiple people in my team are experiencing slow network. File transfers are taking forever. This appeared yesterday afternoon. I'm working from my home office. Asset tag: IT-9292-B.,network,high,,high,waiting_on_customer,True,0.88,high,False,,,2026-02-02T01:29:58.578721,2026-02-02T08:29:58.578721,,Construction Holdings,0,3,0,performance
865,TICK-2026-01774,Integration request,We need mobile app to integrate with Slack. Is this possible? This worked fine before.,feature_request,low,low,low,waiting_on_customer,True,0.8,low,False,,,2026-02-13T21:11:58.639124,2026-02-14T20:11:58.639124,,Financial Services Group,6,15,0,integration
866,TICK-2025-01414,Charged twice this month,I was charged twice for my software license subscription this month. Please refund the duplicate charge. This began happening since yesterday. I'm working in the Sales department. Employee ID: 38185.,billing,high,,medium,resolved,True,0.81,medium,True,Issue resolved by technician,2025-12-11T10:54:46.627715,2025-12-10T10:34:58.627715,2025-12-11T01:34:58.627715,24.33,Construction Holdings,5,5,0,dispute
867,TICK-2025-00647,Teams calls dropping frequently,My Microsoft Teams calls keep dropping after a few minutes. The audio cuts out and then I get disconnected. This began happening before our meeting. I'm working in the 4th floor office.,software,low,low,critical,resolved,True,0.56,critical,True,Issue resolved by technician,2025-12-22T02:22:10.560156,2025-12-17T07:41:58.560156,2025-12-19T03:41:58.560156,114.67,Healthcare Partners,4,12,3,office
868,TICK-2026-01975,Conference room booking issue,I'm having trouble booking conference room C300 for my meeting tomorrow. This started during a presentation. I'm working at my desk in Building A.,other,medium,,medium,resolved,False,,medium,False,Issue resolved by technician,2026-01-20T05:34:46.645069,2026-01-17T18:53:58.645069,2026-01-19T02:53:58.645069,58.68,Tech Innovations Inc.,0,8,0,general
869,TICK-2025-00355,Software license expired,My Zoom license has expired and I can no longer access the software. I need it for my daily work. This began happening last night. I'm working while working remotely. Asset tag: IT-2561-A.,software,high,,high,open,True,0.93,high,False,,,2025-10-13T07:33:58.534840,2025-10-14T21:33:58.534840,,Healthcare Partners,1,12,1,installation
870,TICK-2026-01494,Need to update payment method,I need to update my credit card on file as it's expiring soon. How do I do this? I tried the troubleshooting guide but it didn't help.,billing,low,,low,resolved,False,,low,False,Issue resolved by technician,2026-02-15T15:48:46.630672,2026-02-13T12:10:58.630672,2026-02-14T12:10:58.630672,51.63,Tech Innovations Inc.,2,13,0,payment
871,TICK-2025-01691,Improvement suggestion,The current reporting system workflow is cumbersome. Could you add the ability to keyboard shortcuts? This began happening just now. I'm working in meeting room 166. Employee ID: 12471.,feature_request,low,low,critical,resolved,True,0.81,critical,True,Issue resolved by technician,2025-12-23T11:11:34.636680,2025-12-15T00:01:58.636680,2025-12-15T22:01:58.636680,203.16,Financial Services Group,2,8,3,enhancement
872,TICK-2026-00104,Mouse cursor jumping around,My mouse cursor keeps jumping to random positions on the screen. I've tried cleaning the sensor but the problem continues. This first noticed last night. Employee ID: 46968.,hardware,low,,low,resolved,True,0.79,low,False,Issue resolved by user,2026-02-19T01:09:58.510653,2026-02-16T18:09:58.510653,2026-02-18T08:09:58.510653,55.0,Healthcare Partners,6,3,0,peripheral
873,TICK-2026-01379,Refund not received,I was promised a refund of $437.87 two weeks ago but I still haven't received it. This first noticed this morning. I'm working from my home office.,billing,medium,,medium,closed,True,0.76,medium,False,Issue resolved by technician,2026-01-28T04:05:34.625978,2026-01-25T06:55:58.625978,2026-01-26T04:55:58.625978,69.16,Education Foundation,1,10,0,dispute
874,TICK-2026-01056,Internet works intermittently,My internet connection works for a few minutes then stops. Have to unplug and replug ethernet cable to fix temporarily. I'm working at our Dallas location.,network,low,,low,in_progress,True,0.68,low,False,,,2026-02-27T06:48:58.594322,2026-02-28T03:48:58.594322,,Manufacturing Corp,2,13,0,connectivity
875,TICK-2025-01607,Notification settings not saving,I've disabled email notifications several times but I keep receiving them. This began happening yesterday. I'm working in the Operations department. Multiple colleagues have the same issue.,account,medium,,medium,resolved,True,0.71,medium,False,Issue resolved by technician,2025-10-29T20:18:46.634214,2025-10-27T16:52:58.634214,2025-10-28T02:52:58.634214,51.43,Research Institute,6,6,0,settings
876,TICK-2026-00698,Windows 10 update failed,I tried to install the latest Windows 11 update but it failed with error code 0x07CB. The system keeps prompting me to update but it fails every time. This has been occurring since after lunch. I'm working in the IT department. This worked fine before.,software,medium,,medium,in_progress,True,0.74,medium,False,,,2026-02-25T19:00:58.562226,2026-02-27T00:00:58.562226,,Education Foundation,6,3,0,os
877,TICK-2026-01544,Update my contact information,Please update my phone number to +1-555-533-6189 in the system. I'm working while working remotely. I have a deadline tomorrow.,account,low,low,low,resolved,True,0.93,low,False,Issue resolved by user,2026-02-18T07:00:46.632215,2026-02-12T14:07:58.632215,2026-02-13T01:07:58.632215,136.88,Legal Services LLP,2,0,0,profile
878,TICK-2026-00168,Keyboard not working,My wireless keyboard stopped working suddenly. Some keys don't respond at all while others type random characters.,hardware,medium,,medium,open,True,0.8,medium,False,,,2026-01-22T08:50:58.514534,2026-01-24T07:50:58.514534,,Logistics International,13,0,2,peripheral
879,TICK-2026-01509,Invoice not received,I haven't received my invoice for May. Can you please resend it to my email? This first noticed since yesterday. My ticket reference is REF-87391.,billing,low,,low,resolved,False,,low,False,Issue resolved by technician,2026-01-21T18:38:22.631140,2026-01-20T08:29:58.631140,2026-01-20T18:29:58.631140,34.14,Construction Holdings,3,4,0,invoice
880,TICK-2026-01152,Access removed incorrectly,My access to email was removed but I still need it for my work. This might have been done in error. This has been occurring since this morning. Employee ID: 89412.,login,high,high,high,resolved,True,0.93,high,False,Issue resolved by technician,2026-02-05T03:10:10.604583,2026-02-03T05:23:58.604583,2026-02-03T15:23:58.604583,45.77,Financial Services Group,1,5,0,access
881,TICK-2025-01860,Training request,I need training on how to use HR portal. Is there documentation or videos available? This appeared this week. Multiple colleagues have the same issue.,other,low,low,low,waiting_on_customer,True,0.61,low,False,,,2025-12-16T14:36:58.641644,2025-12-17T10:36:58.641644,,Education Foundation,1,3,0,inquiry
882,TICK-2026-01457,Incorrect charge on invoice,My invoice shows a charge of $500.32 that I don't recognize. Please explain this charge. This has been occurring since earlier today.,billing,medium,,medium,open,True,0.67,medium,False,,,2026-02-24T14:43:58.629437,2026-02-26T08:43:58.629437,,Education Foundation,0,7,0,invoice
883,TICK-2025-00564,Windows update failed,I tried to install the latest macOS update but it failed with error code 0x0946. The system keeps prompting me to update but it fails every time. This first noticed last night. This is affecting my productivity.,software,medium,,low,open,True,0.8,low,True,,,2025-12-24T17:43:58.555361,2025-12-25T11:43:58.555361,,Legal Services LLP,8,1,0,os
884,TICK-2026-01452,Need to update payment method,I need to update my credit card on file as it's expiring soon. How do I do this? This has been occurring since since Monday. I'm working at my desk in Building 3.,billing,low,,low,closed,True,0.73,low,False,Issue resolved by user,2026-02-07T13:59:46.629261,2026-02-04T06:51:58.629261,2026-02-04T11:51:58.629261,79.13,Construction Holdings,7,8,0,payment
885,TICK-2026-01687,Integration request,We need dashboard to integrate with Slack. Is this possible? This first noticed this morning.,feature_request,low,,high,closed,False,,high,True,Issue resolved by technician,2026-01-29T10:48:10.636561,2026-01-25T11:13:58.636561,2026-01-27T01:13:58.636561,95.57,Legal Services LLP,1,4,0,integration
886,TICK-2025-00872,Can't connect to WiFi,My laptop won't connect to the office WiFi. It sees the network but when I try to connect it says 'Can't connect to this network'. This first noticed this morning. I'm working in meeting room 291. I'm working on an important project.,network,high,,critical,closed,True,0.97,critical,True,Issue resolved by technician,2025-12-11T08:30:34.571716,2025-12-10T21:17:58.571716,2025-12-10T23:17:58.571716,11.21,Legal Services LLP,0,1,0,wireless
887,TICK-2026-01340,SSO login not working,"When I try to log in with my company credentials, I get an error: 'Authentication failed'.",login,high,,high,closed,True,0.77,high,False,Issue resolved by user,2026-01-03T12:08:10.623822,2026-01-02T23:51:58.623822,2026-01-04T22:51:58.623822,12.27,Healthcare Partners,4,15,0,sso
888,TICK-2026-01664,Request account deletion,Please delete my account and all associated data as per GDPR requirements. I'm working from my home office. This is affecting my productivity.,account,medium,,medium,resolved,True,0.95,medium,False,Issue resolved by technician,2026-02-21T10:28:58.635873,2026-02-17T04:52:58.635873,2026-02-18T02:52:58.635873,101.6,Tech Innovations Inc.,0,12,0,deletion
889,TICK-2025-01701,Improvement suggestion,The current dashboard workflow is cumbersome. Could you add the ability to custom notifications? This appeared this morning.,feature_request,high,high,critical,resolved,True,0.61,critical,True,Issue resolved by technician,2025-09-30T00:00:22.636981,2025-09-28T17:42:58.636981,2025-09-28T20:42:58.636981,30.29,Media & Entertainment LLC,4,11,0,enhancement
890,TICK-2026-00831,Can't access specific website,I can't access company portal from my computer. It worked yesterday but now I get a timeout error. I'm working from my home office.,network,low,low,low,resolved,False,,low,False,Issue resolved by technician,2026-01-25T12:02:58.567950,2026-01-15T19:41:58.567950,2026-01-17T14:41:58.567950,232.35,Healthcare Partners,7,7,0,connectivity
891,TICK-2026-01277,New employee needs account,A new team member Michael Chen started today and needs their accounts set up. Email: newuser80@company.com I'm working at our Downtown location. This worked fine before.,login,low,,low,closed,False,,low,False,Issue resolved by technician,2026-02-12T20:26:34.619244,2026-02-10T06:52:58.619244,2026-02-11T05:52:58.619244,61.56,Global Retail Solutions,1,11,0,access
892,TICK-2026-01788,Improvement suggestion,The current project management tool workflow is cumbersome. Could you add the ability to custom notifications? This has been occurring since last night. Please prioritize this.,feature_request,low,,high,closed,True,0.76,high,True,Issue resolved by user,2026-01-16T07:39:10.639526,2026-01-15T03:22:58.639526,2026-01-16T11:22:58.639526,28.27,Construction Holdings,0,11,0,enhancement
893,TICK-2025-00734,Network drive not accessible,I can't access the shared network drive \\server\projects. It says the path doesn't exist. Employee ID: 43570.,network,high,high,high,open,True,0.94,high,False,,,2025-11-30T11:30:58.563499,2025-11-30T21:30:58.563499,,Research Institute,11,9,0,lan
894,TICK-2026-00894,Can't access specific website,I can't access cloud storage from my computer. It worked yesterday but now I get a timeout error. This began happening this morning. I'm working from my home office. Asset tag: IT-7650-A. Employee ID: 91522.,network,medium,,medium,waiting_on_customer,True,0.68,medium,False,,,2026-02-21T05:30:58.573454,2026-02-21T18:30:58.573454,,Construction Holdings,1,4,0,connectivity
895,TICK-2026-00424,macOS update failed,I tried to install the latest macOS update but it failed with error code 0x0551. The system keeps prompting me to update but it fails every time. This started yesterday afternoon.,software,medium,medium,medium,closed,False,,medium,False,Issue resolved by technician,2026-02-18T20:00:22.544172,2026-02-14T20:15:58.544172,2026-02-14T20:15:58.544172,95.74,Media & Entertainment LLC,9,7,0,os
896,TICK-2026-01146,Can't change my password,I'm trying to update my password as required but the system says my new password doesn't meet requirements. This started since yesterday. This worked fine before. Employee ID: 67325.,login,high,high,high,resolved,True,0.9,high,False,Issue resolved by technician,2026-01-27T10:35:34.604006,2026-01-26T21:07:58.604006,2026-01-28T01:07:58.604006,13.46,Logistics International,0,13,0,password
897,TICK-2026-01744,Integration request,We need project management tool to integrate with JIRA. Is this possible? This began happening this morning. Multiple colleagues have the same issue.,feature_request,low,,low,resolved,True,0.6,low,False,Issue resolved by technician,2026-02-18T15:39:58.638264,2026-02-10T06:12:58.638264,2026-02-11T00:12:58.638264,201.45,Media & Entertainment LLC,5,3,0,integration
898,TICK-2026-01929,Training request,I need training on how to use HR portal. Is there documentation or videos available? This first noticed a few hours ago.,other,low,,low,closed,True,0.72,low,False,Issue resolved by technician,2026-02-24T02:57:22.643757,2026-02-15T09:36:58.643757,2026-02-15T21:36:58.643757,209.34,Research Institute,0,3,0,inquiry
899,TICK-2026-01736,Integration request,We need reporting system to integrate with Google Drive. Is this possible? This appeared yesterday.,feature_request,low,,high,resolved,True,0.68,high,True,Issue resolved by user,2026-02-17T15:52:22.638028,2026-02-10T12:46:58.638028,2026-02-10T21:46:58.638028,171.09,Consulting Associates,3,11,0,integration
900,TICK-2026-01683,Dashboard customization,I'd like to be able to customize my dashboard to show dark mode.,feature_request,low,,low,closed,True,0.95,low,False,Issue resolved by user,2026-01-22T02:24:34.636435,2026-01-14T04:53:58.636435,2026-01-16T00:53:58.636435,189.51,Manufacturing Corp,0,14,0,new_feature
901,TICK-2026-01668,Notification settings not saving,I've disabled email notifications several times but I keep receiving them. This has been occurring since about an hour ago.,account,low,,medium,closed,True,0.69,medium,True,Issue resolved by technician,2026-01-10T06:46:34.635988,2026-01-03T04:00:58.635988,2026-01-04T14:00:58.635988,170.76,Research Institute,0,12,0,settings
902,TICK-2025-00066,Computer shuts down randomly,"My computer shuts down without warning. It happens at random times, sometimes after just 10 minutes of use. This first noticed after lunch.",hardware,medium,medium,medium,waiting_on_customer,True,0.87,medium,False,,,2025-12-08T14:00:58.507046,2025-12-09T09:00:58.507046,,Logistics International,0,3,0,power
903,TICK-2026-01610,Update my contact information,Please update my phone number to +1-555-945-4514 in the system. This appeared last night.,account,low,,low,closed,False,,low,False,Issue resolved by technician,2026-01-28T21:29:58.634305,2026-01-23T13:17:58.634305,2026-01-25T10:17:58.634305,128.2,Construction Holdings,1,7,2,profile
904,TICK-2025-01906,Feedback on service,I wanted to provide feedback on my recent support experience. Very satisfied with the support received. This began happening this week.,other,low,,low,open,True,0.65,low,False,,,2025-07-29T23:44:58.643075,2025-07-31T09:44:58.643075,,Legal Services LLP,3,3,0,feedback
905,TICK-2026-01144,Access removed incorrectly,My access to finance system was removed but I still need it for my work. This might have been done in error. This is affecting my productivity.,login,low,,low,open,True,0.67,low,False,,,2026-01-04T13:21:58.603857,2026-01-05T22:21:58.603857,,Construction Holdings,7,5,0,access
906,TICK-2025-00349,Outlook not syncing emails,Outlook stopped syncing new emails. It shows connected but no new messages appear even though I can see them on webmail. This has been occurring since earlier today.,software,high,,high,resolved,True,0.8,high,False,Issue resolved by technician,2025-09-01T15:53:34.534219,2025-08-31T23:55:58.534219,2025-09-02T03:55:58.534219,15.96,Research Institute,7,1,0,office
907,TICK-2026-01732,Dashboard customization,I'd like to be able to customize my dashboard to show auto-save. This started earlier today. I have a deadline in 2 days.,feature_request,low,,low,closed,True,0.95,low,False,Issue resolved by technician,2026-02-28T23:38:10.637898,2026-02-23T03:24:58.637898,2026-02-24T19:24:58.637898,140.22,Construction Holdings,13,3,0,new_feature
908,TICK-2026-00255,Monitor not displaying image,My monitor shows 'No Signal' even though my computer is on. I've tried different cables but the same issue occurs. This began happening a few hours ago.,hardware,medium,,medium,resolved,True,0.83,medium,False,Issue resolved by technician,2026-02-15T21:24:10.520495,2026-02-12T21:04:58.520495,2026-02-14T20:04:58.520495,72.32,Research Institute,1,10,0,display
909,TICK-2026-01389,Refund not received,I was promised a refund of $222.68 two weeks ago but I still haven't received it. This has been occurring since since yesterday.,billing,medium,,medium,resolved,False,,medium,False,Issue resolved by technician,2026-02-21T10:43:10.626522,2026-02-16T17:32:58.626522,2026-02-16T20:32:58.626522,113.17,Education Foundation,1,13,0,dispute
910,TICK-2025-00384,Can't save documents in PowerPoint,"When I try to save in PowerPoint, I get an error message saying the file is in use by another program. I'm working in meeting room 913.",software,medium,medium,medium,resolved,True,0.89,medium,False,Issue resolved by user,2025-09-21T15:09:22.539613,2025-09-20T07:36:58.539613,2025-09-22T04:36:58.539613,31.54,Consulting Associates,26,14,0,office
911,TICK-2026-01656,Request account deletion,Please delete my account and all associated data as per GDPR requirements. This first noticed last week. I have a deadline in 2 days.,account,medium,medium,medium,open,True,0.73,medium,False,,,2026-01-18T08:36:58.635634,2026-01-19T04:36:58.635634,,Global Retail Solutions,8,5,0,deletion
912,TICK-2026-01935,Conference room booking issue,I'm having trouble booking conference room C300 for my meeting tomorrow. This appeared just now.,other,medium,,medium,closed,True,0.76,medium,False,Issue resolved by technician,2026-01-14T23:14:46.643930,2026-01-14T06:06:58.643930,2026-01-15T18:06:58.643930,17.13,Media & Entertainment LLC,1,3,0,general
913,TICK-2026-01151,SSO login not working,"When I try to log in with my company credentials, I get an error: 'Authentication failed'. This appeared this morning. Employee ID: 64320.",login,critical,critical,critical,resolved,True,0.97,critical,False,Issue resolved by technician,2026-01-19T20:04:10.604412,2026-01-19T07:05:58.604412,2026-01-20T21:05:58.604412,12.97,Tech Innovations Inc.,0,8,1,sso
914,TICK-2026-00751,Internet works intermittently,My internet connection works for a few minutes then stops. Have to unplug and replug ethernet cable to fix temporarily. Employee ID: 82254.,network,high,high,high,closed,True,0.69,high,False,Issue resolved by technician,2026-02-01T05:54:22.563995,2026-01-31T04:03:58.563995,2026-02-02T04:03:58.563995,25.84,Healthcare Partners,0,11,3,connectivity
915,TICK-2026-00573,Can't download files from browser,"When I try to download files in Edge, nothing happens. The download doesn't start. This has been occurring since since Monday.",software,high,,high,closed,True,0.71,high,False,Issue resolved by technician,2026-02-11T00:17:22.555938,2026-02-09T13:44:58.555938,2026-02-10T07:44:58.555938,34.54,Media & Entertainment LLC,4,6,0,browser
916,TICK-2026-00746,Video calls have poor quality,My video calls have terrible quality with constant freezing and audio delay. My internet speed seems fine. This started a few hours ago.,network,medium,,medium,resolved,True,0.84,medium,False,Issue resolved by technician,2026-02-21T19:14:34.563856,2026-02-17T20:34:58.563856,2026-02-18T19:34:58.563856,94.66,Construction Holdings,2,9,0,performance
917,TICK-2026-00540,Computer infected with virus,"I think my computer has a virus. It's running slow, showing popups, and my homepage changed without my doing. This appeared since yesterday.",software,low,low,low,open,False,,low,False,,,2026-01-30T07:09:58.553579,2026-01-30T21:09:58.553579,,Tech Innovations Inc.,0,11,0,security
918,TICK-2025-01434,Payment failed,I received a notice that my payment failed. My card is valid so I'm not sure why. This appeared this week. I'm working from my home office.,billing,high,,high,resolved,True,0.98,high,False,Issue resolved by technician,2025-12-31T05:47:46.628571,2025-12-29T20:51:58.628571,2025-12-30T13:51:58.628571,32.93,Healthcare Partners,1,7,0,payment
919,TICK-2026-00449,Application freezing randomly,Slack freezes randomly during use. I have to force close it and lose my unsaved work. This began happening after lunch.,software,medium,medium,medium,open,True,0.79,medium,False,,,2026-02-27T14:46:58.546248,2026-03-01T00:46:58.546248,,Financial Services Group,3,14,0,application
920,TICK-2025-01631,Need additional permissions,I need edit permissions for the file sharing to do my job. Currently I only have view access. This started before our meeting. I'm working in the IT department.,account,medium,medium,medium,in_progress,True,0.98,medium,False,,,2025-07-08T00:42:58.634915,2025-07-09T13:42:58.634915,,Research Institute,2,5,0,permissions
921,TICK-2026-01198,Account disabled,I can't log in and the message says my account has been disabled. I don't know why this happened. This first noticed last night. I'm working in the IT department. I have a deadline end of week.,login,critical,,critical,closed,False,,critical,False,Issue resolved by technician,2026-02-19T10:10:10.608706,2026-02-18T22:20:58.608706,2026-02-20T01:20:58.608706,11.82,Media & Entertainment LLC,0,10,0,account_locked
922,TICK-2026-01912,General inquiry,I have a question about pricing plans. Can someone please help me understand this better? This has been occurring since just now. I'm working at my desk in Building 3. This is affecting my productivity.,other,medium,,medium,resolved,False,,medium,False,Issue resolved by technician,2026-02-03T17:36:10.643251,2026-01-31T18:55:58.643251,2026-02-01T07:55:58.643251,70.67,Logistics International,4,5,0,inquiry
923,TICK-2026-01182,Forgot my password,I forgot my password and can't log in. I've tried the reset option but haven't received the email. This began happening during a presentation.,login,high,high,high,resolved,True,0.68,high,False,Issue resolved by technician,2026-01-31T05:28:34.607221,2026-01-29T08:06:58.607221,2026-01-30T16:06:58.607221,45.36,Legal Services LLP,20,15,0,password
924,TICK-2026-01927,Feedback on service,I wanted to provide feedback on my recent support experience. Very satisfied with the support received. This has been occurring since earlier today.,other,low,,low,closed,True,0.58,low,False,Issue resolved by technician,2026-02-20T08:51:10.643698,2026-02-19T01:37:58.643698,2026-02-20T13:37:58.643698,31.22,Consulting Associates,2,6,0,feedback
925,TICK-2026-01606,Update my contact information,Please update my phone number to +1-555-353-6385 in the system. This began happening after lunch.,account,high,,high,in_progress,True,0.81,high,False,,,2026-01-07T07:52:58.634184,2026-01-08T07:52:58.634184,,Media & Entertainment LLC,0,12,0,profile
926,TICK-2026-01976,Equipment request,I need to request a headset for my work. What's the process? This began happening a few hours ago.,other,low,,low,resolved,True,0.86,low,False,Issue resolved by technician,2026-02-15T05:55:58.645096,2026-02-08T01:55:58.645096,2026-02-08T09:55:58.645096,172.0,Legal Services LLP,3,7,0,inquiry
927,TICK-2026-01209,Lost access to MFA device,I lost my phone with the authenticator app. I can't log in without the MFA code. This appeared this morning. Asset tag: IT-5351-D.,login,critical,,critical,closed,True,0.99,critical,False,Issue resolved by user,2026-01-08T05:29:22.609782,2026-01-07T22:29:58.609782,2026-01-07T23:29:58.609782,6.99,Healthcare Partners,1,8,0,mfa
928,TICK-2026-00305,Browser extremely slow,My Safari has become very slow. Pages take 30+ seconds to load and tabs crash frequently. This first noticed since Monday. This is affecting my productivity.,software,low,,low,resolved,True,0.86,low,False,Issue resolved by technician,2026-02-19T01:32:34.524874,2026-02-15T06:37:58.524874,2026-02-16T10:37:58.524874,90.91,Research Institute,1,2,2,browser
929,TICK-2026-00642,Antivirus blocking application,My antivirus is blocking Visual Studio from running. I've tried adding an exception but it still blocks it. This began happening just now. I'm working in the Engineering department.,software,medium,,medium,resolved,True,0.93,medium,False,Issue resolved by technician,2026-02-05T02:14:58.559923,2026-02-03T23:32:58.559923,2026-02-05T14:32:58.559923,26.7,Logistics International,4,12,0,security
930,TICK-2025-00395,Antivirus blocking application,My antivirus is blocking AutoCAD from running. I've tried adding an exception but it still blocks it. This began happening yesterday. This worked fine before. Employee ID: 81945.,software,medium,,medium,closed,False,,medium,False,Issue resolved by technician,2025-12-10T14:35:58.541209,2025-12-09T00:08:58.541209,2025-12-09T05:08:58.541209,38.45,Logistics International,5,13,0,security
931,TICK-2026-01689,Improvement suggestion,The current portal workflow is cumbersome. Could you add the ability to auto-save? This started last week.,feature_request,low,,low,resolved,True,0.91,low,False,Issue resolved by technician,2026-02-23T01:57:34.636618,2026-02-15T07:59:58.636618,2026-02-15T21:59:58.636618,185.96,Legal Services LLP,4,8,0,enhancement
932,TICK-2026-00692,Teams calls dropping frequently,My Microsoft Teams calls keep dropping after a few minutes. The audio cuts out and then I get disconnected. This began happening since Monday.,software,medium,,medium,resolved,True,0.8,medium,False,Issue resolved by technician,2026-01-22T00:00:46.562033,2026-01-17T05:19:58.562033,2026-01-18T11:19:58.562033,114.68,Tech Innovations Inc.,0,7,0,office
933,TICK-2026-00827,Cannot access network share,I'm unable to access the \\documents network share. I get 'Access is denied' when I try to open it. Employee ID: 66242.,network,medium,,medium,in_progress,True,0.75,medium,False,,,2026-02-26T19:02:58.567553,2026-02-27T15:02:58.567553,,Manufacturing Corp,2,15,0,lan
934,TICK-2025-00578,Can't save documents in Office,"When I try to save in Office, I get an error message saying the file is in use by another program. I'm working at my desk in Building 1.",software,medium,medium,high,closed,True,0.5,high,True,Issue resolved by technician,2025-11-20T21:05:10.556288,2025-11-19T21:15:58.556288,2025-11-20T15:15:58.556288,23.82,Logistics International,1,2,0,office
935,TICK-2026-01524,Can't change my profile settings,"When I try to update my profile information, the save button doesn't work. I have a deadline end of week. Employee ID: 67394.",account,medium,,medium,resolved,True,0.74,medium,False,Issue resolved by technician,2026-02-08T14:02:22.631602,2026-02-03T21:23:58.631602,2026-02-04T07:23:58.631602,112.64,Consulting Associates,10,5,0,settings
936,TICK-2026-00306,Software license expired,My Slack license has expired and I can no longer access the software. I need it for my daily work. This has been occurring since during a presentation. Employee ID: 54319.,software,high,high,high,closed,True,0.97,high,False,Issue resolved by technician,2026-02-15T11:37:34.524953,2026-02-14T12:03:58.524953,2026-02-14T22:03:58.524953,23.56,Global Retail Solutions,9,0,1,installation
937,TICK-2025-01873,Feedback on service,I wanted to provide feedback on my recent support experience. The response was quick and helpful. I'm working from my home office.,other,low,,low,resolved,True,0.79,low,False,Issue resolved by user,2025-11-26T10:52:22.642019,2025-11-19T13:31:58.642019,2025-11-20T15:31:58.642019,165.34,Education Foundation,0,1,0,feedback
938,TICK-2026-01899,Equipment request,I need to request a second monitor for my work. What's the process? This has been occurring since last night. Multiple colleagues have the same issue.,other,high,high,high,closed,True,0.92,high,False,Issue resolved by technician,2026-01-24T22:56:22.642873,2026-01-24T08:23:58.642873,2026-01-26T01:23:58.642873,14.54,Education Foundation,2,4,0,inquiry
939,TICK-2025-01886,Conference room booking issue,I'm having trouble booking conference room B205 for my meeting tomorrow. I'm working in the IT department. Multiple colleagues have the same issue.,other,medium,,medium,closed,True,0.83,medium,False,Issue resolved by technician,2025-12-01T14:57:58.642490,2025-11-30T12:33:58.642490,2025-12-02T05:33:58.642490,26.4,Global Retail Solutions,7,14,0,general
940,TICK-2026-00739,Can't connect to WiFi,My desktop won't connect to the office WiFi. It sees the network but when I try to connect it says 'Can't connect to this network'. This began happening during a presentation. I'm working in meeting room 414.,network,low,,low,closed,True,0.67,low,False,Issue resolved by technician,2026-02-13T17:15:46.563647,2026-02-06T06:37:58.563647,2026-02-07T09:37:58.563647,178.63,Global Retail Solutions,6,1,0,wireless
941,TICK-2026-00640,Can't install software,I'm trying to install Zoom but the installation fails with error: 0x04B4 I'm working at our Houston location. My ticket reference is REF-56469.,software,medium,medium,medium,resolved,False,,medium,False,Issue resolved by user,2026-01-15T14:54:58.559818,2026-01-13T03:42:58.559818,2026-01-13T12:42:58.559818,59.2,Consulting Associates,7,15,0,installation
942,TICK-2026-00983,WiFi keeps disconnecting,My WiFi connection drops every few minutes. I have to turn WiFi off and on to reconnect temporarily. I'm working at my desk in Building 1.,network,medium,,medium,in_progress,True,0.62,medium,False,,,2026-02-24T18:41:58.581975,2026-02-26T15:41:58.581975,,Financial Services Group,0,9,0,wireless
943,TICK-2025-00166,Blue screen errors on my computer,"I keep getting blue screen errors that force my computer to restart. It happens randomly, sometimes twice a day. The error code is different each time. This began happening this week. I'm working in the Marketing department.",hardware,medium,medium,medium,closed,True,0.74,medium,False,Issue resolved by technician,2025-08-22T13:11:22.514444,2025-08-21T10:47:58.514444,2025-08-22T03:47:58.514444,26.39,Healthcare Partners,0,6,0,computer
944,TICK-2026-00905,Can't connect to WiFi,My workstation won't connect to the office WiFi. It sees the network but when I try to connect it says 'Can't connect to this network'.,network,high,high,high,resolved,True,0.67,high,False,Issue resolved by technician,2026-01-24T05:35:58.574332,2026-01-23T10:59:58.574332,2026-01-23T18:59:58.574332,18.6,Construction Holdings,3,7,0,wireless
945,TICK-2025-01822,General inquiry,I have a question about maintenance windows. Can someone please help me understand this better? I'm working in meeting room 511.,other,low,low,low,resolved,False,,low,False,Issue resolved by technician,2026-01-06T16:16:10.640546,2025-12-28T22:17:58.640546,2025-12-30T19:17:58.640546,209.97,Research Institute,0,3,0,inquiry
946,TICK-2025-00365,macOS won't boot,"After a restart, Windows 10 won't boot. It gets stuck on the loading screen and never progresses to the login. This first noticed yesterday afternoon. I'm working in the IT department. I've already restarted 5 times. Employee ID: 10319.",software,critical,,critical,resolved,True,0.97,critical,False,Issue resolved by user,2025-10-18T17:39:34.535927,2025-10-18T01:14:58.535927,2025-10-19T03:14:58.535927,16.41,Consulting Associates,1,14,0,os
947,TICK-2025-00946,WiFi keeps disconnecting,My WiFi connection drops every few minutes. I have to turn WiFi off and on to reconnect temporarily. This has been occurring since after lunch.,network,medium,,medium,resolved,True,0.95,medium,False,Issue resolved by technician,2025-12-16T22:15:46.578084,2025-12-12T13:31:58.578084,2025-12-13T10:31:58.578084,104.73,Manufacturing Corp,8,11,0,wireless
948,TICK-2025-00860,Cannot access network share,I'm unable to access the \\projects network share. I get 'Access is denied' when I try to open it. This began happening a few hours ago. I'm working at our Downtown location. Employee ID: 26827.,network,medium,,medium,resolved,True,0.73,medium,False,Issue resolved by technician,2025-12-04T18:15:34.570720,2025-12-02T07:44:58.570720,2025-12-02T15:44:58.570720,58.51,Healthcare Partners,1,3,0,lan
949,TICK-2025-01641,Need additional permissions,I need edit permissions for the project management to do my job. Currently I only have view access. I'm working on an important project.,account,medium,,medium,closed,True,0.8,medium,False,Issue resolved by user,2025-12-10T19:57:58.635203,2025-12-08T20:57:58.635203,2025-12-09T00:57:58.635203,47.0,Global Retail Solutions,1,13,0,permissions
950,TICK-2026-00097,Computer shuts down randomly,"My computer shuts down without warning. It happens at random times, sometimes after just 10 minutes of use. This first noticed before our meeting. I'm working in the IT department.",hardware,low,,low,closed,True,0.69,low,False,Issue resolved by technician,2026-02-06T18:51:34.509821,2026-01-31T11:14:58.509821,2026-02-01T16:14:58.509821,151.61,Education Foundation,8,4,0,power
951,TICK-2026-00923,Network drive not accessible,I can't access the shared network drive \\server\shared. It says the path doesn't exist. This first noticed since Monday. I have a deadline end of week.,network,high,,high,resolved,False,,high,False,Issue resolved by technician,2026-02-09T06:10:58.575756,2026-02-08T04:55:58.575756,2026-02-08T15:55:58.575756,25.25,Financial Services Group,1,10,0,lan
952,TICK-2025-00026,Computer shuts down randomly,"My computer shuts down without warning. It happens at random times, sometimes after just 10 minutes of use. I'm working while working remotely. Employee ID: 20279.",hardware,high,,high,closed,False,,high,False,Issue resolved by technician,2025-07-24T20:27:34.504591,2025-07-23T13:26:58.504591,2025-07-24T13:26:58.504591,31.01,Consulting Associates,7,13,0,power
953,TICK-2026-00068,Computer shuts down randomly,"My computer shuts down without warning. It happens at random times, sometimes after just 10 minutes of use. This has been occurring since earlier today. I'm working in the IT department.",hardware,high,,high,open,True,0.62,high,False,,,2026-02-18T02:45:58.507216,2026-02-18T07:45:58.507216,,Consulting Associates,8,0,0,power
954,TICK-2026-01591,Remove user from system,Michael Chen has left the company and their account should be deactivated. This first noticed last night.,account,high,,high,closed,True,0.73,high,False,Issue resolved by technician,2026-01-12T11:54:10.633741,2026-01-12T03:31:58.633741,2026-01-12T16:31:58.633741,8.37,Construction Holdings,3,9,0,deletion
955,TICK-2026-00864,Cannot access network share,I'm unable to access the \\shared network share. I get 'Access is denied' when I try to open it.,network,medium,,medium,resolved,True,0.97,medium,False,Issue resolved by technician,2026-02-16T15:24:34.571044,2026-02-11T18:20:58.571044,2026-02-11T22:20:58.571044,117.06,Financial Services Group,17,1,0,lan
956,TICK-2026-01405,Payment failed,I received a notice that my payment failed. My card is valid so I'm not sure why. I'm working on an important project. Employee ID: 52779.,billing,high,,high,resolved,True,0.95,high,False,Issue resolved by technician,2026-02-25T00:09:46.627275,2026-02-24T12:19:58.627275,2026-02-25T02:19:58.627275,11.83,Tech Innovations Inc.,3,6,0,payment
957,TICK-2026-01000,WiFi network not appearing,I can't see the office WiFi network in my available networks list. Other people around me can see it.,network,high,,high,resolved,True,0.97,high,False,Issue resolved by technician,2026-01-07T17:03:58.585970,2026-01-06T16:24:58.585970,2026-01-07T17:24:58.585970,24.65,Construction Holdings,2,0,0,wireless
958,TICK-2026-01154,Account disabled,I can't log in and the message says my account has been disabled. I don't know why this happened. This has been occurring since this week. I've already restarted 4 times.,login,critical,,critical,closed,True,0.84,critical,False,Issue resolved by technician,2026-02-05T08:07:10.604743,2026-02-04T14:14:58.604743,2026-02-05T18:14:58.604743,17.87,Construction Holdings,29,14,0,account_locked
959,TICK-2025-00077,Mouse cursor jumping around,My mouse cursor keeps jumping to random positions on the screen. I've tried cleaning the sensor but the problem continues.,hardware,low,,low,resolved,True,0.77,low,False,Issue resolved by user,2025-12-11T23:10:46.507985,2025-12-10T04:56:58.507985,2025-12-11T21:56:58.507985,42.23,Tech Innovations Inc.,4,7,1,peripheral
960,TICK-2026-01859,Office supplies needed,My team needs notebooks. How do I order them?,other,low,low,low,resolved,False,,low,False,Issue resolved by technician,2026-02-24T00:21:58.641615,2026-02-14T07:57:58.641615,2026-02-15T06:57:58.641615,232.4,Global Retail Solutions,1,3,0,inquiry
961,TICK-2025-00880,No internet connection,I'm connected to the network but have no internet access. Chrome says 'No internet' for all websites.,network,critical,critical,critical,resolved,False,,critical,False,Issue resolved by user,2025-12-19T00:20:46.572355,2025-12-18T14:54:58.572355,2025-12-18T21:54:58.572355,9.43,Healthcare Partners,4,14,0,connectivity
962,TICK-2025-00310,Photoshop showing error on startup,"Every time I open QuickBooks, I get an error message: 'Operation failed'. The application still opens but I'm worried. This began happening just now. I'm working at my desk in Building 1. I tried the troubleshooting guide but it didn't help. Employee ID: 55040.",software,low,,low,resolved,True,0.76,low,False,Issue resolved by user,2025-12-22T18:22:58.525276,2025-12-14T07:31:58.525276,2025-12-15T16:31:58.525276,202.85,Construction Holdings,0,0,0,application
963,TICK-2026-00959,Video calls have poor quality,My video calls have terrible quality with constant freezing and audio delay. My internet speed seems fine. This appeared since Monday. I'm working at our Chicago location.,network,medium,medium,medium,closed,True,0.7,medium,False,Issue resolved by user,2026-01-27T01:34:34.579618,2026-01-23T09:51:58.579618,2026-01-23T13:51:58.579618,87.71,Education Foundation,10,9,0,performance
964,TICK-2026-01566,Update my contact information,Please update my phone number to +1-555-421-7032 in the system.,account,low,,low,open,True,0.83,low,False,,,2026-02-20T12:08:58.632970,2026-02-22T11:08:58.632970,,Education Foundation,5,6,0,profile
965,TICK-2025-00416,Application freezing randomly,QuickBooks freezes randomly during use. I have to force close it and lose my unsaved work. This started about an hour ago. I'm working at our Downtown location.,software,medium,medium,medium,resolved,True,0.69,medium,False,Issue resolved by user,2025-11-27T01:28:10.543440,2025-11-26T15:29:58.543440,2025-11-27T15:29:58.543440,9.97,Construction Holdings,8,4,1,application
966,TICK-2025-00627,Need software installed,I need Slack installed on my computer for a new project. I don't have admin rights to install it myself. I'm working in the 5th floor office. Employee ID: 78313.,software,low,,low,closed,True,0.67,low,False,Issue resolved by user,2025-12-12T00:47:10.559150,2025-12-05T13:24:58.559150,2025-12-06T15:24:58.559150,155.37,Tech Innovations Inc.,4,6,0,installation
967,TICK-2026-01561,Remove user from system,Michael Chen has left the company and their account should be deactivated. This started last night. My ticket reference is REF-90075.,account,low,,low,open,True,0.87,low,False,,,2026-02-25T15:27:58.632822,2026-02-26T13:27:58.632822,,Financial Services Group,2,0,0,deletion
968,TICK-2026-01947,Office supplies needed,My team needs pens. How do I order them? This has been occurring since about an hour ago.,other,medium,medium,low,resolved,True,0.88,low,True,Issue resolved by technician,2026-02-08T00:46:34.644271,2026-02-06T18:39:58.644271,2026-02-07T18:39:58.644271,30.11,Media & Entertainment LLC,3,10,1,inquiry
969,TICK-2026-01435,Want to cancel subscription,I'd like to cancel my subscription to software license at the end of this billing period. This has been occurring since this week.,billing,low,,high,resolved,False,,high,True,Issue resolved by user,2026-02-23T12:03:22.628609,2026-02-16T20:09:58.628609,2026-02-17T17:09:58.628609,159.89,Research Institute,1,1,0,subscription
970,TICK-2025-00221,Blue screen errors on my computer,"I keep getting blue screen errors that force my computer to restart. It happens randomly, sometimes twice a day. The error code is different each time. This first noticed since yesterday. I've already restarted 4 times.",hardware,high,high,low,open,True,0.73,low,True,,,2025-12-10T20:44:58.517346,2025-12-12T12:44:58.517346,,Consulting Associates,13,4,0,computer
971,TICK-2026-00063,desktop making strange noise,My laptop is making a loud clicking/grinding noise. It started yesterday and seems to be coming from inside the case. I'm worried about data loss. This has been occurring since before our meeting.,hardware,high,,high,resolved,True,0.86,high,False,Issue resolved by technician,2026-02-16T13:34:10.506607,2026-02-16T01:23:58.506607,2026-02-16T03:23:58.506607,12.17,Media & Entertainment LLC,3,1,0,computer
972,TICK-2026-01998,Training request,I need training on how to use HR portal. Is there documentation or videos available? This first noticed since yesterday. I'm working on an important project. Employee ID: 29149.,other,low,,low,in_progress,False,,low,False,,,2026-01-23T15:01:58.645745,2026-01-24T00:01:58.645745,,Financial Services Group,17,15,0,inquiry
973,TICK-2026-01619,Remove user from system,Emily Davis has left the company and their account should be deactivated. This appeared this morning. Employee ID: 82986.,account,high,high,high,resolved,True,0.94,high,False,Issue resolved by technician,2026-01-14T02:16:22.634568,2026-01-12T21:25:58.634568,2026-01-14T09:25:58.634568,28.84,Media & Entertainment LLC,4,14,0,deletion
974,TICK-2026-01500,Refund not received,I was promised a refund of $342.52 two weeks ago but I still haven't received it. I'm working in the 5th floor office.,billing,low,,low,closed,False,,low,False,Issue resolved by technician,2026-02-15T18:01:58.630866,2026-02-09T02:19:58.630866,2026-02-10T03:19:58.630866,159.7,Logistics International,14,9,1,dispute
975,TICK-2026-00741,Can't connect to WiFi,My desktop won't connect to the office WiFi. It sees the network but when I try to connect it says 'Can't connect to this network'. This appeared this morning. I'm working in meeting room 452.,network,high,,high,closed,True,0.93,high,False,Issue resolved by user,2026-01-24T05:24:10.563707,2026-01-23T03:52:58.563707,2026-01-24T18:52:58.563707,25.52,Financial Services Group,1,1,0,wireless
976,TICK-2026-01800,Bulk action needed,Please add the ability to assign multiple items at once in the dashboard.,feature_request,low,low,low,closed,True,0.65,low,False,Issue resolved by technician,2026-01-15T10:50:10.639879,2026-01-08T15:27:58.639879,2026-01-09T12:27:58.639879,163.37,Healthcare Partners,5,10,0,enhancement
977,TICK-2026-00927,Need access to team shared drive,I've just joined the team team and need access to the shared network drive to do my job. This first noticed yesterday afternoon.,network,low,,low,closed,True,0.96,low,False,Issue resolved by technician,2026-01-14T22:21:58.576057,2026-01-06T17:39:58.576057,2026-01-08T07:39:58.576057,196.7,Education Foundation,0,6,0,lan
978,TICK-2026-01560,Notification settings not saving,I've disabled email notifications several times but I keep receiving them. This first noticed during a presentation. I'm working while working remotely. I'm working on an important project.,account,low,,low,resolved,True,0.67,low,False,Issue resolved by user,2026-02-16T10:26:58.632788,2026-02-08T22:47:58.632788,2026-02-10T01:47:58.632788,179.65,Financial Services Group,1,12,0,settings
979,TICK-2025-01532,Can't change my profile settings,"When I try to update my profile information, the save button doesn't work. This first noticed during a presentation. I'm working in the Marketing department. I've already restarted 2 times.",account,medium,medium,medium,closed,True,0.74,medium,False,Issue resolved by technician,2025-12-10T06:12:22.631853,2025-12-09T16:27:58.631853,2025-12-11T06:27:58.631853,13.74,Legal Services LLP,0,3,0,settings
980,TICK-2026-01279,Being redirected to wrong login,"When I try to access finance system, it redirects me to the wrong login page. This started earlier today. I'm working at our Chicago location.",login,high,high,high,closed,True,0.74,high,False,Issue resolved by technician,2026-02-21T07:21:34.619416,2026-02-20T00:26:58.619416,2026-02-21T10:26:58.619416,30.91,Global Retail Solutions,0,14,0,sso
981,TICK-2025-01406,Refund not received,I was promised a refund of $326.65 two weeks ago but I still haven't received it. This began happening this week. I'm working in the IT department.,billing,medium,,medium,closed,True,0.95,medium,False,Issue resolved by technician,2025-11-17T16:27:22.627368,2025-11-15T05:45:58.627368,2025-11-16T11:45:58.627368,58.69,Media & Entertainment LLC,5,6,0,dispute
982,TICK-2026-00695,Suspicious popup messages,I keep getting popup messages even when no browser is open. They ask me to call a number for support.,software,critical,,critical,open,False,,critical,False,,,2026-02-26T21:00:58.562130,2026-02-28T18:00:58.562130,,Education Foundation,0,9,0,security
983,TICK-2025-01567,Need additional permissions,I need edit permissions for the file sharing to do my job. Currently I only have view access. Employee ID: 66743.,account,medium,medium,medium,resolved,True,0.8,medium,False,Issue resolved by technician,2025-12-30T13:31:58.632996,2025-12-29T13:28:58.632996,2025-12-29T17:28:58.632996,24.05,Tech Innovations Inc.,4,3,1,permissions
984,TICK-2025-00723,Request access to shared folder,I need access to the team shared folder on the network. I am a new employee and require access for my work. I'm working at my desk in Building 3.,network,low,,low,in_progress,True,0.97,low,False,,,2025-09-17T11:45:58.563135,2025-09-17T13:45:58.563135,,Logistics International,9,12,0,lan
985,TICK-2025-01971,Equipment request,I need to request a docking station for my work. What's the process?,other,low,,low,resolved,True,0.67,low,False,Issue resolved by technician,2025-06-25T02:36:22.644951,2025-06-16T00:18:58.644951,2025-06-17T04:18:58.644951,218.29,Consulting Associates,6,1,0,inquiry
986,TICK-2025-00140,Blue screen errors on my computer,"I keep getting blue screen errors that force my computer to restart. It happens randomly, sometimes twice a day. The error code is different each time. This started this morning. I'm working while working remotely.",hardware,medium,,medium,closed,True,0.87,medium,False,Issue resolved by technician,2025-11-03T22:12:34.513086,2025-11-02T23:50:58.513086,2025-11-03T07:50:58.513086,22.36,Research Institute,3,7,0,computer
987,TICK-2025-01291,Forgot my password,I forgot my password and can't log in. I've tried the reset option but haven't received the email.,login,high,high,high,closed,True,0.94,high,False,Issue resolved by technician,2025-09-14T06:03:34.620358,2025-09-12T08:26:58.620358,2025-09-13T09:26:58.620358,45.61,Healthcare Partners,0,2,0,password
988,TICK-2025-01764,Integration request,We need mobile app to integrate with Salesforce. Is this possible? This first noticed about an hour ago. Employee ID: 77671.,feature_request,low,,low,resolved,False,,low,False,Issue resolved by user,2025-06-09T07:00:46.638836,2025-06-02T14:43:58.638836,2025-06-03T23:43:58.638836,160.28,Tech Innovations Inc.,0,1,0,integration
989,TICK-2026-01321,MFA code not working,The code from my authenticator app isn't being accepted. I've tried multiple times with fresh codes. This started just now. I'm working in the Operations department. Asset tag: IT-3138-B.,login,high,,high,closed,True,0.82,high,False,Issue resolved by technician,2026-02-02T10:43:46.622601,2026-02-02T03:11:58.622601,2026-02-03T22:11:58.622601,7.53,Media & Entertainment LLC,10,11,0,mfa
990,TICK-2025-01485,Incorrect charge on invoice,My invoice shows a charge of $153.97 that I don't recognize. Please explain this charge. This started during a presentation.,billing,medium,medium,medium,in_progress,False,,medium,False,,,2025-12-30T22:44:58.630377,2025-12-31T06:44:58.630377,,Media & Entertainment LLC,3,7,0,invoice
991,TICK-2025-00362,Can't install software,I'm trying to install Slack but the installation fails with error: 0x1122 This appeared before our meeting.,software,low,,low,waiting_on_customer,True,0.77,low,False,,,2025-08-02T19:10:58.535658,2025-08-02T20:10:58.535658,,Financial Services Group,5,3,0,installation
992,TICK-2026-00261,Wireless headset not connecting,My wireless headset won't connect to my computer via Bluetooth. It was working fine yesterday. This first noticed yesterday afternoon.,hardware,low,,low,resolved,True,0.85,low,False,Issue resolved by user,2026-02-22T06:29:10.521074,2026-02-13T00:24:58.521074,2026-02-13T13:24:58.521074,222.07,Media & Entertainment LLC,0,1,0,peripheral
993,TICK-2025-01715,Mobile app feature request,Could you add custom notifications to the mobile app? It's available on desktop but not mobile. This began happening since yesterday. I'm working from my home office.,feature_request,low,,low,closed,True,0.71,low,False,Issue resolved by user,2025-11-30T17:19:22.637391,2025-11-27T15:04:58.637391,2025-11-28T22:04:58.637391,74.24,Manufacturing Corp,3,8,0,enhancement
994,TICK-2025-00186,Printer not printing,"When I try to print, the job gets stuck in the queue. The printer shows as online but nothing comes out.",hardware,high,high,low,closed,True,0.96,low,True,Issue resolved by technician,2025-12-24T13:31:22.515359,2025-12-22T22:22:58.515359,2025-12-23T03:22:58.515359,39.14,Education Foundation,1,10,0,printer
995,TICK-2025-00636,Can't save documents in Teams,"When I try to save in PowerPoint, I get an error message saying the file is in use by another program. This first noticed before our meeting. I'm working in meeting room 804. I have a deadline in 2 days.",software,medium,,medium,resolved,True,0.96,medium,False,Issue resolved by technician,2025-12-01T11:24:34.559609,2025-11-27T22:08:58.559609,2025-11-28T08:08:58.559609,85.26,Healthcare Partners,15,15,0,office
996,TICK-2026-00196,Water spilled on laptop,I accidentally spilled water on my laptop. I turned it off immediately but now it won't start.,hardware,medium,,medium,closed,True,0.94,medium,False,Issue resolved by technician,2026-02-06T13:23:10.515856,2026-02-05T17:39:58.515856,2026-02-06T17:39:58.515856,19.72,Research Institute,8,8,0,damage
997,TICK-2025-00440,Outlook formulas not calculating,My Office spreadsheet formulas are showing the formula text instead of calculating. I haven't changed any settings. Employee ID: 11312.,software,medium,,medium,closed,True,0.71,medium,False,Issue resolved by technician,2025-08-30T15:22:46.545544,2025-08-27T04:53:58.545544,2025-08-28T00:53:58.545544,82.48,Education Foundation,20,14,0,office
998,TICK-2025-01384,Need to update payment method,I need to update my credit card on file as it's expiring soon. How do I do this? This appeared yesterday. I'm working in the IT department. My ticket reference is REF-80405.,billing,low,,low,closed,True,0.75,low,False,Issue resolved by technician,2025-12-31T12:08:22.626264,2025-12-21T17:05:58.626264,2025-12-23T11:05:58.626264,235.04,Consulting Associates,1,7,0,payment
999,TICK-2025-00757,WiFi keeps disconnecting,My WiFi connection drops every few minutes. I have to turn WiFi off and on to reconnect temporarily. I'm working in the ground floor office. Asset tag: IT-8432-B.,network,medium,,medium,closed,True,0.92,medium,False,Issue resolved by technician,2025-12-08T08:00:46.564179,2025-12-05T18:58:58.564179,2025-12-07T05:58:58.564179,61.03,Consulting Associates,0,9,0,wireless
1000,TICK-2026-01162,Account locked out,My account is locked after too many login attempts. I was trying different passwords I thought might be correct. I'm working in the 3rd floor office. I have a deadline tomorrow.,login,high,,high,closed,True,0.97,high,False,Issue resolved by technician,2026-01-14T12:42:22.605360,2026-01-13T00:15:58.605360,2026-01-14T21:15:58.605360,36.44,Media & Entertainment LLC,2,1,0,account_locked
1001,TICK-2025-01271,Being redirected to wrong login,"When I try to access SharePoint, it redirects me to the wrong login page. This has been occurring since just now. Employee ID: 90104.",login,medium,,medium,resolved,True,0.7,medium,False,Issue resolved by technician,2025-12-09T02:32:10.618679,2025-12-08T16:03:58.618679,2025-12-08T22:03:58.618679,10.47,Financial Services Group,10,15,0,sso
1002,TICK-2025-01002,Request access to public share,I need access to the public share folder. I am an intern and I am in training. This first noticed this week.,network,low,,low,waiting_on_customer,True,0.84,low,False,,,2025-10-05T11:34:58.586125,2025-10-05T15:34:58.586125,,Legal Services LLP,4,12,0,lan
1003,TICK-2025-00970,Network drive not accessible,I can't access the shared network drive \\server\documents. It says the path doesn't exist. I'm working at our Dallas location.,network,high,,high,closed,True,0.77,high,False,Issue resolved by technician,2025-10-12T18:17:10.580808,2025-10-12T09:12:58.580808,2025-10-12T17:12:58.580808,9.07,Logistics International,5,8,0,lan
1004,TICK-2026-01029,Slow WiFi speed,My WiFi speed is extremely slow. Speedtest shows 2 Mbps download when it should be much faster. This began happening just now.,network,medium,medium,medium,closed,True,0.77,medium,False,Issue resolved by technician,2026-02-01T11:02:10.589643,2026-01-28T21:45:58.589643,2026-01-29T14:45:58.589643,85.27,Construction Holdings,1,4,3,wireless
1005,TICK-2025-00770,No internet connection,I'm connected to the network but have no internet access. Edge says 'No internet' for all websites. This appeared just now.,network,critical,,critical,closed,True,0.97,critical,False,Issue resolved by technician,2025-12-08T21:48:46.564569,2025-12-08T13:19:58.564569,2025-12-09T10:19:58.564569,8.48,Financial Services Group,2,2,0,connectivity
1006,TICK-2026-01936,Conference room booking issue,I'm having trouble booking conference room C300 for my meeting tomorrow. This began happening after lunch.,other,medium,medium,high,resolved,False,,high,True,Issue resolved by technician,2026-02-24T21:22:34.643957,2026-02-23T16:33:58.643957,2026-02-24T21:33:58.643957,28.81,Financial Services Group,3,7,0,general
1007,TICK-2026-00278,Dropped external hard drive,I dropped my external hard drive and now my computer doesn't recognize it when I plug it in. I'm working in the Marketing department.,hardware,high,high,critical,waiting_on_customer,True,0.95,critical,True,,,2026-01-18T15:59:58.522587,2026-01-20T05:59:58.522587,,Media & Entertainment LLC,5,1,0,damage
1008,TICK-2026-01143,SSO login not working,"When I try to log in with my company credentials, I get an error: 'Authentication failed'. I'm working in the IT department. Employee ID: 85742.",login,low,,low,in_progress,True,0.67,low,False,,,2026-02-21T20:16:58.603774,2026-02-22T03:16:58.603774,,Legal Services LLP,0,4,0,sso
1009,TICK-2026-01553,Notification settings not saving,I've disabled email notifications several times but I keep receiving them. This has been occurring since about an hour ago. I'm working on an important project. Employee ID: 69132.,account,high,,high,closed,True,0.9,high,False,Issue resolved by technician,2026-02-04T02:06:34.632591,2026-02-03T15:44:58.632591,2026-02-03T19:44:58.632591,10.36,Manufacturing Corp,13,15,0,settings
1010,TICK-2025-00341,Application freezing randomly,Adobe Acrobat freezes randomly during use. I have to force close it and lose my unsaved work. This has been occurring since before our meeting. I'm working on an important project.,software,medium,medium,low,open,True,0.69,low,True,,,2025-12-14T01:44:58.533377,2025-12-14T04:44:58.533377,,Global Retail Solutions,4,13,0,application
1011,TICK-2026-00491,Computer infected with virus,"I think my computer has a virus. It's running slow, showing popups, and my homepage changed without my doing. This started during a presentation.",software,critical,critical,critical,resolved,True,0.87,critical,False,Issue resolved by technician,2026-02-16T16:48:46.549678,2026-02-15T23:49:58.549678,2026-02-17T00:49:58.549678,16.98,Media & Entertainment LLC,13,13,0,security
1012,TICK-2025-00466,System running slow after update,"Ever since the last Windows 11 update, my computer has been extremely slow. Applications take minutes to load. This appeared since yesterday.",software,medium,,medium,closed,True,0.86,medium,False,Issue resolved by technician,2025-09-28T14:37:58.547695,2025-09-25T05:37:58.547695,2025-09-25T22:37:58.547695,81.0,Global Retail Solutions,4,8,0,os
1013,TICK-2026-00569,Application freezing randomly,AutoCAD freezes randomly during use. I have to force close it and lose my unsaved work. This started before our meeting. I have a deadline end of week. Employee ID: 12870.,software,medium,medium,medium,waiting_on_customer,True,0.56,medium,False,,,2026-01-29T17:01:58.555685,2026-01-30T01:01:58.555685,,Media & Entertainment LLC,3,14,0,application
1014,TICK-2025-00002,Dropped external hard drive,I dropped my external hard drive and now my computer doesn't recognize it when I plug it in. This appeared this week.,hardware,high,high,high,resolved,True,0.69,high,False,Issue resolved by user,2025-12-15T22:11:10.502956,2025-12-14T19:24:58.502956,2025-12-14T22:24:58.502956,26.77,Financial Services Group,1,7,0,damage
1015,TICK-2025-01678,Remove user from system,Michael Chen has left the company and their account should be deactivated. This began happening a few hours ago. I'm working in the ground floor office. Employee ID: 74550.,account,high,,high,resolved,True,0.78,high,False,Issue resolved by technician,2025-11-30T05:35:22.636273,2025-11-29T20:20:58.636273,2025-11-30T03:20:58.636273,9.24,Manufacturing Corp,20,1,0,deletion
1016,TICK-2026-00433,Software license expired,My Zoom license has expired and I can no longer access the software. I need it for my daily work.,software,high,,critical,closed,False,,critical,True,Issue resolved by technician,2026-01-21T11:55:58.544966,2026-01-20T10:58:58.544966,2026-01-21T01:58:58.544966,24.95,Construction Holdings,3,13,0,installation
1017,TICK-2026-01930,Feedback on service,I wanted to provide feedback on my recent support experience. Very satisfied with the support received. This first noticed since Monday. This is affecting my productivity.,other,low,,low,open,True,0.89,low,False,,,2026-02-26T13:09:58.643785,2026-02-28T09:09:58.643785,,Financial Services Group,7,0,0,feedback
1018,TICK-2026-00874,Slow WiFi speed,My WiFi speed is extremely slow. Speedtest shows 1 Mbps download when it should be much faster. This has been occurring since before our meeting.,network,low,low,low,resolved,True,0.89,low,False,Issue resolved by technician,2026-01-25T13:23:22.571877,2026-01-16T07:47:58.571877,2026-01-17T15:47:58.571877,221.59,Manufacturing Corp,0,9,0,wireless
1019,TICK-2026-01841,Conference room booking issue,I'm having trouble booking conference room C300 for my meeting tomorrow.,other,medium,medium,medium,waiting_on_customer,False,,medium,False,,,2026-02-07T11:27:58.641097,2026-02-09T01:27:58.641097,,Financial Services Group,5,6,0,general
1020,TICK-2025-00035,Water spilled on laptop,I accidentally spilled water on my laptop. I turned it off immediately but now it won't start. This first noticed since yesterday. This is affecting my productivity.,hardware,critical,,critical,resolved,False,,critical,False,Issue resolved by user,2025-07-19T17:40:34.505124,2025-07-19T00:06:58.505124,2025-07-19T18:06:58.505124,17.56,Healthcare Partners,5,4,0,damage
1021,TICK-2026-00787,Internet works intermittently,My internet connection works for a few minutes then stops. Have to unplug and replug ethernet cable to fix temporarily. This started just now. I'm working in the Sales department.,network,high,,high,resolved,True,0.72,high,False,Issue resolved by technician,2026-01-01T06:48:10.565078,2026-01-01T02:31:58.565078,2026-01-01T02:31:58.565078,4.27,Research Institute,2,12,0,connectivity
1022,TICK-2026-00801,VPN won't connect,I'm trying to connect to the company VPN from home but it keeps timing out. I can access the internet fine without VPN. Employee ID: 71234.,network,high,,high,resolved,True,0.69,high,False,Issue resolved by technician,2026-01-30T14:31:58.565488,2026-01-30T07:49:58.565488,2026-02-01T06:49:58.565488,6.7,Legal Services LLP,6,10,1,vpn
1023,TICK-2026-00198,Print quality is poor,My printed documents are coming out with streaks and faded areas. I've replaced the cartridge but the problem persists.,hardware,low,,low,resolved,True,0.59,low,False,Issue resolved by technician,2026-03-08T16:49:10.515935,2026-02-27T14:59:58.515935,2026-03-01T11:59:58.515935,217.82,Global Retail Solutions,17,2,0,printer
1024,TICK-2026-00313,Browser extremely slow,My Safari has become very slow. Pages take 30+ seconds to load and tabs crash frequently. This began happening last week. I'm working in the IT department.,software,low,,low,closed,True,0.85,low,False,Issue resolved by technician,2026-02-12T10:14:46.525521,2026-02-09T08:21:58.525521,2026-02-09T17:21:58.525521,73.88,Tech Innovations Inc.,4,14,0,browser
1025,TICK-2026-00043,Mouse cursor jumping around,My mouse cursor keeps jumping to random positions on the screen. I've tried cleaning the sensor but the problem continues. This appeared just now. I'm working in meeting room 616.,hardware,low,,low,resolved,True,0.94,low,False,Issue resolved by technician,2026-02-08T11:35:22.505566,2026-01-31T18:02:58.505566,2026-01-31T21:02:58.505566,185.54,Tech Innovations Inc.,3,6,0,peripheral
1026,TICK-2025-01928,General inquiry,I have a question about service levels. Can someone please help me understand this better? This first noticed a few hours ago. Please prioritize this.,other,low,,low,resolved,True,0.91,low,False,Issue resolved by user,2025-09-14T10:19:58.643727,2025-09-06T22:46:58.643727,2025-09-07T12:46:58.643727,179.55,Financial Services Group,1,8,0,inquiry
1027,TICK-2025-00556,System running slow after update,"Ever since the last Windows 10 update, my computer has been extremely slow. Applications take minutes to load. This has been occurring since after lunch. I'm working in meeting room 604. Employee ID: 77983.",software,low,low,low,resolved,True,0.8,low,False,Issue resolved by technician,2025-12-11T14:27:10.554833,2025-12-05T05:40:58.554833,2025-12-07T04:40:58.554833,152.77,Media & Entertainment LLC,5,6,0,os
1028,TICK-2026-00683,Windows 11 won't boot,"After a restart, Windows won't boot. It gets stuck on the loading screen and never progresses to the login. This began happening last night. Employee ID: 52579.",software,low,,low,closed,True,0.71,low,False,Issue resolved by technician,2026-02-10T14:07:22.561668,2026-02-03T11:19:58.561668,2026-02-03T23:19:58.561668,170.79,Logistics International,11,3,0,os
1029,TICK-2026-01033,Network drive not accessible,I can't access the shared network drive \\server\projects. It says the path doesn't exist. This appeared a few hours ago.,network,high,high,high,in_progress,True,0.9,high,False,,,2026-01-07T17:51:58.590023,2026-01-09T10:51:58.590023,,Global Retail Solutions,2,14,0,lan
1030,TICK-2026-01823,Feedback on service,I wanted to provide feedback on my recent support experience. Very satisfied with the support received. I'm working in the IT department. Multiple colleagues have the same issue.,other,low,low,low,waiting_on_customer,True,0.85,low,False,,,2026-02-01T14:52:58.640576,2026-02-02T00:52:58.640576,,Healthcare Partners,10,1,0,feedback
1031,TICK-2025-00427,Can't install software,I'm trying to install Photoshop but the installation fails with error: 0x2241 I'm working in the IT department.,software,low,low,low,closed,True,0.8,low,False,Issue resolved by technician,2025-12-01T14:06:46.544431,2025-11-27T13:40:58.544431,2025-11-28T20:40:58.544431,96.43,Construction Holdings,0,13,0,installation
1032,TICK-2026-00568,Can't install software,I'm trying to install AutoCAD but the installation fails with error: 0x1C89 This began happening earlier today. I'm working in the 3rd floor office.,software,medium,,high,resolved,True,0.87,high,True,Issue resolved by user,2026-02-10T00:51:34.555616,2026-02-05T13:05:58.555616,2026-02-06T00:05:58.555616,107.76,Financial Services Group,1,0,0,installation
1033,TICK-2025-01989,Equipment request,I need to request a docking station for my work. What's the process? This started about an hour ago. I'm working at our Chicago location.,other,low,,low,closed,True,0.95,low,False,Issue resolved by technician,2025-11-12T17:08:10.645483,2025-11-07T20:36:58.645483,2025-11-09T05:36:58.645483,116.52,Global Retail Solutions,0,11,0,inquiry
1034,TICK-2025-00251,Screen flickering constantly,My display screen keeps flickering every few seconds. It's giving me headaches and making it impossible to work. This has been occurring since after lunch. I'm working in the IT department.,hardware,low,,critical,resolved,True,0.78,critical,True,Issue resolved by user,2025-07-19T16:33:58.520100,2025-07-18T13:00:58.520100,2025-07-19T14:00:58.520100,27.55,Tech Innovations Inc.,3,7,0,display
1035,TICK-2026-00704,Network drive not accessible,I can't access the shared network drive \\server\documents. It says the path doesn't exist. This first noticed yesterday. I'm working at my desk in Building B.,network,low,,low,open,True,0.9,low,False,,,2026-02-22T09:26:58.562437,2026-02-23T18:26:58.562437,,Construction Holdings,3,0,0,lan
1036,TICK-2025-01953,How do I export data?,I'm not sure how to export data in the system. Could you provide instructions? This began happening yesterday afternoon. I'm working in the Sales department.,other,low,,low,resolved,True,0.81,low,False,Issue resolved by technician,2025-12-28T00:48:10.644452,2025-12-22T06:01:58.644452,2025-12-23T02:01:58.644452,138.77,Global Retail Solutions,2,3,0,inquiry
1037,TICK-2025-01981,General inquiry,I have a question about company policies. Can someone please help me understand this better? This has been occurring since during a presentation. I'm working from my home office.,other,low,low,low,closed,False,,low,False,Issue resolved by technician,2025-10-12T18:48:46.645239,2025-10-08T04:16:58.645239,2025-10-09T17:16:58.645239,110.53,Education Foundation,4,4,0,inquiry
1038,TICK-2026-00873,Slow WiFi speed,My WiFi speed is extremely slow. Speedtest shows 5 Mbps download when it should be much faster. This started yesterday. I'm working at our Downtown location.,network,medium,,medium,resolved,True,0.72,medium,False,Issue resolved by technician,2026-02-07T08:08:22.571802,2026-02-02T14:17:58.571802,2026-02-03T20:17:58.571802,113.84,Financial Services Group,0,11,0,wireless
1039,TICK-2026-00982,New hire needs network share access,I started this week and need to be granted access to the shared folders on the network as part of onboarding. My ticket reference is REF-17790. Employee ID: 55231.,network,low,,high,waiting_on_customer,True,0.9,high,True,,,2026-02-20T17:31:58.581893,2026-02-20T21:31:58.581893,,Construction Holdings,3,7,0,lan
1040,TICK-2026-01647,Need additional permissions,I need edit permissions for the file sharing to do my job. Currently I only have view access. This appeared last week.,account,medium,,medium,closed,True,0.85,medium,False,Issue resolved by technician,2026-01-29T03:22:46.635380,2026-01-26T19:26:58.635380,2026-01-27T22:26:58.635380,55.93,Construction Holdings,4,5,1,permissions
1041,TICK-2026-01009,Slow WiFi speed,My WiFi speed is extremely slow. Speedtest shows 1 Mbps download when it should be much faster.,network,medium,,medium,in_progress,False,,medium,False,,,2026-02-22T03:29:58.587056,2026-02-23T16:29:58.587056,,Construction Holdings,8,11,0,wireless
1042,TICK-2025-01543,Can't change my profile settings,"When I try to update my profile information, the save button doesn't work. This began happening yesterday afternoon.",account,medium,,medium,in_progress,True,0.82,medium,False,,,2025-11-18T19:36:58.632185,2025-11-19T04:36:58.632185,,Tech Innovations Inc.,0,4,0,settings
1043,TICK-2026-01183,Access removed incorrectly,My access to finance system was removed but I still need it for my work. This might have been done in error. This first noticed this morning.,login,high,,high,closed,True,0.7,high,False,Issue resolved by technician,2026-02-21T11:50:58.607303,2026-02-21T02:44:58.607303,2026-02-21T10:44:58.607303,9.1,Research Institute,1,5,2,access
1044,TICK-2026-00759,Request access to shared folder,I need access to the projects shared folder on the network. I am a new employee and require access for my work. This has been occurring since this morning. Multiple colleagues have the same issue. Employee ID: 23069.,network,low,,low,closed,True,0.82,low,False,Issue resolved by user,2026-02-02T14:44:10.564238,2026-01-28T19:51:58.564238,2026-01-30T16:51:58.564238,114.87,Education Foundation,0,5,0,lan
1045,TICK-2025-00055,Second monitor not detected,I connected a second monitor to my laptop but macOS doesn't detect it. I've tried the display settings but only shows one monitor. This has been occurring since since yesterday.,hardware,low,,low,closed,True,0.92,low,False,Issue resolved by user,2025-11-16T20:14:10.506175,2025-11-15T12:09:58.506175,2025-11-16T02:09:58.506175,32.07,Media & Entertainment LLC,2,0,0,display
1046,TICK-2026-00492,Need software installed,I need Visual Studio installed on my computer for a new project. I don't have admin rights to install it myself. This has been occurring since since Monday. Employee ID: 26023.,software,low,low,low,in_progress,True,0.81,low,False,,,2026-02-25T15:15:58.549753,2026-02-25T18:15:58.549753,,Logistics International,6,11,0,installation
1047,TICK-2025-00786,Slow WiFi speed,My WiFi speed is extremely slow. Speedtest shows 2 Mbps download when it should be much faster. This began happening a few hours ago.,network,medium,,medium,closed,True,0.55,medium,False,Issue resolved by technician,2025-12-08T06:29:58.565047,2025-12-06T14:11:58.565047,2025-12-07T21:11:58.565047,40.3,Construction Holdings,0,3,0,wireless
1048,TICK-2026-01343,Not receiving MFA text messages,I selected SMS for MFA but I'm not receiving the text messages with the code. This appeared after lunch. Employee ID: 43507.,login,medium,,medium,closed,True,0.99,medium,False,Issue resolved by technician,2026-02-19T17:50:22.624007,2026-02-19T01:47:58.624007,2026-02-19T01:47:58.624007,16.04,Research Institute,5,12,0,mfa
1049,TICK-2026-00090,Screen flickering constantly,My screen screen keeps flickering every few seconds. It's giving me headaches and making it impossible to work. This began happening earlier today.,hardware,medium,,medium,resolved,True,0.91,medium,False,Issue resolved by technician,2026-01-04T06:15:58.509086,2026-01-02T17:00:58.509086,2026-01-04T10:00:58.509086,37.25,Construction Holdings,14,4,1,display
1050,TICK-2025-01124,Being redirected to wrong login,"When I try to access HR portal, it redirects me to the wrong login page. I'm working at our Houston location. I have a deadline in 2 days.",login,medium,,medium,closed,True,0.77,medium,False,Issue resolved by user,2025-09-12T04:42:34.602232,2025-09-08T18:35:58.602232,2025-09-09T05:35:58.602232,82.11,Tech Innovations Inc.,0,15,0,sso
1051,TICK-2025-00159,Water spilled on laptop,I accidentally spilled water on my laptop. I turned it off immediately but now it won't start. I'm working from my home office. Employee ID: 31591.,hardware,critical,,high,resolved,False,,high,True,Issue resolved by technician,2025-12-05T11:14:34.514115,2025-12-05T07:55:58.514115,2025-12-05T15:55:58.514115,3.31,Construction Holdings,2,15,0,damage
1052,TICK-2025-01530,Notification settings not saving,I've disabled email notifications several times but I keep receiving them. This began happening last week. I'm working while working remotely.,account,low,,critical,closed,True,0.64,critical,True,Issue resolved by user,2025-12-16T05:44:34.631789,2025-12-10T13:46:58.631789,2025-12-11T12:46:58.631789,135.96,Consulting Associates,0,1,0,settings
1053,TICK-2025-01772,Bulk action needed,Please add the ability to archive multiple items at once in the mobile app. This started yesterday. My ticket reference is REF-45112.,feature_request,low,,low,resolved,False,,low,False,Issue resolved by technician,2025-10-20T00:13:22.639065,2025-10-10T12:04:58.639065,2025-10-12T00:04:58.639065,228.14,Education Foundation,14,12,0,enhancement
1054,TICK-2026-01211,Account locked out,My account is locked after too many login attempts. I was trying different passwords I thought might be correct. This first noticed this week. I'm working while working remotely. This is affecting my productivity.,login,high,high,high,closed,True,0.72,high,False,Issue resolved by technician,2026-02-10T19:58:10.610092,2026-02-09T01:23:58.610092,2026-02-09T16:23:58.610092,42.57,Research Institute,2,3,0,account_locked
1055,TICK-2026-00328,Can't install software,I'm trying to install Slack but the installation fails with error: 0x24B5 This appeared this morning.,software,medium,medium,medium,closed,True,0.76,medium,False,Issue resolved by user,2026-01-09T15:41:10.531019,2026-01-05T16:06:58.531019,2026-01-06T20:06:58.531019,95.57,Education Foundation,8,12,0,installation
1056,TICK-2025-00555,Zoom showing error on startup,"Every time I open Zoom, I get an error message: 'An error occurred'. The application still opens but I'm worried. This began happening just now. I'm working in the 5th floor office.",software,low,low,low,closed,True,0.88,low,False,Issue resolved by user,2025-12-05T01:57:58.554763,2025-12-03T12:06:58.554763,2025-12-04T08:06:58.554763,37.85,Legal Services LLP,4,12,0,application
1057,TICK-2026-01297,Forgot my password,I forgot my password and can't log in. I've tried the reset option but haven't received the email. I'm working while working remotely.,login,high,high,high,in_progress,True,0.82,high,False,,,2026-01-17T00:57:58.620855,2026-01-18T21:57:58.620855,,Media & Entertainment LLC,2,14,0,password
1058,TICK-2026-01357,Being redirected to wrong login,"When I try to access finance system, it redirects me to the wrong login page. This began happening last night. I'm working in the Engineering department.",login,medium,,medium,open,True,0.68,medium,False,,,2026-02-26T17:22:58.624790,2026-02-27T20:22:58.624790,,Financial Services Group,9,11,0,sso
1059,TICK-2026-01225,Not receiving MFA text messages,I selected SMS for MFA but I'm not receiving the text messages with the code. This started this morning.,login,high,high,critical,closed,True,0.81,critical,True,Issue resolved by user,2026-02-18T08:22:46.612305,2026-02-16T09:32:58.612305,2026-02-16T16:32:58.612305,46.83,Tech Innovations Inc.,8,11,0,mfa
1060,TICK-2026-00821,WiFi network not appearing,I can't see the office WiFi network in my available networks list. Other people around me can see it. This has been occurring since last week. I'm working in the 2nd floor office. Employee ID: 33892.,network,high,high,high,in_progress,True,0.97,high,False,,,2026-02-22T13:25:58.566926,2026-02-24T02:25:58.566926,,Global Retail Solutions,4,6,0,wireless
1061,TICK-2026-01836,Feedback on service,I wanted to provide feedback on my recent support experience. The issue was resolved but took longer than expected. This appeared during a presentation.,other,low,low,medium,closed,True,0.66,medium,True,Issue resolved by technician,2026-02-20T17:20:58.640954,2026-02-14T07:44:58.640954,2026-02-15T13:44:58.640954,153.6,Construction Holdings,3,2,1,feedback
1062,TICK-2026-01882,Training request,I need training on how to use expense system. Is there documentation or videos available?,other,low,,low,closed,True,0.77,low,False,Issue resolved by technician,2026-02-08T14:27:22.642278,2026-02-02T04:18:58.642278,2026-02-02T05:18:58.642278,154.14,Consulting Associates,4,1,0,inquiry
1063,TICK-2025-01258,Password not working,My password stopped working. I'm sure I'm typing it correctly but it says invalid credentials. This appeared earlier today. I'm working in the 5th floor office. Employee ID: 33311.,login,high,high,high,resolved,True,0.97,high,False,Issue resolved by technician,2025-07-07T06:26:58.617332,2025-07-06T20:56:58.617332,2025-07-08T04:56:58.617332,9.5,Manufacturing Corp,6,2,0,password
1064,TICK-2026-01189,Lost access to MFA device,I lost my phone with the authenticator app. I can't log in without the MFA code. This has been occurring since after lunch.,login,critical,,critical,waiting_on_customer,True,0.58,critical,False,,,2026-02-23T06:52:58.607768,2026-02-24T11:52:58.607768,,Legal Services LLP,1,15,0,mfa
1065,TICK-2026-00139,Second monitor not detected,I connected a second monitor to my laptop but macOS doesn't detect it. I've tried the display settings but only shows one monitor. This first noticed this week. I'm working in the Finance department. Employee ID: 32950.,hardware,low,low,high,closed,True,0.99,high,True,Issue resolved by technician,2026-01-11T17:41:34.513031,2026-01-07T12:16:58.513031,2026-01-07T12:16:58.513031,101.41,Legal Services LLP,3,12,0,display
1066,TICK-2026-01397,Want to cancel subscription,I'd like to cancel my subscription to software license at the end of this billing period. This appeared last night. Employee ID: 73155.,billing,low,,low,closed,False,,low,False,Issue resolved by user,2026-02-19T16:10:10.626911,2026-02-17T17:35:58.626911,2026-02-19T13:35:58.626911,46.57,Manufacturing Corp,0,3,0,subscription
1067,TICK-2025-01510,Incorrect charge on invoice,My invoice shows a charge of $214.87 that I don't recognize. Please explain this charge. This first noticed this week.,billing,low,low,low,resolved,True,0.73,low,False,Issue resolved by user,2025-12-15T11:08:22.631171,2025-12-06T13:29:58.631171,2025-12-08T03:29:58.631171,213.64,Financial Services Group,3,10,0,invoice
1068,TICK-2026-01121,Need access to CRM,I've been told I need access to project management system for my new role. Please grant me the necessary permissions. This appeared since Monday. I've already restarted 3 times.,login,low,,low,closed,True,0.89,low,False,Issue resolved by technician,2026-02-21T18:00:46.601830,2026-02-12T10:16:58.601830,2026-02-14T00:16:58.601830,223.73,Logistics International,15,2,0,access
1069,TICK-2025-00838,Internet works intermittently,My internet connection works for a few minutes then stops. Have to unplug and replug ethernet cable to fix temporarily. This has been occurring since last week. I'm working in meeting room 234.,network,high,,high,closed,False,,high,False,Issue resolved by technician,2025-12-25T16:45:10.568731,2025-12-25T11:31:58.568731,2025-12-26T00:31:58.568731,5.22,Legal Services LLP,0,11,0,connectivity
1070,TICK-2026-01199,Password not working,My password stopped working. I'm sure I'm typing it correctly but it says invalid credentials. I tried the troubleshooting guide but it didn't help.,login,high,high,high,closed,True,0.88,high,False,Issue resolved by technician,2026-02-17T19:00:22.608783,2026-02-17T08:00:58.608783,2026-02-19T05:00:58.608783,10.99,Legal Services LLP,3,6,0,password
1071,TICK-2025-00300,Laptop not charging,"My laptop is plugged in but shows 'plugged in, not charging'. The battery percentage stays at 71% and doesn't increase. I have a deadline today.",hardware,medium,,medium,closed,True,0.56,medium,False,Issue resolved by technician,2025-09-01T10:51:10.524449,2025-08-31T13:10:58.524449,2025-09-02T12:10:58.524449,21.67,Construction Holdings,4,13,0,power
1072,TICK-2025-01226,Account locked out,My account is locked after too many login attempts. I was trying different passwords I thought might be correct. This began happening about an hour ago.,login,high,,high,waiting_on_customer,True,0.89,high,False,,,2025-12-01T01:55:58.612583,2025-12-02T12:55:58.612583,,Financial Services Group,0,6,0,account_locked
1073,TICK-2026-00027,PC making strange noise,My PC is making a loud clicking/grinding noise. It started yesterday and seems to be coming from inside the case. I'm worried about data loss. This first noticed last week. I'm working at our Austin location.,hardware,high,,high,resolved,True,0.72,high,False,Issue resolved by user,2026-01-27T09:09:46.504653,2026-01-25T11:28:58.504653,2026-01-26T02:28:58.504653,45.68,Research Institute,1,10,0,computer
1074,TICK-2026-00693,Teams calls dropping frequently,My Microsoft Teams calls keep dropping after a few minutes. The audio cuts out and then I get disconnected. This first noticed this morning. I'm working at our Downtown location.,software,high,,high,closed,True,0.75,high,False,Issue resolved by technician,2026-02-18T18:43:34.562068,2026-02-17T14:42:58.562068,2026-02-17T22:42:58.562068,28.01,Global Retail Solutions,0,14,0,office
1075,TICK-2025-01499,Charged twice this month,I was charged twice for my hosting subscription this month. Please refund the duplicate charge. This appeared earlier today.,billing,high,,high,resolved,False,,high,False,Issue resolved by technician,2025-11-26T12:32:10.630832,2025-11-25T20:42:58.630832,2025-11-26T01:42:58.630832,15.82,Manufacturing Corp,3,4,0,dispute
1076,TICK-2025-01419,Need to update payment method,I need to update my credit card on file as it's expiring soon. How do I do this? This started earlier today. I have a deadline end of week.,billing,medium,,critical,closed,True,0.66,critical,True,Issue resolved by user,2025-08-24T18:06:22.627925,2025-08-20T05:42:58.627925,2025-08-21T19:42:58.627925,108.39,Tech Innovations Inc.,0,15,0,payment
1077,TICK-2026-00729,Shared folder permission request,Can you please grant me read access to the documents shared folder? My manager has approved this request. I've already restarted 4 times.,network,low,,low,resolved,True,0.79,low,False,Issue resolved by technician,2026-02-21T21:14:34.563336,2026-02-16T06:55:58.563336,2026-02-16T13:55:58.563336,134.31,Healthcare Partners,7,10,2,lan
1078,TICK-2025-00016,Monitor not displaying image,My monitor shows 'No Signal' even though my computer is on. I've tried different cables but the same issue occurs. This started earlier today.,hardware,medium,medium,medium,closed,True,0.66,medium,False,Issue resolved by technician,2025-12-20T06:03:58.503943,2025-12-17T13:06:58.503943,2025-12-17T17:06:58.503943,64.95,Financial Services Group,7,9,0,display
1079,TICK-2026-00163,Water spilled on laptop,I accidentally spilled water on my laptop. I turned it off immediately but now it won't start. This first noticed last week.,hardware,critical,,critical,resolved,False,,critical,False,Issue resolved by user,2026-02-06T13:47:34.514299,2026-02-06T01:31:58.514299,2026-02-06T19:31:58.514299,12.26,Healthcare Partners,0,11,0,damage
1080,TICK-2026-01498,Incorrect charge on invoice,My invoice shows a charge of $461.22 that I don't recognize. Please explain this charge. This appeared before our meeting. Employee ID: 93679.,billing,medium,medium,medium,open,True,0.67,medium,False,,,2026-01-28T00:10:58.630804,2026-01-28T18:10:58.630804,,Construction Holdings,11,0,0,invoice
1081,TICK-2026-01195,Access removed incorrectly,My access to HR portal was removed but I still need it for my work. This might have been done in error. Employee ID: 43240.,login,high,,high,resolved,False,,high,False,Issue resolved by technician,2026-01-19T21:50:58.608280,2026-01-18T23:50:58.608280,2026-01-19T20:50:58.608280,22.0,Healthcare Partners,1,12,0,access
1082,TICK-2025-01810,Training request,I need training on how to use HR portal. Is there documentation or videos available?,other,low,low,low,resolved,True,0.74,low,False,Issue resolved by technician,2025-12-22T19:24:22.640193,2025-12-16T22:09:58.640193,2025-12-17T13:09:58.640193,141.24,Financial Services Group,1,14,0,inquiry
1083,TICK-2026-01465,Charged twice this month,I was charged twice for my software license subscription this month. Please refund the duplicate charge. This began happening last week. Employee ID: 85752.,billing,high,,medium,closed,True,0.72,medium,True,Issue resolved by technician,2026-02-16T17:00:58.629722,2026-02-15T13:21:58.629722,2026-02-17T06:21:58.629722,27.65,Global Retail Solutions,0,11,0,dispute
1084,TICK-2026-00521,System running slow after update,"Ever since the last Windows 11 update, my computer has been extremely slow. Applications take minutes to load.",software,low,,low,open,True,0.79,low,False,,,2026-02-23T08:03:58.551993,2026-02-23T23:03:58.551993,,Media & Entertainment LLC,4,5,0,os
1085,TICK-2026-00364,macOS won't boot,"After a restart, Windows 10 won't boot. It gets stuck on the loading screen and never progresses to the login. This appeared last night. I'm working at my desk in Building B.",software,critical,,critical,in_progress,True,0.81,critical,False,,,2026-02-20T11:16:58.535835,2026-02-20T23:16:58.535835,,Global Retail Solutions,8,8,0,os
1086,TICK-2026-01769,Dashboard customization,I'd like to be able to customize my dashboard to show export to Excel. This first noticed since yesterday. I'm working in the Sales department.,feature_request,medium,medium,medium,resolved,True,0.63,medium,False,Issue resolved by user,2026-01-09T07:31:46.638980,2026-01-07T21:17:58.638980,2026-01-08T23:17:58.638980,34.23,Healthcare Partners,8,7,0,new_feature
1087,TICK-2026-00583,Outlook crashes when opening files,Office crashes every time I try to open a specific file. I've tried repairing Office but the issue continues.,software,high,,high,resolved,True,0.68,high,False,Issue resolved by user,2026-01-22T02:44:34.556615,2026-01-20T10:31:58.556615,2026-01-21T10:31:58.556615,40.21,Legal Services LLP,6,14,0,office
1088,TICK-2026-00174,Wireless headset not connecting,My wireless headset won't connect to my computer via Bluetooth. It was working fine yesterday. This started after lunch.,hardware,low,,low,waiting_on_customer,True,0.93,low,False,,,2026-02-23T11:52:58.514811,2026-02-25T04:52:58.514811,,Logistics International,0,5,0,peripheral
1089,TICK-2026-01533,Request account deletion,Please delete my account and all associated data as per GDPR requirements. This appeared this week. I'm working while working remotely. This worked fine before.,account,medium,,medium,closed,True,0.76,medium,False,Issue resolved by technician,2026-01-14T01:28:46.631887,2026-01-12T10:14:58.631887,2026-01-13T11:14:58.631887,39.23,Legal Services LLP,0,15,0,deletion
1090,TICK-2026-01535,Need to update my email address,I recently got married and need to change my email address from jane@oldcompany.com to jane@newcompany.com. This first noticed before our meeting. Employee ID: 25397.,account,low,,low,waiting_on_customer,True,0.93,low,False,,,2026-02-13T21:36:58.631944,2026-02-14T09:36:58.631944,,Tech Innovations Inc.,2,9,0,profile
1091,TICK-2026-00335,Can't save documents in Outlook,"When I try to save in Outlook, I get an error message saying the file is in use by another program. This appeared during a presentation.",software,medium,,medium,resolved,True,0.88,medium,False,Issue resolved by technician,2026-02-15T07:09:34.531953,2026-02-12T20:20:58.531953,2026-02-13T05:20:58.531953,58.81,Financial Services Group,2,8,0,office
1092,TICK-2026-01079,Lost access to MFA device,I lost my phone with the authenticator app. I can't log in without the MFA code. This appeared yesterday afternoon. I'm working while working remotely. I have a deadline in 2 days. Employee ID: 14135.,login,low,,low,closed,True,0.7,low,False,Issue resolved by user,2026-02-13T03:21:34.597709,2026-02-10T17:50:58.597709,2026-02-12T03:50:58.597709,57.51,Research Institute,2,14,0,mfa
1093,TICK-2026-00973,Request access to public share,I need access to the public share folder. I am an intern and I am in training. I'm working in the ground floor office.,network,low,low,low,in_progress,True,0.7,low,False,,,2026-02-27T08:58:58.581080,2026-02-28T08:58:58.581080,,Manufacturing Corp,0,12,1,lan
1094,TICK-2026-01378,Need to upgrade subscription,I need to upgrade my subscription from Basic to Premium. Please advise on the process and pricing. This has been occurring since this week. I'm working in the IT department. Employee ID: 63541.,billing,low,,low,in_progress,True,0.7,low,False,,,2026-01-11T18:53:58.625932,2026-01-12T05:53:58.625932,,Media & Entertainment LLC,1,14,0,subscription
1095,TICK-2026-01166,Forgot my password,I forgot my password and can't log in. I've tried the reset option but haven't received the email. This appeared earlier today. My ticket reference is REF-14103.,login,high,,high,closed,True,0.88,high,False,Issue resolved by user,2026-01-18T06:51:34.605659,2026-01-16T20:35:58.605659,2026-01-17T20:35:58.605659,34.26,Global Retail Solutions,5,6,0,password
1096,TICK-2025-00978,Slow speed when connected to VPN,"When I connect to VPN, my internet becomes extremely slow. Takes minutes to open a simple webpage. This appeared since yesterday.",network,medium,,medium,waiting_on_customer,True,0.69,medium,False,,,2025-12-20T12:05:58.581533,2025-12-21T11:05:58.581533,,Global Retail Solutions,7,5,0,vpn
1097,TICK-2025-01273,MFA code not working,The code from my authenticator app isn't being accepted. I've tried multiple times with fresh codes. Employee ID: 99592.,login,low,low,low,closed,True,0.87,low,False,Issue resolved by technician,2025-09-21T00:48:10.618868,2025-09-12T22:04:58.618868,2025-09-14T01:04:58.618868,194.72,Global Retail Solutions,7,0,0,mfa
1098,TICK-2025-00417,System running slow after update,"Ever since the last Windows 10 update, my computer has been extremely slow. Applications take minutes to load. I'm working in the 3rd floor office.",software,medium,,medium,resolved,False,,medium,False,Issue resolved by technician,2025-11-11T15:57:10.543550,2025-11-08T11:55:58.543550,2025-11-10T10:55:58.543550,76.02,Financial Services Group,3,2,0,os
1099,TICK-2026-00143,Print quality is poor,My printed documents are coming out with streaks and faded areas. I've replaced the cartridge but the problem persists. I'm working in the Operations department. Multiple colleagues have the same issue.,hardware,low,,low,closed,True,0.79,low,False,Issue resolved by technician,2026-01-03T02:13:46.513250,2026-01-01T06:41:58.513250,2026-01-02T10:41:58.513250,43.53,Research Institute,1,11,0,printer
1100,TICK-2025-01429,Need to upgrade subscription,I need to upgrade my subscription from Basic to Premium. Please advise on the process and pricing. I'm working in meeting room 414. I tried the troubleshooting guide but it didn't help.,billing,low,,low,closed,True,0.55,low,False,Issue resolved by technician,2025-10-18T23:15:46.628374,2025-10-09T04:40:58.628374,2025-10-09T20:40:58.628374,234.58,Logistics International,0,14,0,subscription
1101,TICK-2025-01346,MFA code not working,The code from my authenticator app isn't being accepted. I've tried multiple times with fresh codes.,login,high,,high,resolved,True,0.75,high,False,Issue resolved by user,2025-11-17T02:54:34.624178,2025-11-16T02:17:58.624178,2025-11-17T20:17:58.624178,24.61,Legal Services LLP,9,1,0,mfa
1102,TICK-2025-01323,Access removed incorrectly,My access to finance system was removed but I still need it for my work. This might have been done in error. This first noticed earlier today. I have a deadline today.,login,high,,high,resolved,True,0.76,high,False,Issue resolved by technician,2025-12-22T20:56:58.622737,2025-12-21T23:17:58.622737,2025-12-23T04:17:58.622737,21.65,Research Institute,1,5,0,access
1103,TICK-2025-01954,Conference room booking issue,I'm having trouble booking conference room B205 for my meeting tomorrow. This appeared during a presentation.,other,medium,medium,medium,resolved,True,0.8,medium,False,Issue resolved by technician,2025-08-06T17:27:10.644482,2025-08-05T07:25:58.644482,2025-08-05T18:25:58.644482,34.02,Consulting Associates,40,5,0,general
1104,TICK-2025-01983,How do I change settings?,I'm not sure how to generate reports in the system. Could you provide instructions? This has been occurring since during a presentation. I'm working at my desk in Building B.,other,medium,,medium,waiting_on_customer,True,0.8,medium,False,,,2025-12-22T06:15:58.645299,2025-12-22T06:15:58.645299,,Education Foundation,4,2,0,inquiry
1105,TICK-2025-01887,General inquiry,I have a question about maintenance windows. Can someone please help me understand this better? This has been occurring since earlier today.,other,low,,low,closed,True,0.66,low,False,Issue resolved by technician,2025-10-15T10:42:10.642521,2025-10-06T16:04:58.642521,2025-10-07T05:04:58.642521,210.62,Global Retail Solutions,0,15,0,inquiry
1106,TICK-2026-01307,Lost access to MFA device,I lost my phone with the authenticator app. I can't log in without the MFA code. This started since Monday. I'm working in meeting room 714.,login,critical,,low,closed,True,0.73,low,True,Issue resolved by technician,2026-02-18T13:30:58.621580,2026-02-17T22:03:58.621580,2026-02-18T13:03:58.621580,15.45,Healthcare Partners,2,11,0,mfa
1107,TICK-2025-00339,Application freezing randomly,QuickBooks freezes randomly during use. I have to force close it and lose my unsaved work. This started since Monday.,software,medium,,medium,closed,False,,medium,False,Issue resolved by user,2025-11-17T02:51:58.532880,2025-11-16T08:36:58.532880,2025-11-17T11:36:58.532880,18.25,Healthcare Partners,6,7,0,application
1108,TICK-2026-01768,Dashboard customization,I'd like to be able to customize my dashboard to show dark mode. This started since yesterday.,feature_request,high,,high,closed,True,0.94,high,False,Issue resolved by technician,2026-01-27T22:19:46.638951,2026-01-26T13:02:58.638951,2026-01-27T17:02:58.638951,33.28,Education Foundation,2,6,0,new_feature
1109,TICK-2026-00488,Application freezing randomly,Slack freezes randomly during use. I have to force close it and lose my unsaved work. This first noticed last week.,software,medium,,medium,closed,True,0.92,medium,False,Issue resolved by technician,2026-02-19T23:06:58.549451,2026-02-15T15:54:58.549451,2026-02-17T02:54:58.549451,103.2,Education Foundation,9,8,0,application
1110,TICK-2026-01675,Can't change my profile settings,"When I try to update my profile information, the save button doesn't work. This appeared earlier today. This worked fine before.",account,medium,medium,low,resolved,True,0.77,low,True,Issue resolved by technician,2026-01-28T09:00:34.636184,2026-01-27T16:14:58.636184,2026-01-29T12:14:58.636184,16.76,Consulting Associates,1,1,0,settings
1111,TICK-2025-01087,MFA code not working,The code from my authenticator app isn't being accepted. I've tried multiple times with fresh codes. This started yesterday.,login,medium,,medium,closed,True,0.84,medium,False,Issue resolved by user,2025-11-17T16:52:34.598479,2025-11-13T14:18:58.598479,2025-11-13T19:18:58.598479,98.56,Tech Innovations Inc.,3,5,0,mfa
1112,TICK-2026-00603,Can't download files from browser,"When I try to download files in Safari, nothing happens. The download doesn't start.",software,low,,low,resolved,True,0.89,low,False,Issue resolved by user,2026-02-06T11:20:34.557832,2026-01-30T06:10:58.557832,2026-01-31T03:10:58.557832,173.16,Research Institute,10,8,1,browser
1113,TICK-2025-01763,Mobile app feature request,Could you add export to Excel to the mobile app? It's available on desktop but not mobile. This has been occurring since yesterday.,feature_request,low,low,low,resolved,True,0.6,low,False,Issue resolved by technician,2025-08-18T20:43:34.638806,2025-08-13T08:57:58.638806,2025-08-13T14:57:58.638806,131.76,Consulting Associates,7,2,2,enhancement
1114,TICK-2025-00327,Word crashes when opening files,Word crashes every time I try to open a specific file. I've tried repairing Office but the issue continues.,software,low,low,low,resolved,True,0.98,low,False,Issue resolved by user,2025-12-15T10:58:34.530892,2025-12-09T01:27:58.530892,2025-12-11T01:27:58.530892,153.51,Legal Services LLP,22,10,0,office
1115,TICK-2026-00268,Blue screen errors on my computer,"I keep getting blue screen errors that force my computer to restart. It happens randomly, sometimes twice a day. The error code is different each time. I've already restarted 5 times.",hardware,medium,medium,medium,closed,True,0.89,medium,False,Issue resolved by technician,2026-02-15T08:32:10.521721,2026-02-14T13:27:58.521721,2026-02-14T14:27:58.521721,19.07,Research Institute,0,4,0,computer
1116,TICK-2025-00322,Photoshop won't open,"When I try to launch QuickBooks, nothing happens. I've tried running as administrator but it still won't open. This has been occurring since last night.",software,medium,,medium,resolved,True,0.95,medium,False,Issue resolved by user,2025-09-13T04:00:58.526225,2025-09-12T19:27:58.526225,2025-09-13T20:27:58.526225,8.55,Global Retail Solutions,3,4,0,application
1117,TICK-2025-01684,Improvement suggestion,The current dashboard workflow is cumbersome. Could you add the ability to export to Excel? I'm working at my desk in Building B.,feature_request,low,low,low,resolved,True,0.85,low,False,Issue resolved by user,2025-12-31T01:11:58.636464,2025-12-25T14:38:58.636464,2025-12-27T05:38:58.636464,130.55,Legal Services LLP,12,10,0,enhancement
1118,TICK-2026-00270,Laptop battery draining quickly,My laptop battery used to last 6 hours but now it dies in less than 2 hours. The battery health shows 28%. This has been occurring since a few hours ago.,hardware,medium,,medium,closed,True,0.86,medium,False,Issue resolved by technician,2026-01-06T04:02:34.521893,2026-01-04T14:01:58.521893,2026-01-05T10:01:58.521893,38.01,Financial Services Group,6,6,0,power
1119,TICK-2026-00901,VPN connection drops frequently,My VPN connection drops every 15-20 minutes. I have to reconnect which interrupts my work. This began happening since Monday. Employee ID: 22264.,network,medium,,critical,closed,True,0.54,critical,True,Issue resolved by technician,2026-01-06T01:10:46.573994,2026-01-04T17:47:58.573994,2026-01-05T10:47:58.573994,31.38,Manufacturing Corp,0,4,0,vpn
1120,TICK-2025-01205,MFA code not working,The code from my authenticator app isn't being accepted. I've tried multiple times with fresh codes. Employee ID: 54630.,login,high,high,high,resolved,True,0.8,high,False,Issue resolved by user,2025-12-21T05:21:10.609459,2025-12-21T00:55:58.609459,2025-12-22T16:55:58.609459,4.42,Legal Services LLP,7,1,0,mfa
1121,TICK-2025-01088,New employee needs account,A new team member Sarah Johnson started today and needs their accounts set up. Email: newuser97@company.com This started this morning. This is affecting my productivity.,login,high,,high,resolved,True,0.69,high,False,Issue resolved by technician,2025-11-23T20:05:58.598596,2025-11-21T23:05:58.598596,2025-11-23T16:05:58.598596,45.0,Legal Services LLP,23,7,0,access
1122,TICK-2026-00549,Can't save documents in Excel,"When I try to save in PowerPoint, I get an error message saying the file is in use by another program.",software,medium,,medium,closed,True,0.74,medium,False,Issue resolved by user,2026-01-28T17:54:46.554269,2026-01-24T14:52:58.554269,2026-01-25T00:52:58.554269,99.03,Healthcare Partners,1,2,0,office
1123,TICK-2026-00733,WiFi keeps disconnecting,My WiFi connection drops every few minutes. I have to turn WiFi off and on to reconnect temporarily.,network,medium,,medium,resolved,True,0.74,medium,False,Issue resolved by user,2026-01-03T14:57:46.563468,2026-01-01T18:28:58.563468,2026-01-01T21:28:58.563468,44.48,Financial Services Group,2,0,0,wireless
1124,TICK-2026-01364,Payment failed,I received a notice that my payment failed. My card is valid so I'm not sure why. This started after lunch.,billing,medium,medium,medium,closed,True,0.67,medium,False,Issue resolved by technician,2026-02-26T22:46:58.625197,2026-02-23T14:58:58.625197,2026-02-25T09:58:58.625197,79.8,Research Institute,7,9,0,payment
1125,TICK-2026-01798,Dashboard customization,I'd like to be able to customize my dashboard to show custom notifications.,feature_request,low,,low,resolved,True,0.97,low,False,Issue resolved by user,2026-01-20T21:03:46.639818,2026-01-19T07:07:58.639818,2026-01-20T20:07:58.639818,37.93,Manufacturing Corp,2,8,0,new_feature
1126,TICK-2025-01011,VPN won't connect,I'm trying to connect to the company VPN from home but it keeps timing out. I can access the internet fine without VPN. This has been occurring since after lunch. I have a deadline in 2 days. Employee ID: 67908.,network,high,high,high,resolved,True,0.92,high,False,Issue resolved by user,2025-10-25T14:43:58.587383,2025-10-23T19:52:58.587383,2025-10-25T07:52:58.587383,42.85,Logistics International,4,12,0,vpn
1127,TICK-2026-00547,Teams calls dropping frequently,My Microsoft Teams calls keep dropping after a few minutes. The audio cuts out and then I get disconnected. This has been occurring since since Monday.,software,high,,high,resolved,False,,high,False,Issue resolved by technician,2026-02-15T03:56:58.554118,2026-02-14T23:41:58.554118,2026-02-16T13:41:58.554118,4.25,Education Foundation,10,7,0,office
1128,TICK-2026-01080,Lost access to MFA device,I lost my phone with the authenticator app. I can't log in without the MFA code. This appeared since yesterday. I'm working at our Austin location.,login,critical,critical,critical,resolved,True,0.84,critical,False,Issue resolved by technician,2026-01-07T07:34:34.597807,2026-01-06T11:54:58.597807,2026-01-06T21:54:58.597807,19.66,Financial Services Group,16,11,0,mfa
1129,TICK-2025-00592,Software license expired,My Visual Studio license has expired and I can no longer access the software. I need it for my daily work. This started this morning. I have a deadline end of week. Employee ID: 85707.,software,high,,high,closed,True,0.79,high,False,Issue resolved by technician,2025-12-31T10:42:22.557169,2025-12-30T10:06:58.557169,2025-12-30T17:06:58.557169,24.59,Tech Innovations Inc.,4,13,0,installation
1130,TICK-2026-01830,General inquiry,I have a question about maintenance windows. Can someone please help me understand this better? I'm working in the Marketing department.,other,low,low,low,resolved,True,0.66,low,False,Issue resolved by user,2026-02-01T07:11:46.640781,2026-01-28T08:39:58.640781,2026-01-30T01:39:58.640781,94.53,Manufacturing Corp,14,12,0,inquiry
1131,TICK-2026-00936,VPN won't connect,I'm trying to connect to the company VPN from home but it keeps timing out. I can access the internet fine without VPN. This started since yesterday.,network,high,,low,closed,False,,low,True,Issue resolved by technician,2026-01-29T19:33:10.576770,2026-01-29T01:34:58.576770,2026-01-29T13:34:58.576770,17.97,Manufacturing Corp,5,0,0,vpn
1132,TICK-2026-01001,Video calls have poor quality,My video calls have terrible quality with constant freezing and audio delay. My internet speed seems fine. This began happening a few hours ago. I'm working from my home office.,network,medium,medium,medium,in_progress,True,0.89,medium,False,,,2026-02-20T17:58:58.586051,2026-02-21T05:58:58.586051,,Media & Entertainment LLC,2,8,0,performance
1133,TICK-2026-00891,Need access to team shared drive,I've just joined the projects team and need access to the shared network drive to do my job. I'm working from my home office. This worked fine before.,network,low,,low,closed,True,0.88,low,False,Issue resolved by user,2026-01-24T21:25:10.573228,2026-01-19T20:08:58.573228,2026-01-21T18:08:58.573228,121.27,Manufacturing Corp,0,6,0,lan
1134,TICK-2025-00841,Need access to team shared drive,I've just joined the projects team and need access to the shared network drive to do my job.,network,low,low,low,closed,True,0.79,low,False,Issue resolved by user,2025-12-21T11:34:46.569009,2025-12-18T21:47:58.569009,2025-12-19T08:47:58.569009,61.78,Manufacturing Corp,8,0,0,lan
1135,TICK-2026-00023,Wireless headset not connecting,My wireless headset won't connect to my computer via Bluetooth. It was working fine yesterday. This began happening before our meeting. I've already restarted 2 times.,hardware,low,,critical,resolved,True,0.74,critical,True,Issue resolved by technician,2026-01-22T22:38:58.504390,2026-01-21T17:56:58.504390,2026-01-21T21:56:58.504390,28.7,Global Retail Solutions,2,15,0,peripheral
1136,TICK-2025-00474,Software license expired,My Photoshop license has expired and I can no longer access the software. I need it for my daily work. Please prioritize this.,software,high,,high,closed,True,0.91,high,False,Issue resolved by technician,2025-10-17T18:41:58.548341,2025-10-17T00:11:58.548341,2025-10-18T09:11:58.548341,18.5,Legal Services LLP,4,15,0,installation
1137,TICK-2026-00167,Computer running extremely slow,My computer has become incredibly slow over the past week. Applications take forever to open and the system freezes frequently. I've tried restarting but the issue persists.,hardware,medium,medium,medium,closed,True,0.87,medium,False,Issue resolved by technician,2026-01-11T07:03:58.514489,2026-01-10T03:12:58.514489,2026-01-12T02:12:58.514489,27.85,Consulting Associates,1,8,0,computer
1138,TICK-2026-01288,New employee needs account,A new team member John Smith started today and needs their accounts set up. Email: newuser41@company.com This has been occurring since this morning. I'm working in the Sales department.,login,high,,high,in_progress,False,,high,False,,,2026-01-19T21:35:58.620119,2026-01-21T18:35:58.620119,,Construction Holdings,16,4,0,access
1139,TICK-2025-01065,Can't change my password,I'm trying to update my password as required but the system says my new password doesn't meet requirements. This appeared last week. I'm working in the ground floor office. I'm working on an important project.,login,medium,,medium,closed,True,0.65,medium,False,Issue resolved by technician,2025-11-04T21:59:34.595937,2025-11-02T01:31:58.595937,2025-11-03T16:31:58.595937,68.46,Logistics International,1,7,0,password
1140,TICK-2026-00112,Screen flickering constantly,My display screen keeps flickering every few seconds. It's giving me headaches and making it impossible to work. This appeared a few hours ago. I'm working in the 4th floor office. Employee ID: 96108.,hardware,medium,medium,high,closed,True,0.84,high,True,Issue resolved by technician,2026-02-19T01:44:22.511430,2026-02-17T17:47:58.511430,2026-02-19T14:47:58.511430,31.94,Legal Services LLP,4,2,0,display
1141,TICK-2026-00875,Shared folder permission request,Can you please grant me read access to the projects shared folder? My manager has approved this request. This began happening last night. This worked fine before.,network,medium,medium,medium,resolved,True,0.79,medium,False,Issue resolved by user,2026-02-15T09:31:34.571960,2026-02-12T10:18:58.571960,2026-02-13T04:18:58.571960,71.21,Logistics International,10,2,2,lan
1142,TICK-2025-01558,Can't change my profile settings,"When I try to update my profile information, the save button doesn't work. This started about an hour ago. I'm working at my desk in Building A. Please prioritize this.",account,low,,low,resolved,True,0.73,low,False,Issue resolved by technician,2025-12-07T08:33:58.632727,2025-12-02T07:06:58.632727,2025-12-03T08:06:58.632727,121.45,Logistics International,1,10,0,settings
1143,TICK-2025-00224,Laptop not charging,"My laptop is plugged in but shows 'plugged in, not charging'. The battery percentage stays at 78% and doesn't increase. This has been occurring since this morning. I'm working on an important project.",hardware,low,low,low,resolved,True,0.88,low,False,Issue resolved by technician,2026-01-02T12:00:46.517600,2025-12-27T08:01:58.517600,2025-12-27T21:01:58.517600,147.98,Manufacturing Corp,0,14,0,power
1144,TICK-2025-01794,Bulk action needed,Please add the ability to export multiple items at once in the dashboard. This started yesterday afternoon. I have a deadline in 2 days. Employee ID: 77561.,feature_request,low,low,low,resolved,True,0.87,low,False,Issue resolved by technician,2025-12-06T17:11:58.639704,2025-12-05T06:59:58.639704,2025-12-07T01:59:58.639704,34.2,Global Retail Solutions,4,14,0,enhancement
1145,TICK-2025-01511,Want to cancel subscription,I'd like to cancel my subscription to software license at the end of this billing period. This first noticed during a presentation.,billing,low,,low,resolved,True,0.54,low,False,Issue resolved by technician,2025-12-19T06:34:10.631199,2025-12-09T12:56:58.631199,2025-12-09T19:56:58.631199,233.62,Global Retail Solutions,5,9,0,subscription
1146,TICK-2026-01938,Feedback on service,I wanted to provide feedback on my recent support experience. Very satisfied with the support received. This first noticed this morning. I'm working from my home office.,other,low,,high,waiting_on_customer,True,0.73,high,True,,,2026-02-16T09:01:58.644014,2026-02-17T05:01:58.644014,,Education Foundation,0,4,0,feedback
1147,TICK-2026-00795,Can't access specific website,I can't access company portal from my computer. It worked yesterday but now I get a timeout error. This started earlier today.,network,medium,medium,high,resolved,True,0.65,high,True,Issue resolved by user,2026-02-15T19:02:10.565313,2026-02-13T13:03:58.565313,2026-02-13T19:03:58.565313,53.97,Logistics International,4,7,0,connectivity
1148,TICK-2025-00626,Windows 11 update failed,I tried to install the latest Windows 11 update but it failed with error code 0x16AC. The system keeps prompting me to update but it fails every time. This began happening yesterday afternoon.,software,medium,medium,medium,closed,True,0.71,medium,False,Issue resolved by user,2025-11-04T13:56:22.559098,2025-11-02T14:08:58.559098,2025-11-04T12:08:58.559098,47.79,Research Institute,2,7,0,os
1149,TICK-2026-00372,Photoshop won't open,"When I try to launch QuickBooks, nothing happens. I've tried running as administrator but it still won't open. This appeared yesterday afternoon.",software,medium,medium,medium,waiting_on_customer,True,0.88,medium,False,,,2026-02-11T10:44:58.537122,2026-02-11T20:44:58.537122,,Global Retail Solutions,3,12,0,application
1150,TICK-2025-00295,My workstation won't turn on,I tried to power on my laptop this morning but nothing happens. The power light doesn't come on and there's no response when I press the power button. I've checked the power cable and it seems connected properly. This appeared during a presentation.,hardware,critical,,critical,resolved,True,0.82,critical,False,Issue resolved by user,2025-11-02T14:23:46.524006,2025-11-02T06:06:58.524006,2025-11-02T07:06:58.524006,8.28,Consulting Associates,2,7,0,computer
1151,TICK-2026-01425,Need to update payment method,I need to update my credit card on file as it's expiring soon. How do I do this? This has been occurring since this week.,billing,low,low,low,resolved,True,0.69,low,False,Issue resolved by technician,2026-02-18T12:53:10.628168,2026-02-08T13:24:58.628168,2026-02-08T19:24:58.628168,239.47,Construction Holdings,2,1,1,payment
1152,TICK-2025-01310,Can't change my password,I'm trying to update my password as required but the system says my new password doesn't meet requirements. I'm working while working remotely. I tried the troubleshooting guide but it didn't help. Employee ID: 42765.,login,low,,low,resolved,True,0.84,low,False,Issue resolved by technician,2025-12-02T16:47:22.621815,2025-11-29T16:50:58.621815,2025-12-01T11:50:58.621815,71.94,Logistics International,0,4,1,password
1153,TICK-2026-01203,Account disabled,I can't log in and the message says my account has been disabled. I don't know why this happened. This first noticed last night. I'm working in the Marketing department.,login,critical,,critical,resolved,False,,critical,False,Issue resolved by technician,2026-02-21T07:30:46.609290,2026-02-20T11:58:58.609290,2026-02-21T18:58:58.609290,19.53,Legal Services LLP,6,3,0,account_locked
1154,TICK-2026-01995,Feedback on service,I wanted to provide feedback on my recent support experience. The issue was resolved but took longer than expected. This appeared before our meeting. Employee ID: 70133.,other,low,,low,closed,True,0.83,low,False,Issue resolved by technician,2026-01-25T01:32:34.645659,2026-01-21T08:46:58.645659,2026-01-22T07:46:58.645659,88.76,Financial Services Group,1,5,0,feedback
1155,TICK-2026-00216,Screen flickering constantly,My screen screen keeps flickering every few seconds. It's giving me headaches and making it impossible to work. This first noticed after lunch. Asset tag: IT-5683-A. Employee ID: 63806.,hardware,medium,,medium,closed,True,0.73,medium,False,Issue resolved by technician,2026-02-19T04:06:58.516894,2026-02-17T18:03:58.516894,2026-02-18T05:03:58.516894,34.05,Construction Holdings,0,1,0,display
1156,TICK-2026-00645,Antivirus blocking application,My antivirus is blocking AutoCAD from running. I've tried adding an exception but it still blocks it. This has been occurring since just now. I'm working from my home office.,software,medium,,low,open,True,0.73,low,True,,,2026-01-03T02:13:58.560075,2026-01-04T03:13:58.560075,,Construction Holdings,12,12,1,security
1157,TICK-2026-00991,Video calls have poor quality,My video calls have terrible quality with constant freezing and audio delay. My internet speed seems fine. I'm working from my home office.,network,medium,,medium,resolved,True,0.83,medium,False,Issue resolved by technician,2026-01-05T09:56:34.582843,2026-01-04T05:46:58.582843,2026-01-05T02:46:58.582843,28.16,Global Retail Solutions,21,3,0,performance
1158,TICK-2026-01759,Dashboard customization,I'd like to be able to customize my dashboard to show keyboard shortcuts. This has been occurring since yesterday afternoon.,feature_request,low,low,low,waiting_on_customer,True,0.7,low,False,,,2026-02-14T04:49:58.638698,2026-02-14T20:49:58.638698,,Education Foundation,8,4,0,new_feature
1159,TICK-2026-00762,VPN won't connect,I'm trying to connect to the company VPN from home but it keeps timing out. I can access the internet fine without VPN. I'm working in the ground floor office. Employee ID: 66020.,network,high,,high,closed,True,0.65,high,False,Issue resolved by technician,2026-02-19T00:31:46.564329,2026-02-18T18:29:58.564329,2026-02-18T23:29:58.564329,6.03,Media & Entertainment LLC,2,6,0,vpn
1160,TICK-2026-01888,Feedback on service,I wanted to provide feedback on my recent support experience. The issue was resolved but took longer than expected. This first noticed before our meeting. My ticket reference is REF-52772.,other,low,,low,resolved,True,0.76,low,False,Issue resolved by technician,2026-02-16T12:55:22.642550,2026-02-10T19:19:58.642550,2026-02-12T18:19:58.642550,137.59,Financial Services Group,7,8,0,feedback
1161,TICK-2026-01367,Invoice not received,I haven't received my invoice for November. Can you please resend it to my email? This first noticed yesterday afternoon. My ticket reference is REF-83493.,billing,low,,medium,waiting_on_customer,False,,medium,True,,,2026-02-24T22:58:58.625367,2026-02-25T06:58:58.625367,,Tech Innovations Inc.,3,11,0,invoice
1162,TICK-2026-00960,Request access to shared folder,I need access to the documents shared folder on the network. I am a new employee and require access for my work.,network,low,low,low,closed,True,0.8,low,False,Issue resolved by user,2026-02-14T10:13:46.579726,2026-02-12T18:35:58.579726,2026-02-13T18:35:58.579726,39.63,Tech Innovations Inc.,0,11,0,lan
1163,TICK-2026-00926,No internet connection,I'm connected to the network but have no internet access. Edge says 'No internet' for all websites. This first noticed this morning.,network,medium,,low,resolved,True,0.66,low,True,Issue resolved by technician,2026-01-28T20:36:34.575972,2026-01-26T04:38:58.575972,2026-01-26T14:38:58.575972,63.96,Manufacturing Corp,2,4,2,connectivity
1164,TICK-2026-01048,WiFi network not appearing,I can't see the office WiFi network in my available networks list. Other people around me can see it. This has been occurring since during a presentation.,network,high,high,high,resolved,True,0.69,high,False,Issue resolved by technician,2026-02-19T16:28:22.592923,2026-02-18T21:58:58.592923,2026-02-20T12:58:58.592923,18.49,Logistics International,0,14,0,wireless
1165,TICK-2025-00622,Slack showing error on startup,"Every time I open Slack, I get an error message: 'Access denied'. The application still opens but I'm worried. This appeared yesterday afternoon. I'm working in meeting room 937.",software,low,,low,resolved,True,0.94,low,False,Issue resolved by user,2025-12-23T03:24:46.558878,2025-12-15T03:07:58.558878,2025-12-15T17:07:58.558878,192.28,Legal Services LLP,3,7,0,application
1166,TICK-2025-01853,Feedback on service,I wanted to provide feedback on my recent support experience. The issue was resolved but took longer than expected. This began happening this week. I'm working at my desk in Building B.,other,low,,low,in_progress,False,,low,False,,,2025-08-02T09:04:58.641445,2025-08-02T16:04:58.641445,,Legal Services LLP,5,3,0,feedback
1167,TICK-2025-00132,Laptop not charging,"My laptop is plugged in but shows 'plugged in, not charging'. The battery percentage stays at 64% and doesn't increase. This appeared earlier today. I'm working in the Sales department. I tried the troubleshooting guide but it didn't help.",hardware,medium,,medium,resolved,True,0.76,medium,False,Issue resolved by technician,2025-12-02T20:27:34.512656,2025-12-02T10:29:58.512656,2025-12-03T20:29:58.512656,9.96,Research Institute,0,3,0,power
1168,TICK-2025-00331,Zoom showing error on startup,"Every time I open Photoshop, I get an error message: 'An error occurred'. The application still opens but I'm worried. I'm working at my desk in Building C.",software,high,,high,closed,True,0.89,high,False,Issue resolved by user,2025-10-19T14:27:10.531399,2025-10-18T11:37:58.531399,2025-10-19T03:37:58.531399,26.82,Construction Holdings,0,13,0,application
1169,TICK-2026-01674,Need to update my email address,I recently got married and need to change my email address from jane@oldcompany.com to jane@newcompany.com.,account,low,,low,in_progress,True,0.96,low,False,,,2026-01-27T12:53:58.636156,2026-01-27T15:53:58.636156,,Research Institute,0,5,0,profile
1170,TICK-2026-00490,Office crashes when opening files,Outlook crashes every time I try to open a specific file. I've tried repairing Office but the issue continues.,software,low,,low,in_progress,True,0.91,low,False,,,2026-02-25T22:15:58.549609,2026-02-27T10:15:58.549609,,Tech Innovations Inc.,10,10,0,office
1171,TICK-2025-01855,General inquiry,I have a question about maintenance windows. Can someone please help me understand this better? This appeared this week. I'm working in meeting room 765. I have a deadline in 2 days.,other,low,,low,closed,True,0.79,low,False,Issue resolved by technician,2025-10-20T11:32:46.641505,2025-10-13T09:45:58.641505,2025-10-15T09:45:58.641505,169.78,Logistics International,2,15,2,inquiry
1172,TICK-2026-00039,Computer shuts down randomly,"My computer shuts down without warning. It happens at random times, sometimes after just 10 minutes of use.",hardware,medium,,medium,closed,True,0.74,medium,False,Issue resolved by technician,2026-02-14T03:28:34.505360,2026-02-12T06:21:58.505360,2026-02-13T12:21:58.505360,45.11,Construction Holdings,10,6,0,power
1173,TICK-2026-00106,Dropped external hard drive,I dropped my external hard drive and now my computer doesn't recognize it when I plug it in. This started about an hour ago.,hardware,high,,high,closed,True,0.91,high,False,Issue resolved by technician,2026-02-19T13:31:46.510836,2026-02-18T15:11:58.510836,2026-02-20T08:11:58.510836,22.33,Consulting Associates,14,0,0,damage
1174,TICK-2026-01052,Video calls have poor quality,My video calls have terrible quality with constant freezing and audio delay. My internet speed seems fine. I'm working in the IT department.,network,medium,,medium,closed,True,0.7,medium,False,Issue resolved by user,2026-02-09T20:23:10.593531,2026-02-05T17:21:58.593531,2026-02-06T13:21:58.593531,99.02,Logistics International,6,4,0,performance
1175,TICK-2026-00321,PowerPoint formulas not calculating,My Word spreadsheet formulas are showing the formula text instead of calculating. I haven't changed any settings. This appeared earlier today.,software,low,,low,closed,True,0.9,low,False,Issue resolved by user,2026-02-25T08:47:34.526149,2026-02-16T23:58:58.526149,2026-02-18T12:58:58.526149,200.81,Education Foundation,7,5,0,office
1176,TICK-2026-00094,Mouse cursor jumping around,My mouse cursor keeps jumping to random positions on the screen. I've tried cleaning the sensor but the problem continues. This has been occurring since about an hour ago. I'm working in the Marketing department.,hardware,low,low,low,closed,False,,low,False,Issue resolved by technician,2026-01-28T21:06:10.509429,2026-01-24T00:46:58.509429,2026-01-25T05:46:58.509429,116.32,Healthcare Partners,4,9,0,peripheral
1177,TICK-2026-00628,Application freezing randomly,Zoom freezes randomly during use. I have to force close it and lose my unsaved work.,software,medium,,medium,resolved,True,0.86,medium,False,Issue resolved by technician,2026-01-19T11:31:34.559198,2026-01-17T18:27:58.559198,2026-01-19T06:27:58.559198,41.06,Education Foundation,0,15,0,application
1178,TICK-2026-00605,QuickBooks won't open,"When I try to launch Visual Studio, nothing happens. I've tried running as administrator but it still won't open. I'm working in the IT department.",software,high,,high,closed,True,0.96,high,False,Issue resolved by user,2026-02-23T03:18:10.557950,2026-02-21T18:58:58.557950,2026-02-22T19:58:58.557950,32.32,Education Foundation,1,15,0,application
1179,TICK-2025-01908,General inquiry,I have a question about pricing plans. Can someone please help me understand this better? This began happening during a presentation.,other,medium,,medium,resolved,True,0.66,medium,False,Issue resolved by technician,2025-12-24T16:53:58.643131,2025-12-20T00:35:58.643131,2025-12-20T05:35:58.643131,112.3,Global Retail Solutions,3,9,0,inquiry
1180,TICK-2026-01991,Equipment request,I need to request a webcam for my work. What's the process?,other,low,low,low,open,False,,low,False,,,2026-02-26T02:19:58.645540,2026-02-26T11:19:58.645540,,Legal Services LLP,7,7,0,inquiry
1181,TICK-2026-00158,Computer shuts down randomly,"My computer shuts down without warning. It happens at random times, sometimes after just 10 minutes of use. This started this week.",hardware,low,,low,resolved,False,,low,False,Issue resolved by technician,2026-02-22T07:05:22.514072,2026-02-14T20:53:58.514072,2026-02-15T19:53:58.514072,178.19,Construction Holdings,0,13,0,power
1182,TICK-2025-00806,WiFi network not appearing,I can't see the office WiFi network in my available networks list. Other people around me can see it. This first noticed about an hour ago.,network,high,high,high,closed,True,0.97,high,False,Issue resolved by technician,2025-12-16T01:41:22.565636,2025-12-15T03:05:58.565636,2025-12-15T11:05:58.565636,22.59,Financial Services Group,6,6,0,wireless
1183,TICK-2025-01464,Payment failed,I received a notice that my payment failed. My card is valid so I'm not sure why. This began happening last night. Employee ID: 57193.,billing,high,high,high,closed,False,,high,False,Issue resolved by technician,2025-09-01T23:29:58.629689,2025-09-01T00:50:58.629689,2025-09-01T08:50:58.629689,22.65,Tech Innovations Inc.,4,9,0,payment
1184,TICK-2026-01783,Integration request,We need portal to integrate with Salesforce. Is this possible? This began happening this week. I'm working in the Marketing department.,feature_request,low,,low,waiting_on_customer,True,0.74,low,False,,,2026-02-20T10:42:58.639380,2026-02-21T14:42:58.639380,,Logistics International,1,14,1,integration
1185,TICK-2026-00921,Need access to team shared drive,I've just joined the shared team and need access to the shared network drive to do my job. This appeared earlier today. Multiple colleagues have the same issue.,network,low,,low,closed,False,,low,False,Issue resolved by technician,2026-01-17T08:28:58.575567,2026-01-12T12:16:58.575567,2026-01-13T04:16:58.575567,116.2,Healthcare Partners,0,9,1,lan
1186,TICK-2026-01556,Can't change my profile settings,"When I try to update my profile information, the save button doesn't work.",account,medium,,medium,resolved,True,0.94,medium,False,Issue resolved by technician,2026-02-21T23:46:22.632671,2026-02-20T19:19:58.632671,2026-02-22T09:19:58.632671,28.44,Healthcare Partners,2,14,0,settings
1187,TICK-2026-00340,Suspicious popup messages,I keep getting popup messages even when no browser is open. They ask me to call a number for support. This began happening since Monday. I'm working at my desk in Building 2.,software,critical,,critical,closed,True,0.82,critical,False,Issue resolved by technician,2026-02-02T03:03:46.533240,2026-02-01T12:04:58.533240,2026-02-02T16:04:58.533240,14.98,Research Institute,16,4,0,security
1188,TICK-2026-00057,Paper jam in printer,The printer keeps showing a paper jam error but I've checked and there's no paper stuck. Cleared the tray multiple times. This appeared yesterday afternoon.,hardware,low,,low,resolved,False,,low,False,Issue resolved by technician,2026-02-20T23:46:46.506279,2026-02-18T17:56:58.506279,2026-02-19T03:56:58.506279,53.83,Healthcare Partners,11,10,0,printer
1189,TICK-2025-01372,Charged twice this month,I was charged twice for my premium support subscription this month. Please refund the duplicate charge. I'm working in the IT department. Multiple colleagues have the same issue.,billing,medium,,high,closed,False,,high,True,Issue resolved by technician,2025-12-16T19:14:22.625637,2025-12-14T21:29:58.625637,2025-12-16T04:29:58.625637,45.74,Global Retail Solutions,18,0,1,dispute
1190,TICK-2026-01453,Need to upgrade subscription,I need to upgrade my subscription from Basic to Premium. Please advise on the process and pricing. This started this week.,billing,low,,low,resolved,False,,low,False,Issue resolved by technician,2026-02-23T10:49:46.629296,2026-02-16T20:47:58.629296,2026-02-18T02:47:58.629296,158.03,Consulting Associates,0,14,0,subscription
1191,TICK-2026-01706,Request for new feature,It would be great if the reporting system could keyboard shortcuts. This would save our team a lot of time. This began happening last week. I'm working in the Sales department.,feature_request,low,,low,resolved,True,0.76,low,False,Issue resolved by technician,2026-02-21T20:29:22.637131,2026-02-17T13:59:58.637131,2026-02-19T06:59:58.637131,102.49,Construction Holdings,32,8,0,new_feature
1192,TICK-2026-00366,Firefox not loading pages,Safari shows 'This site can't be reached' for every website I try to visit. Other browsers work fine.,software,low,low,low,resolved,True,0.92,low,False,Issue resolved by technician,2026-01-28T00:16:58.536015,2026-01-25T18:13:58.536015,2026-01-27T01:13:58.536015,54.05,Logistics International,18,4,0,browser
1193,TICK-2025-00553,Teams calls dropping frequently,My Microsoft Teams calls keep dropping after a few minutes. The audio cuts out and then I get disconnected. This first noticed yesterday. I'm working in meeting room 644.,software,high,,high,resolved,True,0.84,high,False,Issue resolved by technician,2025-02-28T01:21:10.554599,2025-02-27T12:16:58.554599,2025-03-01T01:16:58.554599,13.07,Global Retail Solutions,4,9,0,office
1194,TICK-2025-00138,Second monitor not detected,I connected a second monitor to my laptop but macOS doesn't detect it. I've tried the display settings but only shows one monitor. This has been occurring since this week.,hardware,low,,low,closed,True,0.83,low,False,Issue resolved by technician,2025-06-02T12:54:58.512976,2025-05-29T14:15:58.512976,2025-05-30T22:15:58.512976,94.65,Legal Services LLP,4,2,0,display
1195,TICK-2026-00323,Computer infected with virus,"I think my computer has a virus. It's running slow, showing popups, and my homepage changed without my doing. This first noticed after lunch. I'm working in the IT department.",software,high,,high,closed,True,0.79,high,False,Issue resolved by technician,2026-02-18T18:47:46.530300,2026-02-17T12:03:58.530300,2026-02-18T03:03:58.530300,30.73,Consulting Associates,0,4,0,security
1196,TICK-2026-00228,Monitor not displaying image,My monitor shows 'No Signal' even though my computer is on. I've tried different cables but the same issue occurs. Asset tag: IT-7263-A. Employee ID: 23933.,hardware,medium,medium,medium,closed,True,0.79,medium,False,Issue resolved by technician,2026-02-23T10:10:22.517935,2026-02-20T13:37:58.517935,2026-02-21T21:37:58.517935,68.54,Media & Entertainment LLC,3,13,0,display
1197,TICK-2026-00169,desktop making strange noise,My workstation is making a loud clicking/grinding noise. It started yesterday and seems to be coming from inside the case. I'm worried about data loss. This appeared about an hour ago. I'm working in the IT department.,hardware,high,high,high,closed,True,0.69,high,False,Issue resolved by technician,2026-02-23T12:09:34.514578,2026-02-22T14:17:58.514578,2026-02-24T02:17:58.514578,21.86,Manufacturing Corp,1,3,0,computer
1198,TICK-2026-01985,Office supplies needed,My team needs pens. How do I order them? This first noticed about an hour ago. This is affecting my productivity. Employee ID: 40438.,other,medium,,low,waiting_on_customer,True,0.67,low,True,,,2026-02-20T04:27:58.645360,2026-02-21T05:27:58.645360,,Media & Entertainment LLC,0,6,0,inquiry
1199,TICK-2026-00178,Mouse cursor jumping around,My mouse cursor keeps jumping to random positions on the screen. I've tried cleaning the sensor but the problem continues.,hardware,low,low,low,resolved,True,0.7,low,False,Issue resolved by technician,2026-02-26T21:09:46.514980,2026-02-18T05:46:58.514980,2026-02-19T17:46:58.514980,207.38,Education Foundation,2,12,0,peripheral
1200,TICK-2025-00548,Browser extremely slow,My Chrome has become very slow. Pages take 30+ seconds to load and tabs crash frequently. This started since Monday. I'm working in the Finance department.,software,low,,low,resolved,False,,low,False,Issue resolved by technician,2025-12-31T23:55:22.554192,2025-12-29T11:19:58.554192,2025-12-31T01:19:58.554192,60.59,Consulting Associates,12,14,0,browser
1201,TICK-2025-01733,Integration request,We need portal to integrate with Google Drive. Is this possible? This began happening since yesterday. Asset tag: IT-3706-A.,feature_request,medium,,medium,closed,True,0.89,medium,False,Issue resolved by technician,2025-12-27T21:38:34.637933,2025-12-24T00:01:58.637933,2025-12-25T14:01:58.637933,93.61,Logistics International,2,13,2,integration
1202,TICK-2026-00753,Can't connect to WiFi,My desktop won't connect to the office WiFi. It sees the network but when I try to connect it says 'Can't connect to this network'. This has been occurring since during a presentation. Employee ID: 16149.,network,medium,medium,medium,closed,True,0.8,medium,False,Issue resolved by technician,2026-01-28T14:01:58.564057,2026-01-25T15:58:58.564057,2026-01-26T21:58:58.564057,70.05,Legal Services LLP,1,15,0,wireless
1203,TICK-2026-00421,Windows won't boot,"After a restart, Windows 11 won't boot. It gets stuck on the loading screen and never progresses to the login.",software,critical,,critical,resolved,True,0.9,critical,False,Issue resolved by user,2026-01-20T10:42:22.543911,2026-01-19T10:51:58.543911,2026-01-20T04:51:58.543911,23.84,Tech Innovations Inc.,15,5,3,os
1204,TICK-2026-00532,Can't download files from browser,"When I try to download files in Chrome, nothing happens. The download doesn't start. This has been occurring since since yesterday.",software,low,,low,closed,True,0.78,low,False,Issue resolved by technician,2026-01-28T19:42:10.552856,2026-01-21T20:28:58.552856,2026-01-23T07:28:58.552856,167.22,Healthcare Partners,2,13,0,browser
1205,TICK-2026-01575,Request account deletion,Please delete my account and all associated data as per GDPR requirements. I'm working in meeting room 404. My ticket reference is REF-90949.,account,medium,medium,medium,closed,True,0.53,medium,False,Issue resolved by technician,2026-01-10T18:56:34.633248,2026-01-08T14:58:58.633248,2026-01-10T04:58:58.633248,51.96,Tech Innovations Inc.,13,8,0,deletion
1206,TICK-2026-00429,Windows update failed,I tried to install the latest Windows 10 update but it failed with error code 0x16F2. The system keeps prompting me to update but it fails every time. This appeared just now.,software,medium,medium,medium,resolved,False,,medium,False,Issue resolved by technician,2026-02-12T18:50:22.544636,2026-02-11T01:26:58.544636,2026-02-12T18:26:58.544636,41.39,Media & Entertainment LLC,2,12,0,os
1207,TICK-2026-00254,Computer shuts down randomly,"My computer shuts down without warning. It happens at random times, sometimes after just 10 minutes of use. This started since yesterday. I'm working on an important project.",hardware,high,high,critical,closed,True,0.67,critical,True,Issue resolved by technician,2026-02-03T12:09:34.520400,2026-02-02T05:20:58.520400,2026-02-04T05:20:58.520400,30.81,Financial Services Group,7,13,3,power
1208,TICK-2026-01232,Account disabled,I can't log in and the message says my account has been disabled. I don't know why this happened.,login,medium,,medium,waiting_on_customer,True,0.68,medium,False,,,2026-01-19T11:17:58.613761,2026-01-19T18:17:58.613761,,Consulting Associates,2,4,1,account_locked
1209,TICK-2026-01741,Improvement suggestion,The current mobile app workflow is cumbersome. Could you add the ability to dark mode? This appeared during a presentation.,feature_request,low,low,low,resolved,True,0.68,low,False,Issue resolved by user,2026-02-18T15:17:46.638175,2026-02-15T13:12:58.638175,2026-02-17T07:12:58.638175,74.08,Global Retail Solutions,3,11,0,enhancement
1210,TICK-2026-00576,System running slow after update,"Ever since the last Windows 10 update, my computer has been extremely slow. Applications take minutes to load. This started yesterday afternoon. I'm working in the Engineering department. This worked fine before.",software,medium,medium,medium,closed,False,,medium,False,Issue resolved by user,2026-02-13T17:47:58.556142,2026-02-10T11:23:58.556142,2026-02-11T12:23:58.556142,78.4,Research Institute,13,8,0,os
1211,TICK-2026-01702,Improvement suggestion,The current mobile app workflow is cumbersome. Could you add the ability to keyboard shortcuts? This has been occurring since since yesterday. I'm working from my home office.,feature_request,low,,high,closed,True,0.67,high,True,Issue resolved by technician,2026-03-01T04:07:46.637014,2026-02-19T15:35:58.637014,2026-02-20T07:35:58.637014,228.53,Research Institute,1,2,0,enhancement
1212,TICK-2026-01141,Need access to CRM,I've been told I need access to finance system for my new role. Please grant me the necessary permissions. This first noticed just now. I'm working at our Houston location.,login,low,,low,waiting_on_customer,False,,low,False,,,2026-02-22T10:25:58.603614,2026-02-23T23:25:58.603614,,Legal Services LLP,1,3,0,access
1213,TICK-2026-01787,Dashboard customization,I'd like to be able to customize my dashboard to show dark mode. This appeared before our meeting. I'm working while working remotely. This is affecting my productivity. Employee ID: 29129.,feature_request,low,low,low,resolved,True,0.53,low,False,Issue resolved by technician,2026-01-11T17:22:22.639494,2026-01-09T07:46:58.639494,2026-01-09T23:46:58.639494,57.59,Healthcare Partners,9,0,0,new_feature
1214,TICK-2026-01712,Bulk action needed,Please add the ability to delete multiple items at once in the dashboard. This appeared a few hours ago. I'm working while working remotely. Employee ID: 20796.,feature_request,low,,low,resolved,True,0.7,low,False,Issue resolved by technician,2026-02-19T05:48:46.637304,2026-02-16T18:13:58.637304,2026-02-18T18:13:58.637304,59.58,Healthcare Partners,2,11,0,enhancement
1215,TICK-2026-00803,Need access to team shared drive,I've just joined the projects team and need access to the shared network drive to do my job. This has been occurring since a few hours ago. I'm working while working remotely.,network,low,low,low,open,True,0.69,low,False,,,2026-02-27T07:47:58.565547,2026-02-28T09:47:58.565547,,Healthcare Partners,13,15,0,lan
1216,TICK-2026-01659,Need additional permissions,I need edit permissions for the file sharing to do my job. Currently I only have view access. This began happening last week.,account,medium,,medium,closed,True,0.91,medium,False,Issue resolved by technician,2026-02-14T20:31:58.635721,2026-02-14T07:55:58.635721,2026-02-15T15:55:58.635721,12.6,Tech Innovations Inc.,1,5,0,permissions
1217,TICK-2026-00866,New hire needs network share access,I started this week and need to be granted access to the shared folders on the network as part of onboarding. This appeared before our meeting. I'm working in the Sales department.,network,low,,low,resolved,False,,low,False,Issue resolved by technician,2026-02-02T05:17:46.571210,2026-01-23T19:27:58.571210,2026-01-24T02:27:58.571210,225.83,Legal Services LLP,0,10,0,lan
1218,TICK-2026-00819,Video calls have poor quality,My video calls have terrible quality with constant freezing and audio delay. My internet speed seems fine. This started yesterday. This worked fine before. Employee ID: 68666.,network,medium,medium,medium,closed,True,0.87,medium,False,Issue resolved by technician,2026-02-23T02:24:46.566705,2026-02-18T09:43:58.566705,2026-02-18T21:43:58.566705,112.68,Construction Holdings,7,10,0,performance
1219,TICK-2026-00587,Windows won't boot,"After a restart, Windows 11 won't boot. It gets stuck on the loading screen and never progresses to the login. This first noticed last night. Multiple colleagues have the same issue.",software,critical,,critical,resolved,True,0.72,critical,False,Issue resolved by technician,2026-01-05T21:45:22.556865,2026-01-05T03:09:58.556865,2026-01-06T20:09:58.556865,18.59,Manufacturing Corp,3,6,0,os
1220,TICK-2026-01420,Incorrect charge on invoice,My invoice shows a charge of $400.56 that I don't recognize. Please explain this charge. This began happening since Monday.,billing,medium,medium,medium,in_progress,True,0.87,medium,False,,,2026-02-23T20:25:58.627966,2026-02-24T21:25:58.627966,,Legal Services LLP,14,11,0,invoice
1221,TICK-2025-01576,Update my contact information,Please update my phone number to +1-555-915-8423 in the system. This first noticed before our meeting. I'm working in meeting room 823.,account,low,,low,resolved,True,0.8,low,False,Issue resolved by technician,2025-10-12T03:24:10.633278,2025-10-02T16:19:58.633278,2025-10-03T20:19:58.633278,227.07,Financial Services Group,2,8,0,profile
1222,TICK-2026-00129,Monitor not displaying image,My monitor shows 'No Signal' even though my computer is on. I've tried different cables but the same issue occurs. This started a few hours ago. I'm working at our Downtown location.,hardware,high,high,high,resolved,True,0.67,high,False,Issue resolved by technician,2026-01-06T03:45:46.512496,2026-01-04T18:22:58.512496,2026-01-06T14:22:58.512496,33.38,Consulting Associates,0,13,0,display
1223,TICK-2026-01921,Feedback on service,I wanted to provide feedback on my recent support experience. The issue was resolved but took longer than expected. This appeared yesterday. I'm working in the Engineering department. Asset tag: IT-2533-C. Employee ID: 79572.,other,low,,low,resolved,True,0.76,low,False,Issue resolved by technician,2026-01-14T21:21:58.643518,2026-01-06T01:03:58.643518,2026-01-07T16:03:58.643518,212.3,Logistics International,5,14,2,feedback
1224,TICK-2026-00412,Browser extremely slow,My Edge has become very slow. Pages take 30+ seconds to load and tabs crash frequently. This first noticed since yesterday.,software,low,,low,resolved,True,0.79,low,False,Issue resolved by user,2026-02-13T00:03:46.543012,2026-02-07T09:46:58.543012,2026-02-07T20:46:58.543012,134.28,Logistics International,5,12,0,browser
1225,TICK-2026-01316,SSO login not working,"When I try to log in with my company credentials, I get an error: 'Authentication failed'. This started yesterday.",login,high,,high,resolved,True,0.9,high,False,Issue resolved by user,2026-02-09T06:04:34.622244,2026-02-08T03:03:58.622244,2026-02-08T09:03:58.622244,27.01,Manufacturing Corp,1,13,0,sso
1226,TICK-2025-00617,Suspicious popup messages,I keep getting popup messages even when no browser is open. They ask me to call a number for support. This first noticed about an hour ago.,software,critical,critical,low,closed,False,,low,True,Issue resolved by technician,2025-12-19T16:38:10.558597,2025-12-19T03:54:58.558597,2025-12-21T01:54:58.558597,12.72,Research Institute,10,12,0,security
1227,TICK-2025-00021,Computer running extremely slow,My desktop has become incredibly slow over the past week. Applications take forever to open and the system freezes frequently. I've tried restarting but the issue persists. This started last night. I'm working in meeting room 808.,hardware,high,,high,closed,True,0.81,high,False,Issue resolved by user,2025-12-11T23:30:10.504266,2025-12-09T23:34:58.504266,2025-12-11T21:34:58.504266,47.92,Legal Services LLP,3,8,0,computer
1228,TICK-2026-01347,Lost access to MFA device,I lost my phone with the authenticator app. I can't log in without the MFA code. I'm working from my home office.,login,critical,,critical,waiting_on_customer,True,0.92,critical,False,,,2026-01-30T11:59:58.624232,2026-01-31T11:59:58.624232,,Logistics International,3,7,0,mfa
1229,TICK-2026-01314,Not receiving MFA text messages,I selected SMS for MFA but I'm not receiving the text messages with the code. This started during a presentation. I'm working at our Houston location.,login,high,,high,resolved,True,0.67,high,False,Issue resolved by technician,2026-02-20T10:26:22.622103,2026-02-18T17:14:58.622103,2026-02-19T17:14:58.622103,41.19,Consulting Associates,1,12,0,mfa
1230,TICK-2025-01963,Office supplies needed,My team needs printer paper. How do I order them? This began happening earlier today. Asset tag: IT-8383-B.,other,high,,high,resolved,True,0.75,high,False,Issue resolved by user,2025-09-08T16:56:58.644729,2025-09-07T17:14:58.644729,2025-09-09T04:14:58.644729,23.7,Global Retail Solutions,2,15,2,inquiry
1231,TICK-2025-01865,How do I add team members?,I'm not sure how to export data in the system. Could you provide instructions? This has been occurring since this week.,other,low,,low,closed,False,,low,False,Issue resolved by user,2025-12-17T16:55:58.641782,2025-12-10T09:13:58.641782,2025-12-10T16:13:58.641782,175.7,Consulting Associates,4,8,0,inquiry
1232,TICK-2025-01966,General inquiry,I have a question about pricing plans. Can someone please help me understand this better? This has been occurring since a few hours ago.,other,low,,low,closed,True,0.66,low,False,Issue resolved by user,2025-10-12T13:21:34.644811,2025-10-11T10:29:58.644811,2025-10-12T05:29:58.644811,26.86,Legal Services LLP,0,15,0,inquiry
1233,TICK-2025-01786,Improvement suggestion,The current reporting system workflow is cumbersome. Could you add the ability to keyboard shortcuts? This first noticed about an hour ago. I tried the troubleshooting guide but it didn't help.,feature_request,low,low,low,resolved,False,,low,False,Issue resolved by user,2025-12-18T10:20:34.639464,2025-12-10T14:04:58.639464,2025-12-11T20:04:58.639464,188.26,Media & Entertainment LLC,2,5,0,enhancement
1234,TICK-2026-01582,Need additional permissions,I need edit permissions for the file sharing to do my job. Currently I only have view access. This first noticed during a presentation.,account,medium,medium,medium,resolved,True,0.76,medium,False,Issue resolved by technician,2026-02-11T14:03:46.633453,2026-02-07T00:19:58.633453,2026-02-07T04:19:58.633453,109.73,Logistics International,0,4,0,permissions
1235,TICK-2025-00101,laptop making strange noise,My PC is making a loud clicking/grinding noise. It started yesterday and seems to be coming from inside the case. I'm worried about data loss. This began happening yesterday. I'm working from my home office. Employee ID: 77412.,hardware,medium,,medium,resolved,False,,medium,False,Issue resolved by technician,2025-10-06T09:29:10.510344,2025-10-04T07:33:58.510344,2025-10-05T05:33:58.510344,49.92,Logistics International,22,13,0,computer
1236,TICK-2026-00042,Dropped external hard drive,I dropped my external hard drive and now my computer doesn't recognize it when I plug it in. This started after lunch.,hardware,high,,high,closed,True,0.94,high,False,Issue resolved by technician,2026-02-15T21:20:46.505514,2026-02-14T05:24:58.505514,2026-02-16T05:24:58.505514,39.93,Manufacturing Corp,6,7,0,damage
1237,TICK-2026-00802,Can't access specific website,I can't access client website from my computer. It worked yesterday but now I get a timeout error. This has been occurring since a few hours ago. I'm working in the HR department.,network,medium,,medium,closed,True,0.89,medium,False,Issue resolved by technician,2026-02-09T19:48:10.565518,2026-02-08T18:40:58.565518,2026-02-10T09:40:58.565518,25.12,Financial Services Group,3,13,0,connectivity
1238,TICK-2026-00053,Mouse cursor jumping around,My mouse cursor keeps jumping to random positions on the screen. I've tried cleaning the sensor but the problem continues. This began happening since yesterday. I'm working while working remotely.,hardware,low,,low,waiting_on_customer,True,0.66,low,False,,,2026-02-21T18:08:58.506072,2026-02-22T14:08:58.506072,,Healthcare Partners,7,11,0,peripheral
1239,TICK-2025-01115,MFA code not working,The code from my authenticator app isn't being accepted. I've tried multiple times with fresh codes. This has been occurring since a few hours ago. I'm working at my desk in Building A.,login,high,,high,closed,True,0.97,high,False,Issue resolved by user,2025-08-26T19:50:34.601246,2025-08-26T14:43:58.601246,2025-08-28T12:43:58.601246,5.11,Tech Innovations Inc.,4,10,0,mfa
1240,TICK-2025-01501,Charged twice this month,I was charged twice for my hosting subscription this month. Please refund the duplicate charge. This began happening last week.,billing,medium,,medium,closed,True,0.78,medium,False,Issue resolved by user,2025-11-03T15:41:58.630895,2025-11-02T12:59:58.630895,2025-11-04T03:59:58.630895,26.7,Education Foundation,2,8,0,dispute
1241,TICK-2026-00805,Slow WiFi speed,My WiFi speed is extremely slow. Speedtest shows 7 Mbps download when it should be much faster. This appeared just now.,network,medium,medium,low,resolved,True,0.85,low,True,Issue resolved by user,2026-01-18T04:59:10.565602,2026-01-13T14:30:58.565602,2026-01-14T08:30:58.565602,110.47,Media & Entertainment LLC,0,2,0,wireless
1242,TICK-2026-01217,MFA code not working,The code from my authenticator app isn't being accepted. I've tried multiple times with fresh codes. This began happening since yesterday. I'm working while working remotely.,login,low,,high,closed,True,0.92,high,True,Issue resolved by technician,2026-01-20T23:06:10.611123,2026-01-19T04:58:58.611123,2026-01-19T11:58:58.611123,42.12,Global Retail Solutions,4,2,0,mfa
1243,TICK-2025-01568,Need to update my email address,I recently got married and need to change my email address from john@oldcompany.com to mike@newcompany.com. My ticket reference is REF-52270.,account,low,,low,closed,False,,low,False,Issue resolved by technician,2025-12-16T07:25:58.633027,2025-12-12T10:22:58.633027,2025-12-14T00:22:58.633027,93.05,Financial Services Group,1,2,0,profile
1244,TICK-2026-01726,Bulk action needed,Please add the ability to assign multiple items at once in the portal. This first noticed a few hours ago. This is affecting my productivity.,feature_request,low,,low,closed,True,0.96,low,False,Issue resolved by technician,2026-01-22T00:59:34.637718,2026-01-18T22:46:58.637718,2026-01-19T13:46:58.637718,74.21,Logistics International,1,11,0,enhancement
1245,TICK-2026-01074,Can't change my password,I'm trying to update my password as required but the system says my new password doesn't meet requirements. This appeared since yesterday. I tried the troubleshooting guide but it didn't help.,login,medium,medium,medium,resolved,True,0.83,medium,False,Issue resolved by technician,2026-01-23T21:39:10.597071,2026-01-22T04:13:58.597071,2026-01-22T16:13:58.597071,41.42,Construction Holdings,3,0,0,password
1246,TICK-2025-00218,Dropped external hard drive,I dropped my external hard drive and now my computer doesn't recognize it when I plug it in. This started since Monday. I'm working in the ground floor office.,hardware,high,,medium,closed,True,0.72,medium,True,Issue resolved by technician,2025-08-12T00:27:34.517091,2025-08-10T09:38:58.517091,2025-08-10T13:38:58.517091,38.81,Healthcare Partners,2,15,0,damage
1247,TICK-2026-01092,Forgot my password,I forgot my password and can't log in. I've tried the reset option but haven't received the email. This first noticed after lunch. This worked fine before.,login,high,,high,resolved,False,,high,False,Issue resolved by technician,2026-02-08T20:11:34.598955,2026-02-07T05:43:58.598955,2026-02-07T14:43:58.598955,38.46,Consulting Associates,0,15,2,password
1248,TICK-2026-01021,Slow speed when connected to VPN,"When I connect to VPN, my internet becomes extremely slow. Takes minutes to open a simple webpage. I'm working at my desk in Building B.",network,low,,low,in_progress,True,0.66,low,False,,,2026-02-27T12:12:58.588782,2026-02-28T20:12:58.588782,,Financial Services Group,9,1,0,vpn
1249,TICK-2026-00442,Application freezing randomly,Adobe Acrobat freezes randomly during use. I have to force close it and lose my unsaved work. I'm working in the 5th floor office. Employee ID: 86168.,software,medium,,medium,closed,True,0.77,medium,False,Issue resolved by technician,2026-02-18T07:40:34.545699,2026-02-15T06:42:58.545699,2026-02-16T13:42:58.545699,72.96,Logistics International,6,11,0,application
1250,TICK-2026-00842,Shared folder permission request,Can you please grant me read access to the projects shared folder? My manager has approved this request. This has been occurring since last night. My ticket reference is REF-28981.,network,low,,low,resolved,True,0.69,low,False,Issue resolved by user,2026-02-23T18:02:34.569104,2026-02-18T02:04:58.569104,2026-02-19T22:04:58.569104,135.96,Logistics International,1,12,0,lan
1251,TICK-2025-01573,Need to update my email address,I recently got married and need to change my email address from jane@oldcompany.com to john@newcompany.com. This has been occurring since last week. I'm working in meeting room 689. This is affecting my productivity.,account,low,,low,in_progress,True,0.79,low,False,,,2025-09-15T15:28:58.633185,2025-09-16T23:28:58.633185,,Healthcare Partners,12,5,1,profile
1252,TICK-2026-01245,Account locked out,My account is locked after too many login attempts. I was trying different passwords I thought might be correct. Employee ID: 81158.,login,low,,low,resolved,True,0.9,low,False,Issue resolved by user,2026-01-18T11:51:22.615473,2026-01-15T15:27:58.615473,2026-01-15T20:27:58.615473,68.39,Global Retail Solutions,5,13,0,account_locked
1253,TICK-2026-00514,Software license expired,My Photoshop license has expired and I can no longer access the software. I need it for my daily work. This has been occurring since earlier today. Please prioritize this.,software,high,high,high,in_progress,True,0.88,high,False,,,2026-01-29T03:46:58.551471,2026-01-31T01:46:58.551471,,Tech Innovations Inc.,11,4,0,installation
1254,TICK-2025-01332,Account disabled,I can't log in and the message says my account has been disabled. I don't know why this happened. This first noticed yesterday afternoon. I'm working in meeting room 978. My ticket reference is REF-19086.,login,high,high,low,closed,True,0.69,low,True,Issue resolved by technician,2025-09-13T18:50:34.623291,2025-09-13T12:16:58.623291,2025-09-14T20:16:58.623291,6.56,Construction Holdings,14,15,0,account_locked
1255,TICK-2026-00572,Need software installed,I need Zoom installed on my computer for a new project. I don't have admin rights to install it myself. I'm working from my home office.,software,low,,high,resolved,True,0.93,high,True,Issue resolved by technician,2026-02-10T05:41:46.555873,2026-02-02T18:45:58.555873,2026-02-04T15:45:58.555873,178.93,Construction Holdings,2,3,0,installation
1256,TICK-2026-00904,Request access to public share,I need access to the public share folder. I am an intern and I am in training. I'm working at my desk in Building A.,network,low,low,low,closed,True,0.67,low,False,Issue resolved by technician,2026-01-22T12:33:22.574254,2026-01-17T02:15:58.574254,2026-01-18T01:15:58.574254,130.29,Education Foundation,7,7,0,lan
1257,TICK-2025-01707,Improvement suggestion,The current reporting system workflow is cumbersome. Could you add the ability to export to Excel? Employee ID: 30312.,feature_request,low,low,low,waiting_on_customer,True,0.98,low,False,,,2025-11-14T20:10:58.637159,2025-11-16T12:10:58.637159,,Tech Innovations Inc.,11,7,0,enhancement
1258,TICK-2026-01778,Dashboard customization,I'd like to be able to customize my dashboard to show custom notifications. I'm working at my desk in Building 3.,feature_request,low,,low,resolved,True,0.66,low,False,Issue resolved by user,2026-02-16T06:36:22.639239,2026-02-11T11:57:58.639239,2026-02-12T09:57:58.639239,114.64,Legal Services LLP,0,1,0,new_feature
1259,TICK-2025-00530,Computer infected with virus,"I think my computer has a virus. It's running slow, showing popups, and my homepage changed without my doing. This started since Monday. I'm working in the IT department.",software,critical,,critical,resolved,False,,critical,False,Issue resolved by technician,2025-11-04T07:37:10.552705,2025-11-03T13:23:58.552705,2025-11-04T15:23:58.552705,18.22,Global Retail Solutions,6,14,0,security
1260,TICK-2026-00385,Computer infected with virus,"I think my computer has a virus. It's running slow, showing popups, and my homepage changed without my doing. This started last week. I'm working at my desk in Building 2. Employee ID: 86591.",software,critical,,critical,resolved,True,0.7,critical,False,Issue resolved by user,2026-02-02T06:09:58.539834,2026-02-01T19:03:58.539834,2026-02-02T02:03:58.539834,11.1,Legal Services LLP,11,14,0,security
1261,TICK-2026-01569,Update my contact information,Please update my phone number to +1-555-710-9150 in the system. I'm working in the Sales department. Employee ID: 44884.,account,low,,low,resolved,True,0.82,low,False,Issue resolved by technician,2026-02-26T19:45:58.633058,2026-02-23T14:12:58.633058,2026-02-25T08:12:58.633058,77.55,Financial Services Group,0,10,0,profile
1262,TICK-2025-00634,PowerPoint crashes when opening files,Word crashes every time I try to open a specific file. I've tried repairing Office but the issue continues. I'm working while working remotely. Multiple colleagues have the same issue. Employee ID: 40265.,software,high,,high,open,True,0.87,high,False,,,2025-12-06T09:50:58.559503,2025-12-06T14:50:58.559503,,Tech Innovations Inc.,3,5,0,office
1263,TICK-2026-00185,My desktop won't turn on,I tried to power on my workstation this morning but nothing happens. The power light doesn't come on and there's no response when I press the power button. I've checked the power cable and it seems connected properly. I'm working from my home office. I tried the troubleshooting guide but it didn't help.,hardware,low,,low,closed,True,0.97,low,False,Issue resolved by technician,2026-02-24T19:00:10.515312,2026-02-15T20:34:58.515312,2026-02-16T05:34:58.515312,214.42,Logistics International,4,7,1,computer
1264,TICK-2025-00615,Need software installed,I need Zoom installed on my computer for a new project. I don't have admin rights to install it myself. This has been occurring since this week. Employee ID: 78746.,software,low,,low,resolved,True,0.95,low,False,Issue resolved by technician,2025-12-13T16:13:58.558481,2025-12-07T19:22:58.558481,2025-12-08T23:22:58.558481,140.85,Consulting Associates,5,7,1,installation
1265,TICK-2025-01031,Network drive not accessible,I can't access the shared network drive \\server\team. It says the path doesn't exist. This appeared after lunch. I'm working in the Sales department.,network,high,,high,closed,True,0.7,high,False,Issue resolved by technician,2025-11-25T11:27:10.589830,2025-11-23T19:40:58.589830,2025-11-23T19:40:58.589830,39.77,Logistics International,7,11,0,lan
1266,TICK-2026-01814,Conference room booking issue,I'm having trouble booking conference room Main Conference for my meeting tomorrow. This started earlier today. I'm working from my home office.,other,medium,,medium,open,True,0.78,medium,False,,,2026-02-27T11:09:58.640312,2026-03-01T00:09:58.640312,,Healthcare Partners,0,12,0,general
1267,TICK-2025-01167,Password expired,I got a message that my password has expired. I need to reset it but the link isn't working. This started last night. Multiple colleagues have the same issue.,login,high,,high,closed,True,0.79,high,False,Issue resolved by technician,2025-12-20T14:22:22.605731,2025-12-19T15:34:58.605731,2025-12-19T22:34:58.605731,22.79,Legal Services LLP,0,9,1,password
1268,TICK-2026-01969,Office supplies needed,My team needs printer paper. How do I order them? This appeared yesterday afternoon.,other,critical,,critical,resolved,True,0.71,critical,False,Issue resolved by technician,2026-01-03T15:38:46.644896,2026-01-02T23:30:58.644896,2026-01-04T07:30:58.644896,16.13,Manufacturing Corp,9,2,0,inquiry
1269,TICK-2026-00309,Application freezing randomly,QuickBooks freezes randomly during use. I have to force close it and lose my unsaved work. This started yesterday. I'm working in the Finance department.,software,medium,,medium,resolved,True,0.72,medium,False,Issue resolved by technician,2026-02-05T14:09:34.525187,2026-02-02T01:38:58.525187,2026-02-02T17:38:58.525187,84.51,Financial Services Group,0,12,0,application
1270,TICK-2026-00722,WiFi keeps disconnecting,My WiFi connection drops every few minutes. I have to turn WiFi off and on to reconnect temporarily. This first noticed earlier today. I'm working from my home office. Employee ID: 77207.,network,medium,,medium,resolved,True,0.84,medium,False,Issue resolved by technician,2026-02-13T21:29:34.563098,2026-02-12T08:10:58.563098,2026-02-12T13:10:58.563098,37.31,Media & Entertainment LLC,4,8,1,wireless
1271,TICK-2026-00115,Keyboard not working,My keyboard stopped working suddenly. Some keys don't respond at all while others type random characters. This began happening a few hours ago.,hardware,medium,medium,medium,waiting_on_customer,True,0.71,medium,False,,,2026-01-14T20:17:58.511712,2026-01-16T08:17:58.511712,,Consulting Associates,0,13,0,peripheral
1272,TICK-2025-00244,Paper jam in printer,The printer keeps showing a paper jam error but I've checked and there's no paper stuck. Cleared the tray multiple times. This started this week. This worked fine before.,hardware,low,,critical,closed,True,0.7,critical,True,Issue resolved by technician,2025-11-12T08:16:46.519362,2025-11-08T14:53:58.519362,2025-11-10T12:53:58.519362,89.38,Global Retail Solutions,7,14,0,printer
1273,TICK-2025-00141,Cracked laptop screen,I accidentally dropped my laptop and now the screen is cracked. There are lines across the display and part of it is black. This first noticed last week. My ticket reference is REF-50243.,hardware,critical,,critical,waiting_on_customer,True,0.88,critical,False,,,2025-07-28T23:35:58.513142,2025-07-30T08:35:58.513142,,Healthcare Partners,3,1,0,damage
1274,TICK-2026-01770,Dashboard customization,I'd like to be able to customize my dashboard to show dark mode. Asset tag: IT-3000-A.,feature_request,low,low,low,closed,True,0.83,low,False,Issue resolved by technician,2026-02-14T11:37:34.639008,2026-02-06T23:18:58.639008,2026-02-07T19:18:58.639008,180.31,Global Retail Solutions,1,3,0,new_feature
1275,TICK-2026-01793,Integration request,We need mobile app to integrate with Google Drive. Is this possible?,feature_request,low,,low,closed,True,0.68,low,False,Issue resolved by technician,2026-01-13T16:27:46.639674,2026-01-10T14:49:58.639674,2026-01-12T12:49:58.639674,73.63,Manufacturing Corp,5,10,0,integration
1276,TICK-2025-00996,Shared folder permission request,Can you please grant me read access to the documents shared folder? My manager has approved this request. Multiple colleagues have the same issue. Employee ID: 89857.,network,low,low,low,closed,True,0.69,low,False,Issue resolved by technician,2025-11-02T21:21:10.584358,2025-10-27T04:16:58.584358,2025-10-28T07:16:58.584358,161.07,Global Retail Solutions,13,8,0,lan
1277,TICK-2025-01829,General inquiry,I have a question about service levels. Can someone please help me understand this better? This started since yesterday. I'm working while working remotely. I'm working on an important project.,other,low,,critical,open,True,0.71,critical,True,,,2025-09-25T06:56:58.640754,2025-09-25T06:56:58.640754,,Legal Services LLP,9,8,0,inquiry
1278,TICK-2026-01267,SSO login not working,"When I try to log in with my company credentials, I get an error: 'Authentication failed'. I'm working in meeting room 778. I've already restarted 4 times.",login,high,high,medium,resolved,True,0.69,medium,True,Issue resolved by user,2026-01-11T22:50:22.618275,2026-01-11T00:23:58.618275,2026-01-12T07:23:58.618275,22.44,Construction Holdings,14,4,0,sso
1279,TICK-2025-01839,Office supplies needed,My team needs printer paper. How do I order them? This first noticed during a presentation. I'm working in meeting room 831.,other,low,low,low,closed,False,,low,False,Issue resolved by technician,2025-09-13T04:22:58.641042,2025-09-05T05:25:58.641042,2025-09-06T18:25:58.641042,190.95,Legal Services LLP,16,15,0,inquiry
1280,TICK-2025-01681,Bulk action needed,Please add the ability to delete multiple items at once in the reporting system. This began happening this morning. I'm working while working remotely.,feature_request,low,,low,resolved,True,0.51,low,False,Issue resolved by technician,2025-12-25T19:33:22.636373,2025-12-19T20:27:58.636373,2025-12-19T20:27:58.636373,143.09,Healthcare Partners,5,8,0,enhancement
1281,TICK-2026-00480,Outlook not syncing emails,Outlook stopped syncing new emails. It shows connected but no new messages appear even though I can see them on webmail. This started just now.,software,high,,high,closed,True,0.77,high,False,Issue resolved by technician,2026-01-23T13:56:10.548852,2026-01-22T23:51:58.548852,2026-01-23T11:51:58.548852,14.07,Media & Entertainment LLC,2,2,0,office
1282,TICK-2025-00056,Computer running extremely slow,My computer has become incredibly slow over the past week. Applications take forever to open and the system freezes frequently. I've tried restarting but the issue persists. This began happening yesterday afternoon. Employee ID: 17148.,hardware,medium,,medium,resolved,True,0.75,medium,False,Issue resolved by technician,2026-01-04T08:52:46.506230,2025-12-31T06:47:58.506230,2026-01-01T12:47:58.506230,98.08,Legal Services LLP,1,4,0,computer
1283,TICK-2025-00118,Mouse cursor jumping around,My mouse cursor keeps jumping to random positions on the screen. I've tried cleaning the sensor but the problem continues. This started last week.,hardware,high,,low,resolved,True,0.96,low,True,Issue resolved by user,2025-12-11T14:40:46.511957,2025-12-09T15:50:58.511957,2025-12-10T02:50:58.511957,46.83,Manufacturing Corp,2,10,0,peripheral
1284,TICK-2025-01224,Forgot my password,I forgot my password and can't log in. I've tried the reset option but haven't received the email. Please prioritize this. Employee ID: 34414.,login,high,high,high,resolved,True,0.78,high,False,Issue resolved by technician,2025-11-22T10:39:34.612199,2025-11-20T11:35:58.612199,2025-11-21T21:35:58.612199,47.06,Research Institute,6,7,0,password
1285,TICK-2026-00884,Slow speed when connected to VPN,"When I connect to VPN, my internet becomes extremely slow. Takes minutes to open a simple webpage. This started since yesterday. I'm working in meeting room 809.",network,medium,,medium,closed,True,0.81,medium,False,Issue resolved by technician,2026-02-21T09:36:34.572670,2026-02-19T20:23:58.572670,2026-02-21T10:23:58.572670,37.21,Consulting Associates,5,8,0,vpn
1286,TICK-2025-00696,Outlook crashes when opening files,PowerPoint crashes every time I try to open a specific file. I've tried repairing Office but the issue continues. This appeared yesterday afternoon.,software,high,high,high,closed,True,0.78,high,False,Issue resolved by user,2025-12-12T23:24:34.562161,2025-12-12T19:23:58.562161,2025-12-13T19:23:58.562161,4.01,Media & Entertainment LLC,4,8,2,office
1287,TICK-2026-00657,Antivirus blocking application,My antivirus is blocking Photoshop from running. I've tried adding an exception but it still blocks it. I'm working while working remotely.,software,medium,medium,medium,resolved,True,0.89,medium,False,Issue resolved by technician,2026-01-30T22:02:22.560593,2026-01-30T11:41:58.560593,2026-01-31T05:41:58.560593,10.34,Construction Holdings,1,2,0,security
1288,TICK-2026-00537,Antivirus blocking application,My antivirus is blocking Zoom from running. I've tried adding an exception but it still blocks it.,software,medium,,medium,closed,True,0.97,medium,False,Issue resolved by technician,2026-01-28T22:14:58.553235,2026-01-24T23:59:58.553235,2026-01-26T09:59:58.553235,94.25,Global Retail Solutions,0,5,0,security
1289,TICK-2025-01081,Need access to SharePoint,I've been told I need access to finance system for my new role. Please grant me the necessary permissions. This appeared last night. Employee ID: 50428.,login,low,low,low,closed,True,0.68,low,False,Issue resolved by technician,2025-12-27T11:26:10.597904,2025-12-17T23:36:58.597904,2025-12-19T14:36:58.597904,227.82,Manufacturing Corp,11,6,0,access
1290,TICK-2026-01914,Office supplies needed,My team needs pens. How do I order them? I'm working in the Finance department. This is affecting my productivity.,other,low,,low,resolved,True,0.65,low,False,Issue resolved by technician,2026-01-18T09:03:46.643311,2026-01-16T21:46:58.643311,2026-01-17T10:46:58.643311,35.28,Global Retail Solutions,7,8,0,inquiry
1291,TICK-2026-00005,Screen flickering constantly,My display screen keeps flickering every few seconds. It's giving me headaches and making it impossible to work. This appeared yesterday afternoon. I'm working in the IT department.,hardware,medium,,medium,resolved,True,0.82,medium,False,Issue resolved by technician,2026-02-16T16:59:10.503224,2026-02-13T05:18:58.503224,2026-02-14T02:18:58.503224,83.67,Education Foundation,5,2,0,display
1292,TICK-2025-01685,Improvement suggestion,The current portal workflow is cumbersome. Could you add the ability to export to Excel? I'm working while working remotely. I have a deadline end of week.,feature_request,medium,medium,medium,closed,True,0.65,medium,False,Issue resolved by user,2026-01-02T13:51:10.636500,2025-12-29T07:52:58.636500,2025-12-31T06:52:58.636500,101.97,Research Institute,7,7,0,enhancement
1293,TICK-2026-01026,Request access to public share,I need access to the public share folder. I am an intern and I am in training. This appeared this morning. I'm working in meeting room 773. Employee ID: 35425.,network,low,,low,resolved,True,0.66,low,False,Issue resolved by technician,2026-02-06T21:28:10.589317,2026-02-04T05:11:58.589317,2026-02-04T17:11:58.589317,64.27,Tech Innovations Inc.,0,12,1,lan
1294,TICK-2025-00235,Paper jam in printer,The printer keeps showing a paper jam error but I've checked and there's no paper stuck. Cleared the tray multiple times. This began happening a few hours ago. Employee ID: 81566.,hardware,high,high,high,closed,True,0.82,high,False,Issue resolved by technician,2025-10-10T01:13:34.518519,2025-10-08T11:33:58.518519,2025-10-10T01:33:58.518519,37.66,Logistics International,9,14,0,printer
1295,TICK-2025-00515,Can't download files from browser,"When I try to download files in Firefox, nothing happens. The download doesn't start. This began happening earlier today.",software,low,low,low,closed,True,0.84,low,False,Issue resolved by user,2025-12-16T07:35:58.551538,2025-12-14T16:53:58.551538,2025-12-16T00:53:58.551538,38.7,Consulting Associates,4,10,1,browser
1296,TICK-2026-00714,No internet connection,I'm connected to the network but have no internet access. Chrome says 'No internet' for all websites. This started earlier today. I'm working at our Dallas location.,network,low,,low,closed,True,0.9,low,False,Issue resolved by user,2026-01-30T14:27:58.562830,2026-01-26T22:33:58.562830,2026-01-27T17:33:58.562830,87.9,Financial Services Group,3,15,0,connectivity
1297,TICK-2026-00276,Mouse cursor jumping around,My mouse cursor keeps jumping to random positions on the screen. I've tried cleaning the sensor but the problem continues. This has been occurring since just now. I've already restarted 2 times.,hardware,medium,,medium,in_progress,False,,medium,False,,,2026-02-26T07:11:58.522423,2026-02-26T20:11:58.522423,,Global Retail Solutions,7,11,0,peripheral
1298,TICK-2025-01352,SSO login not working,"When I try to log in with my company credentials, I get an error: 'Authentication failed'. This first noticed a few hours ago.",login,high,,high,resolved,True,0.66,high,False,Issue resolved by technician,2025-12-09T17:01:10.624515,2025-12-08T12:41:58.624515,2025-12-09T07:41:58.624515,28.32,Healthcare Partners,8,10,0,sso
1299,TICK-2026-00476,Photoshop won't open,"When I try to launch Visual Studio, nothing happens. I've tried running as administrator but it still won't open. This started this morning. This worked fine before. Employee ID: 50642.",software,medium,,medium,closed,True,0.73,medium,False,Issue resolved by technician,2026-02-15T04:20:22.548503,2026-02-11T04:47:58.548503,2026-02-13T01:47:58.548503,95.54,Manufacturing Corp,10,9,0,application
1300,TICK-2026-01629,Request account deletion,Please delete my account and all associated data as per GDPR requirements. This began happening yesterday afternoon. I'm working in the IT department.,account,medium,,medium,closed,True,0.79,medium,False,Issue resolved by user,2026-01-27T05:53:22.634852,2026-01-25T17:02:58.634852,2026-01-26T14:02:58.634852,36.84,Global Retail Solutions,26,4,0,deletion
1301,TICK-2026-01583,Notification settings not saving,I've disabled email notifications several times but I keep receiving them.,account,low,,low,closed,True,0.77,low,False,Issue resolved by technician,2026-02-12T08:03:58.633482,2026-02-08T12:51:58.633482,2026-02-10T06:51:58.633482,91.2,Financial Services Group,2,14,0,settings
1302,TICK-2026-01431,Invoice not received,I haven't received my invoice for June. Can you please resend it to my email? This first noticed about an hour ago. This is affecting my productivity.,billing,low,low,low,closed,True,0.68,low,False,Issue resolved by user,2026-02-20T07:38:10.628459,2026-02-13T16:00:58.628459,2026-02-15T07:00:58.628459,159.62,Healthcare Partners,2,13,1,invoice
1303,TICK-2025-01994,How do I generate reports?,I'm not sure how to change settings in the system. Could you provide instructions? This started last week.,other,low,,low,resolved,False,,low,False,Issue resolved by technician,2026-01-04T05:52:58.645629,2025-12-26T20:34:58.645629,2025-12-28T17:34:58.645629,201.3,Healthcare Partners,3,8,0,inquiry
1304,TICK-2025-01034,WiFi keeps disconnecting,My WiFi connection drops every few minutes. I have to turn WiFi off and on to reconnect temporarily. This has been occurring since a few hours ago. Asset tag: IT-5873-B.,network,medium,,medium,closed,True,0.91,medium,False,Issue resolved by technician,2025-11-09T21:58:34.590117,2025-11-05T03:15:58.590117,2025-11-06T18:15:58.590117,114.71,Tech Innovations Inc.,2,10,0,wireless
1305,TICK-2025-01176,Access removed incorrectly,My access to CRM was removed but I still need it for my work. This might have been done in error. This has been occurring since earlier today. I tried the troubleshooting guide but it didn't help. Employee ID: 57197.,login,high,,high,resolved,True,0.92,high,False,Issue resolved by user,2025-12-12T13:39:46.606578,2025-12-12T06:37:58.606578,2025-12-12T15:37:58.606578,7.03,Legal Services LLP,0,8,0,access
1306,TICK-2026-00637,macOS won't boot,"After a restart, Windows 11 won't boot. It gets stuck on the loading screen and never progresses to the login. This started before our meeting. I'm working in the 3rd floor office. Multiple colleagues have the same issue. Employee ID: 13077.",software,critical,,critical,in_progress,False,,critical,False,,,2026-01-20T23:50:58.559668,2026-01-21T15:50:58.559668,,Media & Entertainment LLC,3,3,0,os
1307,TICK-2026-01125,Password not working,My password stopped working. I'm sure I'm typing it correctly but it says invalid credentials. This started last week. I'm working in meeting room 304. Employee ID: 35314.,login,low,,low,in_progress,True,0.84,low,False,,,2026-02-14T17:07:58.602320,2026-02-14T17:07:58.602320,,Healthcare Partners,2,13,0,password
1308,TICK-2026-01850,Conference room booking issue,I'm having trouble booking conference room C300 for my meeting tomorrow. Employee ID: 88075.,other,low,low,low,resolved,False,,low,False,Issue resolved by technician,2026-02-17T00:54:22.641353,2026-02-14T06:39:58.641353,2026-02-15T11:39:58.641353,66.24,Global Retail Solutions,1,10,0,general
1309,TICK-2026-00601,Windows won't boot,"After a restart, Windows 11 won't boot. It gets stuck on the loading screen and never progresses to the login.",software,critical,,critical,resolved,False,,critical,False,Issue resolved by user,2026-01-13T00:14:34.557715,2026-01-12T00:43:58.557715,2026-01-13T14:43:58.557715,23.51,Manufacturing Corp,4,10,0,os
1310,TICK-2025-00826,No internet connection,I'm connected to the network but have no internet access. Edge says 'No internet' for all websites. This started earlier today. I'm working in the HR department.,network,critical,,critical,closed,True,0.81,critical,False,Issue resolved by user,2025-12-19T20:14:58.567456,2025-12-19T04:29:58.567456,2025-12-19T12:29:58.567456,15.75,Healthcare Partners,3,11,0,connectivity
1311,TICK-2026-01257,New employee needs account,A new team member Michael Chen started today and needs their accounts set up. Email: newuser50@company.com This first noticed just now. I'm working in the HR department.,login,high,,high,closed,True,0.72,high,False,Issue resolved by user,2026-01-31T16:45:34.617160,2026-01-30T14:53:58.617160,2026-02-01T02:53:58.617160,25.86,Consulting Associates,9,13,2,access
1312,TICK-2025-00738,Shared folder permission request,Can you please grant me read access to the shared shared folder? My manager has approved this request.,network,medium,,high,resolved,True,0.95,high,True,Issue resolved by technician,2025-11-04T23:09:10.563615,2025-11-01T05:40:58.563615,2025-11-02T08:40:58.563615,89.47,Tech Innovations Inc.,7,10,1,lan
1313,TICK-2026-00712,Request access to shared folder,I need access to the documents shared folder on the network. I am a new employee and require access for my work. This appeared last week. I'm working while working remotely.,network,low,,low,waiting_on_customer,True,0.83,low,False,,,2026-02-05T21:14:58.562764,2026-02-06T03:14:58.562764,,Construction Holdings,0,13,0,lan
1314,TICK-2025-00357,Office formulas not calculating,My Word spreadsheet formulas are showing the formula text instead of calculating. I haven't changed any settings. I'm working in the 5th floor office.,software,high,,high,closed,False,,high,False,Issue resolved by technician,2025-12-16T12:42:46.535181,2025-12-15T10:43:58.535181,2025-12-15T21:43:58.535181,25.98,Research Institute,1,15,0,office
1315,TICK-2026-00152,Screen flickering constantly,My screen screen keeps flickering every few seconds. It's giving me headaches and making it impossible to work.,hardware,low,,high,resolved,True,0.71,high,True,Issue resolved by technician,2026-02-06T01:55:10.513741,2026-01-30T17:50:58.513741,2026-02-01T04:50:58.513741,152.07,Consulting Associates,1,8,0,display
1316,TICK-2025-01751,Mobile app feature request,Could you add keyboard shortcuts to the mobile app? It's available on desktop but not mobile. Employee ID: 34103.,feature_request,low,low,low,resolved,True,0.78,low,False,Issue resolved by technician,2025-12-20T12:18:46.638464,2025-12-18T10:40:58.638464,2025-12-19T11:40:58.638464,49.63,Legal Services LLP,11,2,0,enhancement
1317,TICK-2026-01945,General inquiry,I have a question about service levels. Can someone please help me understand this better? I'm working in the 4th floor office.,other,low,low,low,closed,True,0.68,low,False,Issue resolved by technician,2026-01-22T17:53:58.644215,2026-01-16T22:23:58.644215,2026-01-18T18:23:58.644215,139.5,Financial Services Group,0,9,0,inquiry
1318,TICK-2026-01113,Can't change my password,I'm trying to update my password as required but the system says my new password doesn't meet requirements. This first noticed last week. Employee ID: 76772.,login,medium,,medium,closed,True,0.94,medium,False,Issue resolved by technician,2026-01-26T16:17:10.601062,2026-01-21T19:12:58.601062,2026-01-22T03:12:58.601062,117.07,Manufacturing Corp,2,8,0,password
1319,TICK-2026-01317,Password not working,My password stopped working. I'm sure I'm typing it correctly but it says invalid credentials. This has been occurring since last night. I'm working while working remotely.,login,high,,high,closed,False,,high,False,Issue resolved by user,2026-01-09T08:28:46.622320,2026-01-08T17:35:58.622320,2026-01-09T19:35:58.622320,14.88,Financial Services Group,0,5,0,password
1320,TICK-2026-00034,Paper jam in printer,The printer keeps showing a paper jam error but I've checked and there's no paper stuck. Cleared the tray multiple times. This has been occurring since after lunch. I'm working in meeting room 152.,hardware,medium,,medium,resolved,True,0.66,medium,False,Issue resolved by technician,2026-02-03T21:27:22.505062,2026-01-30T10:30:58.505062,2026-01-31T10:30:58.505062,106.94,Legal Services LLP,2,4,0,printer
1321,TICK-2025-01391,Incorrect charge on invoice,My invoice shows a charge of $468.52 that I don't recognize. Please explain this charge.,billing,low,,low,in_progress,True,0.73,low,False,,,2025-12-26T21:59:58.626618,2025-12-28T10:59:58.626618,,Tech Innovations Inc.,0,8,0,invoice
1322,TICK-2026-01084,New employee needs account,A new team member Emily Davis started today and needs their accounts set up. Email: newuser97@company.com This appeared before our meeting.,login,low,low,low,closed,True,0.7,low,False,Issue resolved by technician,2026-02-04T23:22:46.598186,2026-02-02T08:29:58.598186,2026-02-02T21:29:58.598186,62.88,Legal Services LLP,1,6,0,access
1323,TICK-2026-01041,Request access to shared folder,I need access to the documents shared folder on the network. I am a new employee and require access for my work. Employee ID: 93675.,network,low,,low,closed,True,0.92,low,False,Issue resolved by technician,2026-02-25T16:16:34.591575,2026-02-22T23:21:58.591575,2026-02-23T01:21:58.591575,64.91,Financial Services Group,1,6,0,lan
1324,TICK-2026-00954,Request access to public share,I need access to the public share folder. I am an intern and I am in training. This has been occurring since since yesterday. Multiple colleagues have the same issue.,network,low,,low,closed,False,,low,False,Issue resolved by user,2026-01-13T22:27:22.579064,2026-01-05T23:30:58.579064,2026-01-07T13:30:58.579064,190.94,Global Retail Solutions,6,14,0,lan
1325,TICK-2026-00652,Browser extremely slow,My Edge has become very slow. Pages take 30+ seconds to load and tabs crash frequently. This started last week. I'm working in the Operations department. I've already restarted 3 times.,software,medium,,medium,closed,True,0.74,medium,False,Issue resolved by technician,2026-02-13T14:13:22.560361,2026-02-12T10:28:58.560361,2026-02-12T16:28:58.560361,27.74,Legal Services LLP,0,4,0,browser
1326,TICK-2025-00675,Word formulas not calculating,My Teams spreadsheet formulas are showing the formula text instead of calculating. I haven't changed any settings. I'm working at our Chicago location.,software,medium,,medium,closed,True,0.9,medium,False,Issue resolved by technician,2025-11-28T09:11:58.561347,2025-11-24T06:38:58.561347,2025-11-25T13:38:58.561347,98.55,Consulting Associates,7,6,0,office
1327,TICK-2026-01178,Account locked out,My account is locked after too many login attempts. I was trying different passwords I thought might be correct. Employee ID: 30026.,login,low,,low,resolved,True,0.82,low,False,Issue resolved by technician,2026-01-25T00:44:46.606874,2026-01-20T13:30:58.606874,2026-01-22T11:30:58.606874,107.23,Manufacturing Corp,5,11,0,account_locked
1328,TICK-2026-01909,Conference room booking issue,I'm having trouble booking conference room B205 for my meeting tomorrow. This first noticed just now. I'm working while working remotely.,other,medium,,medium,open,True,0.74,medium,False,,,2026-02-26T22:58:58.643160,2026-02-28T16:58:58.643160,,Financial Services Group,7,8,0,general
1329,TICK-2026-01051,Need access to team shared drive,I've just joined the shared team and need access to the shared network drive to do my job.,network,low,low,low,resolved,True,0.83,low,False,Issue resolved by technician,2026-01-28T09:25:10.593240,2026-01-19T02:38:58.593240,2026-01-20T06:38:58.593240,222.77,Consulting Associates,5,1,2,lan
1330,TICK-2025-01698,Mobile app feature request,Could you add dark mode to the mobile app? It's available on desktop but not mobile. This began happening this morning. I'm working in meeting room 131. I tried the troubleshooting guide but it didn't help.,feature_request,low,low,low,closed,False,,low,False,Issue resolved by technician,2025-11-25T00:47:22.636892,2025-11-17T07:08:58.636892,2025-11-18T00:08:58.636892,185.64,Research Institute,3,1,0,enhancement
1331,TICK-2026-00659,Suspicious popup messages,I keep getting popup messages even when no browser is open. They ask me to call a number for support. Employee ID: 39265.,software,critical,critical,critical,open,True,0.9,critical,False,,,2026-01-08T05:17:58.560678,2026-01-08T21:17:58.560678,,Construction Holdings,4,13,0,security
1332,TICK-2025-00689,Can't save documents in Outlook,"When I try to save in Office, I get an error message saying the file is in use by another program. This started yesterday afternoon. I'm working at our Downtown location. Employee ID: 18306.",software,medium,,medium,resolved,True,0.51,medium,False,Issue resolved by technician,2025-12-17T21:18:34.561911,2025-12-13T19:08:58.561911,2025-12-15T15:08:58.561911,98.16,Legal Services LLP,0,11,1,office
1333,TICK-2025-00315,Suspicious popup messages,I keep getting popup messages even when no browser is open. They ask me to call a number for support. This appeared earlier today.,software,critical,,high,resolved,True,0.86,high,True,Issue resolved by user,2025-12-27T09:06:46.525673,2025-12-27T05:22:58.525673,2025-12-27T09:22:58.525673,3.73,Tech Innovations Inc.,1,2,0,security
1334,TICK-2026-01941,General inquiry,I have a question about pricing plans. Can someone please help me understand this better? I'm working at our Dallas location.,other,low,low,low,in_progress,True,0.65,low,False,,,2026-01-09T07:48:58.644100,2026-01-11T06:48:58.644100,,Logistics International,17,1,0,inquiry
1335,TICK-2025-01348,MFA code not working,The code from my authenticator app isn't being accepted. I've tried multiple times with fresh codes. This began happening last night.,login,high,,critical,waiting_on_customer,True,0.95,critical,True,,,2025-07-29T04:43:58.624281,2025-07-30T22:43:58.624281,,Tech Innovations Inc.,18,10,0,mfa
1336,TICK-2025-01070,Being redirected to wrong login,"When I try to access HR portal, it redirects me to the wrong login page. I'm working from my home office.",login,medium,,medium,closed,True,0.53,medium,False,Issue resolved by technician,2025-11-14T23:01:46.596613,2025-11-13T05:41:58.596613,2025-11-14T17:41:58.596613,41.33,Global Retail Solutions,4,1,0,sso
1337,TICK-2025-01430,Need to upgrade subscription,I need to upgrade my subscription from Basic to Premium. Please advise on the process and pricing. I'm working while working remotely.,billing,low,low,low,open,True,0.68,low,False,,,2025-12-18T11:10:58.628419,2025-12-19T18:10:58.628419,,Tech Innovations Inc.,7,9,0,subscription
1338,TICK-2026-01019,WiFi network not appearing,I can't see the office WiFi network in my available networks list. Other people around me can see it. I'm working on an important project.,network,high,high,high,closed,False,,high,False,Issue resolved by technician,2026-01-02T05:46:58.588507,2026-01-01T18:25:58.588507,2026-01-03T03:25:58.588507,11.35,Consulting Associates,0,6,0,wireless
1339,TICK-2025-01302,Account locked out,My account is locked after too many login attempts. I was trying different passwords I thought might be correct. This has been occurring since after lunch.,login,high,,high,in_progress,True,0.67,high,False,,,2025-11-11T18:02:58.621226,2025-11-11T22:02:58.621226,,Tech Innovations Inc.,6,8,0,account_locked
1340,TICK-2026-01265,Access removed incorrectly,My access to email was removed but I still need it for my work. This might have been done in error.,login,high,,high,resolved,True,0.86,high,False,Issue resolved by technician,2026-01-30T08:47:34.618063,2026-01-28T10:31:58.618063,2026-01-29T23:31:58.618063,46.26,Legal Services LLP,0,11,0,access
1341,TICK-2025-01803,Office supplies needed,My team needs notebooks. How do I order them? This has been occurring since a few hours ago. I'm working from my home office.,other,low,,high,resolved,True,0.89,high,True,Issue resolved by technician,2025-11-30T16:26:46.639976,2025-11-20T19:54:58.639976,2025-11-21T09:54:58.639976,236.53,Legal Services LLP,6,13,0,inquiry
1342,TICK-2026-00851,Video calls have poor quality,My video calls have terrible quality with constant freezing and audio delay. My internet speed seems fine. This first noticed last night. This is affecting my productivity.,network,medium,,medium,resolved,True,0.54,medium,False,Issue resolved by technician,2026-02-23T02:26:58.569948,2026-02-19T13:26:58.569948,2026-02-21T09:26:58.569948,85.0,Construction Holdings,4,8,1,performance
1343,TICK-2026-00604,Firefox not loading pages,Safari shows 'This site can't be reached' for every website I try to visit. Other browsers work fine.,software,medium,,medium,closed,True,0.58,medium,False,Issue resolved by technician,2026-01-29T12:15:10.557889,2026-01-28T20:46:58.557889,2026-01-29T19:46:58.557889,15.47,Construction Holdings,1,4,0,browser
1344,TICK-2026-01925,Training request,I need training on how to use project management tool. Is there documentation or videos available? This appeared a few hours ago.,other,low,,low,resolved,False,,low,False,Issue resolved by technician,2026-02-18T20:58:46.643638,2026-02-14T14:11:58.643638,2026-02-16T14:11:58.643638,102.78,Healthcare Partners,4,7,1,inquiry
1345,TICK-2025-00654,Computer infected with virus,"I think my computer has a virus. It's running slow, showing popups, and my homepage changed without my doing. This first noticed earlier today. I have a deadline today.",software,critical,,critical,closed,True,0.69,critical,False,Issue resolved by technician,2025-12-08T00:25:10.560447,2025-12-07T03:20:58.560447,2025-12-08T03:20:58.560447,21.07,Media & Entertainment LLC,0,9,0,security
1346,TICK-2025-00699,Suspicious popup messages,I keep getting popup messages even when no browser is open. They ask me to call a number for support. This began happening since yesterday. I'm working while working remotely.,software,critical,,critical,closed,False,,critical,False,Issue resolved by technician,2025-10-10T23:15:34.562257,2025-10-10T08:38:58.562257,2025-10-10T22:38:58.562257,14.61,Construction Holdings,2,0,1,security
1347,TICK-2026-01150,Can't change my password,I'm trying to update my password as required but the system says my new password doesn't meet requirements. This started after lunch. I'm working in the Finance department. This worked fine before. Employee ID: 23664.,login,medium,,medium,resolved,False,,medium,False,Issue resolved by technician,2026-01-20T13:09:34.604337,2026-01-20T04:08:58.604337,2026-01-20T11:08:58.604337,9.01,Media & Entertainment LLC,2,15,0,password
1348,TICK-2026-00229,Paper jam in printer,The printer keeps showing a paper jam error but I've checked and there's no paper stuck. Cleared the tray multiple times. This has been occurring since last night.,hardware,low,,low,closed,True,0.68,low,False,Issue resolved by user,2026-01-10T01:55:10.518012,2026-01-03T23:11:58.518012,2026-01-04T07:11:58.518012,146.72,Research Institute,2,15,0,printer
1349,TICK-2025-01142,Need access to HR portal,I've been told I need access to SharePoint for my new role. Please grant me the necessary permissions. This appeared last night. I'm working from my home office.,login,low,low,low,closed,True,0.91,low,False,Issue resolved by technician,2025-11-26T20:49:34.603690,2025-11-17T10:54:58.603690,2025-11-19T10:54:58.603690,225.91,Education Foundation,4,4,0,access
1350,TICK-2025-01063,Can't change my password,I'm trying to update my password as required but the system says my new password doesn't meet requirements. This has been occurring since last week. I'm working in meeting room 154. Employee ID: 59494.,login,medium,,medium,waiting_on_customer,True,0.65,medium,False,,,2025-08-24T15:08:58.595715,2025-08-25T03:08:58.595715,,Research Institute,5,10,0,password
1351,TICK-2026-01270,SSO login not working,"When I try to log in with my company credentials, I get an error: 'Authentication failed'.",login,medium,,medium,closed,True,0.85,medium,False,Issue resolved by technician,2026-02-19T02:11:46.618586,2026-02-18T16:42:58.618586,2026-02-18T19:42:58.618586,9.48,Logistics International,1,10,0,sso
1352,TICK-2025-01404,Need to upgrade subscription,I need to upgrade my subscription from Basic to Premium. Please advise on the process and pricing. This began happening about an hour ago. I'm working in the IT department. My ticket reference is REF-81702.,billing,low,,low,open,False,,low,False,,,2025-11-26T18:23:58.627235,2025-11-26T18:23:58.627235,,Media & Entertainment LLC,1,5,0,subscription
1353,TICK-2025-01835,How do I add team members?,I'm not sure how to export data in the system. Could you provide instructions? This began happening before our meeting. Employee ID: 35510.,other,low,,critical,resolved,True,0.73,critical,True,Issue resolved by technician,2025-09-19T07:47:10.640925,2025-09-15T23:12:58.640925,2025-09-17T10:12:58.640925,80.57,Media & Entertainment LLC,0,4,0,inquiry
1354,TICK-2026-01651,Need to update my email address,I recently got married and need to change my email address from john@oldcompany.com to john@newcompany.com. This started this morning. I'm working in the HR department. This worked fine before. Employee ID: 45342.,account,low,,low,open,False,,low,False,,,2026-02-08T07:07:58.635491,2026-02-09T13:07:58.635491,,Logistics International,5,10,0,profile
1355,TICK-2026-00783,Request access to shared folder,I need access to the shared shared folder on the network. I am a new employee and require access for my work. This started just now.,network,low,,critical,resolved,True,0.92,critical,True,Issue resolved by technician,2026-02-19T09:20:58.564960,2026-02-17T04:08:58.564960,2026-02-18T23:08:58.564960,53.2,Financial Services Group,4,12,1,lan
1356,TICK-2025-00919,Slow WiFi speed,My WiFi speed is extremely slow. Speedtest shows 3 Mbps download when it should be much faster. This started yesterday. I've already restarted 4 times.,network,low,,low,in_progress,True,0.97,low,False,,,2025-12-26T00:26:58.575401,2025-12-26T01:26:58.575401,,Global Retail Solutions,5,0,0,wireless
1357,TICK-2026-00829,No internet connection,I'm connected to the network but have no internet access. Edge says 'No internet' for all websites. I've already restarted 4 times.,network,critical,,critical,resolved,True,0.52,critical,False,Issue resolved by technician,2026-01-26T08:42:34.567739,2026-01-25T23:14:58.567739,2026-01-26T09:14:58.567739,9.46,Research Institute,6,11,0,connectivity
1358,TICK-2025-01667,Update my contact information,Please update my phone number to +1-555-610-1791 in the system. This appeared a few hours ago. I'm working from my home office. Employee ID: 46781.,account,low,,low,resolved,True,0.79,low,False,Issue resolved by technician,2025-12-05T12:03:46.635959,2025-12-02T18:22:58.635959,2025-12-03T00:22:58.635959,65.68,Research Institute,9,3,0,profile
1359,TICK-2025-01903,Training request,I need training on how to use project management tool. Is there documentation or videos available? This has been occurring since yesterday. I'm working in meeting room 141.,other,medium,,medium,resolved,True,0.72,medium,False,Issue resolved by user,2025-09-28T14:49:22.642990,2025-09-26T05:43:58.642990,2025-09-27T14:43:58.642990,57.09,Global Retail Solutions,2,15,2,inquiry
1360,TICK-2026-01241,Forgot my password,I forgot my password and can't log in. I've tried the reset option but haven't received the email. This first noticed during a presentation. I'm working in meeting room 647. I'm working on an important project.,login,medium,,medium,closed,False,,medium,False,Issue resolved by user,2026-01-29T20:38:22.614997,2026-01-29T00:14:58.614997,2026-01-30T22:14:58.614997,20.39,Education Foundation,6,13,1,password
1361,TICK-2026-00566,Computer infected with virus,"I think my computer has a virus. It's running slow, showing popups, and my homepage changed without my doing. This has been occurring since last night. Employee ID: 68061.",software,critical,critical,critical,closed,True,0.91,critical,False,Issue resolved by technician,2026-02-18T13:29:22.555482,2026-02-18T02:50:58.555482,2026-02-19T13:50:58.555482,10.64,Tech Innovations Inc.,4,11,1,security
1362,TICK-2025-00006,Mouse cursor jumping around,My mouse cursor keeps jumping to random positions on the screen. I've tried cleaning the sensor but the problem continues. This started last night.,hardware,low,,low,resolved,True,0.95,low,False,Issue resolved by technician,2025-10-28T03:40:22.503294,2025-10-23T15:25:58.503294,2025-10-24T22:25:58.503294,108.24,Financial Services Group,8,0,0,peripheral
1363,TICK-2026-00809,WiFi keeps disconnecting,My WiFi connection drops every few minutes. I have to turn WiFi off and on to reconnect temporarily. This began happening before our meeting.,network,critical,critical,critical,in_progress,True,0.79,critical,False,,,2026-01-31T14:38:58.565733,2026-01-31T19:38:58.565733,,Education Foundation,0,15,0,wireless
1364,TICK-2026-01402,Want to cancel subscription,I'd like to cancel my subscription to hosting at the end of this billing period. This started before our meeting. I'm working in the Engineering department. Please prioritize this.,billing,medium,medium,medium,resolved,True,0.96,medium,False,Issue resolved by technician,2026-01-28T21:51:58.627148,2026-01-27T12:54:58.627148,2026-01-28T00:54:58.627148,32.95,Education Foundation,2,1,0,subscription
1365,TICK-2026-01083,Lost access to MFA device,I lost my phone with the authenticator app. I can't log in without the MFA code. I'm working in the IT department.,login,high,high,high,resolved,True,0.92,high,False,Issue resolved by technician,2026-02-04T05:42:34.598089,2026-02-03T13:14:58.598089,2026-02-03T22:14:58.598089,16.46,Healthcare Partners,6,14,0,mfa
1366,TICK-2025-00243,Computer running extremely slow,My workstation has become incredibly slow over the past week. Applications take forever to open and the system freezes frequently. I've tried restarting but the issue persists. This has been occurring since before our meeting. Employee ID: 39114.,hardware,medium,,medium,in_progress,True,0.9,medium,False,,,2025-08-24T09:18:58.519261,2025-08-25T01:18:58.519261,,Manufacturing Corp,16,13,0,computer
1367,TICK-2026-01958,Equipment request,I need to request a headset for my work. What's the process? I'm working while working remotely.,other,low,,low,waiting_on_customer,True,0.89,low,False,,,2026-01-27T20:45:58.644593,2026-01-27T22:45:58.644593,,Manufacturing Corp,25,1,0,inquiry
1368,TICK-2025-01107,Not receiving MFA text messages,I selected SMS for MFA but I'm not receiving the text messages with the code. This began happening yesterday. I'm working while working remotely.,login,high,,high,resolved,True,0.57,high,False,Issue resolved by user,2025-10-09T02:53:46.600442,2025-10-07T16:15:58.600442,2025-10-08T20:15:58.600442,34.63,Financial Services Group,12,8,0,mfa
1369,TICK-2025-01944,General inquiry,I have a question about maintenance windows. Can someone please help me understand this better? This first noticed after lunch.,other,low,,medium,in_progress,False,,medium,True,,,2025-06-30T03:17:58.644187,2025-07-02T00:17:58.644187,,Logistics International,6,3,0,inquiry
1370,TICK-2025-00887,WiFi keeps disconnecting,My WiFi connection drops every few minutes. I have to turn WiFi off and on to reconnect temporarily. This first noticed yesterday afternoon. I have a deadline end of week. Employee ID: 36425.,network,low,low,low,closed,True,0.86,low,False,Issue resolved by user,2025-10-18T08:28:58.572914,2025-10-10T17:01:58.572914,2025-10-12T07:01:58.572914,183.45,Legal Services LLP,2,14,0,wireless
1371,TICK-2025-00088,Monitor not displaying image,My monitor shows 'No Signal' even though my computer is on. I've tried different cables but the same issue occurs. This first noticed this morning. I'm working at my desk in Building 1.,hardware,medium,,medium,closed,True,0.86,medium,False,Issue resolved by user,2025-12-28T00:45:34.508935,2025-12-23T04:53:58.508935,2025-12-24T20:53:58.508935,115.86,Tech Innovations Inc.,7,7,0,display
1372,TICK-2025-01417,Charged twice this month,I was charged twice for my hosting subscription this month. Please refund the duplicate charge. This started last night. I'm working in the IT department.,billing,high,,medium,closed,True,0.65,medium,True,Issue resolved by technician,2025-12-05T15:37:34.627839,2025-12-04T15:24:58.627839,2025-12-04T23:24:58.627839,24.21,Media & Entertainment LLC,1,14,0,dispute
1373,TICK-2026-00262,Wireless headset not connecting,My wireless headset won't connect to my computer via Bluetooth. It was working fine yesterday. I'm working while working remotely. Employee ID: 26433.,hardware,low,,low,closed,False,,low,False,Issue resolved by technician,2026-02-15T16:21:10.521165,2026-02-07T08:58:58.521165,2026-02-07T19:58:58.521165,199.37,Research Institute,0,3,0,peripheral
1374,TICK-2026-01387,Refund not received,I was promised a refund of $410.88 two weeks ago but I still haven't received it. This began happening yesterday afternoon.,billing,medium,,medium,resolved,True,0.58,medium,False,Issue resolved by user,2026-02-16T15:54:58.626418,2026-02-14T16:57:58.626418,2026-02-15T23:57:58.626418,46.95,Logistics International,1,14,1,dispute
1375,TICK-2025-01483,Need to update payment method,I need to update my credit card on file as it's expiring soon. How do I do this? This has been occurring since since Monday. I'm working in the IT department.,billing,low,low,low,closed,False,,low,False,Issue resolved by technician,2025-12-22T08:45:22.630303,2025-12-16T16:00:58.630303,2025-12-17T05:00:58.630303,136.74,Tech Innovations Inc.,1,0,0,payment
1376,TICK-2026-00214,Computer shuts down randomly,"My computer shuts down without warning. It happens at random times, sometimes after just 10 minutes of use. I'm working at my desk in Building B. Multiple colleagues have the same issue. Employee ID: 45501.",hardware,critical,,critical,closed,True,0.93,critical,False,Issue resolved by technician,2026-02-19T21:19:22.516630,2026-02-19T01:43:58.516630,2026-02-19T04:43:58.516630,19.59,Healthcare Partners,6,11,0,power
1377,TICK-2025-00899,Shared folder permission request,Can you please grant me read access to the team shared folder? My manager has approved this request. This started this week. I'm working at our Austin location.,network,low,,high,closed,True,0.62,high,True,Issue resolved by user,2025-03-04T21:08:34.573840,2025-02-27T15:40:58.573840,2025-03-01T11:40:58.573840,125.46,Research Institute,0,10,0,lan
1378,TICK-2026-01828,Office supplies needed,My team needs notebooks. How do I order them? This has been occurring since just now. I'm working in the Engineering department.,other,low,,low,resolved,False,,low,False,Issue resolved by technician,2026-02-19T04:25:10.640721,2026-02-09T14:02:58.640721,2026-02-11T01:02:58.640721,230.37,Financial Services Group,7,6,0,inquiry
1379,TICK-2026-01613,Remove user from system,John Smith has left the company and their account should be deactivated. This appeared earlier today.,account,high,high,high,resolved,True,0.83,high,False,Issue resolved by user,2026-01-27T21:25:34.634393,2026-01-27T09:24:58.634393,2026-01-28T17:24:58.634393,12.01,Construction Holdings,10,6,1,deletion
1380,TICK-2026-00907,Request access to public share,I need access to the public share folder. I am an intern and I am in training. This first noticed yesterday. I'm working in the Marketing department.,network,low,low,low,closed,True,0.7,low,False,Issue resolved by user,2026-01-10T01:16:22.574487,2026-01-02T09:22:58.574487,2026-01-04T05:22:58.574487,183.89,Media & Entertainment LLC,0,9,0,lan
1381,TICK-2025-00482,Windows 11 won't boot,"After a restart, Windows won't boot. It gets stuck on the loading screen and never progresses to the login. This started a few hours ago.",software,low,,low,closed,False,,low,False,Issue resolved by technician,2025-05-06T04:05:34.549006,2025-05-02T15:43:58.549006,2025-05-03T09:43:58.549006,84.36,Legal Services LLP,9,14,0,os
1382,TICK-2026-01784,Mobile app feature request,Could you add batch delete to the mobile app? It's available on desktop but not mobile.,feature_request,high,high,critical,closed,False,,critical,True,Issue resolved by technician,2026-01-30T21:38:46.639406,2026-01-29T09:30:58.639406,2026-01-31T08:30:58.639406,36.13,Global Retail Solutions,19,10,0,enhancement
1383,TICK-2026-01891,Training request,I need training on how to use project management tool. Is there documentation or videos available? This began happening yesterday. I'm working at my desk in Building 1. I'm working on an important project.,other,low,,low,waiting_on_customer,False,,low,False,,,2026-02-07T00:34:58.642644,2026-02-07T11:34:58.642644,,Healthcare Partners,3,5,0,inquiry
1384,TICK-2026-00253,Mouse cursor jumping around,My mouse cursor keeps jumping to random positions on the screen. I've tried cleaning the sensor but the problem continues. This appeared this week.,hardware,medium,,medium,resolved,True,0.86,medium,False,Issue resolved by technician,2026-01-26T18:38:22.520303,2026-01-24T22:32:58.520303,2026-01-25T09:32:58.520303,44.09,Tech Innovations Inc.,3,7,3,peripheral
1385,TICK-2026-01633,Notification settings not saving,I've disabled email notifications several times but I keep receiving them. This appeared this week. Employee ID: 43087.,account,high,,high,closed,True,0.72,high,False,Issue resolved by technician,2026-01-15T00:00:10.634969,2026-01-13T23:07:58.634969,2026-01-14T03:07:58.634969,24.87,Construction Holdings,3,6,0,settings
1386,TICK-2025-00981,WiFi keeps disconnecting,My WiFi connection drops every few minutes. I have to turn WiFi off and on to reconnect temporarily. This appeared since yesterday.,network,medium,,critical,resolved,True,0.88,critical,True,Issue resolved by technician,2025-12-31T17:37:34.581801,2025-12-31T02:48:58.581801,2026-01-01T12:48:58.581801,14.81,Consulting Associates,1,14,0,wireless
1387,TICK-2026-01091,Being redirected to wrong login,"When I try to access finance system, it redirects me to the wrong login page. This has been occurring since before our meeting.",login,low,,low,closed,True,0.82,low,False,Issue resolved by technician,2026-01-22T08:41:22.598856,2026-01-21T03:56:58.598856,2026-01-22T16:56:58.598856,28.74,Logistics International,5,5,0,sso
1388,TICK-2025-00413,Software license expired,My Slack license has expired and I can no longer access the software. I need it for my daily work. This began happening just now. I'm working at our Dallas location.,software,low,,low,closed,True,0.7,low,False,Issue resolved by technician,2025-11-27T03:04:34.543107,2025-11-20T05:39:58.543107,2025-11-21T08:39:58.543107,165.41,Global Retail Solutions,0,15,1,installation
1389,TICK-2025-00980,VPN connection drops frequently,My VPN connection drops every 15-20 minutes. I have to reconnect which interrupts my work. This started just now. I'm working in meeting room 339.,network,medium,,medium,closed,True,0.67,medium,False,Issue resolved by technician,2025-12-07T15:05:46.581713,2025-12-04T08:15:58.581713,2025-12-05T02:15:58.581713,78.83,Research Institute,6,15,0,vpn
1390,TICK-2026-00314,Can't install software,I'm trying to install Zoom but the installation fails with error: 0x1F93 This first noticed before our meeting.,software,medium,,medium,resolved,True,0.89,medium,False,Issue resolved by technician,2026-02-08T03:13:46.525597,2026-02-07T03:08:58.525597,2026-02-07T15:08:58.525597,24.08,Education Foundation,8,9,2,installation
1391,TICK-2025-00685,Can't install software,I'm trying to install Photoshop but the installation fails with error: 0x06B8 I'm working from my home office.,software,medium,medium,medium,resolved,True,0.88,medium,False,Issue resolved by technician,2025-12-25T08:33:34.561750,2025-12-21T15:11:58.561750,2025-12-21T20:11:58.561750,89.36,Healthcare Partners,5,9,0,installation
1392,TICK-2026-01514,Need to upgrade subscription,I need to upgrade my subscription from Basic to Premium. Please advise on the process and pricing.,billing,medium,medium,low,resolved,True,0.93,low,True,Issue resolved by technician,2026-02-14T10:06:46.631290,2026-02-12T21:43:58.631290,2026-02-14T18:43:58.631290,36.38,Legal Services LLP,0,2,0,subscription
1393,TICK-2026-01451,Want to cancel subscription,I'd like to cancel my subscription to premium support at the end of this billing period. This appeared last week. I'm working on an important project.,billing,low,,low,closed,True,0.93,low,False,Issue resolved by technician,2026-02-01T16:34:58.629222,2026-01-24T09:52:58.629222,2026-01-24T11:52:58.629222,198.7,Global Retail Solutions,2,3,0,subscription
1394,TICK-2026-01922,Training request,I need training on how to use HR portal. Is there documentation or videos available? This first noticed this morning. Employee ID: 17887.,other,low,,low,closed,True,0.74,low,False,Issue resolved by technician,2026-02-11T15:45:46.643547,2026-02-07T17:25:58.643547,2026-02-08T10:25:58.643547,94.33,Tech Innovations Inc.,3,2,0,inquiry
1395,TICK-2025-01145,Password not working,My password stopped working. I'm sure I'm typing it correctly but it says invalid credentials. This appeared last night.,login,high,,high,resolved,True,0.85,high,False,Issue resolved by technician,2025-05-18T23:31:10.603926,2025-05-17T21:44:58.603926,2025-05-19T05:44:58.603926,25.77,Research Institute,1,11,0,password
1396,TICK-2026-01753,Request for new feature,It would be great if the dashboard could batch delete. This would save our team a lot of time. This started during a presentation. I've already restarted 2 times.,feature_request,low,,low,resolved,True,0.76,low,False,Issue resolved by technician,2026-03-04T08:29:58.638525,2026-02-23T16:05:58.638525,2026-02-25T02:05:58.638525,208.4,Education Foundation,4,9,0,new_feature
1397,TICK-2025-01525,Update my contact information,Please update my phone number to +1-555-436-6158 in the system. This has been occurring since during a presentation. This is affecting my productivity. Employee ID: 31229.,account,high,,high,resolved,True,0.92,high,False,Issue resolved by technician,2025-12-04T01:17:46.631635,2025-12-02T17:57:58.631635,2025-12-04T07:57:58.631635,31.33,Media & Entertainment LLC,4,0,0,profile
1398,TICK-2026-00998,Slow speed when connected to VPN,"When I connect to VPN, my internet becomes extremely slow. Takes minutes to open a simple webpage. This began happening before our meeting.",network,medium,,medium,open,False,,medium,False,,,2026-02-11T02:22:58.585812,2026-02-11T10:22:58.585812,,Research Institute,6,6,1,vpn
1399,TICK-2026-00352,Outlook not syncing emails,Outlook stopped syncing new emails. It shows connected but no new messages appear even though I can see them on webmail. I'm working at our Austin location. I have a deadline today.,software,high,high,high,resolved,False,,high,False,Issue resolved by user,2026-02-22T23:03:10.534515,2026-02-21T07:31:58.534515,2026-02-22T18:31:58.534515,39.52,Global Retail Solutions,3,7,0,office
1400,TICK-2026-00579,System running slow after update,"Ever since the last Windows 11 update, my computer has been extremely slow. Applications take minutes to load. This appeared last night. This worked fine before.",software,medium,,medium,resolved,True,0.69,medium,False,Issue resolved by user,2026-02-12T04:11:34.556353,2026-02-08T01:55:58.556353,2026-02-09T15:55:58.556353,98.26,Global Retail Solutions,7,3,1,os
1401,TICK-2026-00461,Can't download files from browser,"When I try to download files in Firefox, nothing happens. The download doesn't start. I'm working at my desk in Building 1. Multiple colleagues have the same issue. Employee ID: 98078.",software,low,low,low,resolved,True,0.86,low,False,Issue resolved by technician,2026-02-06T18:03:46.547280,2026-02-04T13:04:58.547280,2026-02-06T00:04:58.547280,52.98,Consulting Associates,25,1,0,browser
1402,TICK-2025-01275,SSO login not working,"When I try to log in with my company credentials, I get an error: 'Authentication failed'. This first noticed since yesterday.",login,high,,high,resolved,True,0.69,high,False,Issue resolved by user,2025-09-13T23:15:58.619053,2025-09-12T10:48:58.619053,2025-09-13T01:48:58.619053,36.45,Research Institute,1,5,0,sso
1403,TICK-2026-00033,Blue screen errors on my computer,"I keep getting blue screen errors that force my computer to restart. It happens randomly, sometimes twice a day. The error code is different each time. This appeared last night.",hardware,high,,high,closed,True,0.66,high,False,Issue resolved by user,2026-02-08T19:45:22.505000,2026-02-07T23:21:58.505000,2026-02-08T14:21:58.505000,20.39,Tech Innovations Inc.,4,9,0,computer
1404,TICK-2026-00673,Can't install software,I'm trying to install Zoom but the installation fails with error: 0x2189 This first noticed last week.,software,medium,medium,medium,open,True,0.79,medium,False,,,2026-02-23T23:34:58.561260,2026-02-25T12:34:58.561260,,Tech Innovations Inc.,9,13,0,installation
1405,TICK-2026-01781,Bulk action needed,Please add the ability to tag multiple items at once in the reporting system. I'm working in the IT department.,feature_request,low,,low,in_progress,True,0.92,low,False,,,2026-01-17T22:35:58.639325,2026-01-18T09:35:58.639325,,Consulting Associates,3,14,0,enhancement
1406,TICK-2026-01299,Password expired,I got a message that my password has expired. I need to reset it but the link isn't working. This first noticed during a presentation. Multiple colleagues have the same issue.,login,low,,low,in_progress,True,0.75,low,False,,,2026-02-18T22:37:58.621023,2026-02-19T20:37:58.621023,,Research Institute,1,1,0,password
1407,TICK-2026-00457,Windows 11 won't boot,"After a restart, Windows won't boot. It gets stuck on the loading screen and never progresses to the login. This first noticed last week.",software,critical,,high,closed,True,0.88,high,True,Issue resolved by user,2026-02-15T04:39:58.546943,2026-02-14T06:57:58.546943,2026-02-15T07:57:58.546943,21.7,Research Institute,8,0,0,os
1408,TICK-2025-00538,Need software installed,I need QuickBooks installed on my computer for a new project. I don't have admin rights to install it myself. This first noticed before our meeting.,software,low,,low,closed,True,0.9,low,False,Issue resolved by technician,2025-10-28T06:18:10.553314,2025-10-26T20:16:58.553314,2025-10-27T10:16:58.553314,34.02,Tech Innovations Inc.,2,5,0,installation
1409,TICK-2026-01097,New employee needs account,A new team member Emily Davis started today and needs their accounts set up. Email: newuser70@company.com This first noticed since Monday. I'm working from my home office. This is affecting my productivity.,login,high,,high,closed,True,0.93,high,False,Issue resolved by technician,2026-01-08T03:53:46.599379,2026-01-06T13:03:58.599379,2026-01-07T05:03:58.599379,38.83,Financial Services Group,1,5,0,access
1410,TICK-2026-01459,Invoice not received,I haven't received my invoice for October. Can you please resend it to my email? This started since yesterday. I'm working from my home office.,billing,low,low,low,open,True,0.89,low,False,,,2026-02-26T04:16:58.629507,2026-02-27T04:16:58.629507,,Legal Services LLP,2,3,0,invoice
1411,TICK-2025-00041,Computer shuts down randomly,"My computer shuts down without warning. It happens at random times, sometimes after just 10 minutes of use. This first noticed about an hour ago.",hardware,low,low,low,resolved,True,0.74,low,False,Issue resolved by technician,2025-12-20T02:32:34.505464,2025-12-10T10:40:58.505464,2025-12-10T13:40:58.505464,231.86,Healthcare Partners,5,5,0,power
1412,TICK-2026-00526,Windows 10 won't boot,"After a restart, Windows 11 won't boot. It gets stuck on the loading screen and never progresses to the login. I'm working in the Finance department. Employee ID: 85573.",software,critical,critical,high,closed,True,0.96,high,True,Issue resolved by technician,2026-02-03T20:10:34.552390,2026-02-03T13:30:58.552390,2026-02-03T23:30:58.552390,6.66,Logistics International,1,5,0,os
1413,TICK-2025-00878,No internet connection,I'm connected to the network but have no internet access. Firefox says 'No internet' for all websites. This first noticed last week. I'm working from my home office.,network,medium,,medium,resolved,True,0.9,medium,False,Issue resolved by technician,2025-12-28T07:47:58.572207,2025-12-26T17:47:58.572207,2025-12-28T00:47:58.572207,38.0,Manufacturing Corp,7,1,0,connectivity
1414,TICK-2025-00516,Software license expired,My QuickBooks license has expired and I can no longer access the software. I need it for my daily work. I'm working at our Downtown location.,software,high,high,high,closed,True,0.9,high,False,Issue resolved by user,2025-12-01T03:29:10.551615,2025-11-30T06:00:58.551615,2025-12-01T14:00:58.551615,21.47,Media & Entertainment LLC,3,4,0,installation
1415,TICK-2025-00506,Outlook not syncing emails,Outlook stopped syncing new emails. It shows connected but no new messages appear even though I can see them on webmail.,software,high,,high,resolved,True,0.66,high,False,Issue resolved by technician,2025-07-13T10:42:10.550822,2025-07-12T02:19:58.550822,2025-07-12T04:19:58.550822,32.37,Manufacturing Corp,0,7,0,office
1416,TICK-2026-00687,Firefox not loading pages,Safari shows 'This site can't be reached' for every website I try to visit. Other browsers work fine. This appeared a few hours ago. Please prioritize this.,software,medium,,medium,closed,True,0.97,medium,False,Issue resolved by technician,2026-02-10T14:18:34.561831,2026-02-09T19:29:58.561831,2026-02-09T22:29:58.561831,18.81,Education Foundation,6,1,0,browser
1417,TICK-2025-00967,Need access to team shared drive,I've just joined the documents team and need access to the shared network drive to do my job.,network,medium,,medium,resolved,True,0.98,medium,False,Issue resolved by technician,2025-12-20T16:56:22.580524,2025-12-16T23:08:58.580524,2025-12-17T14:08:58.580524,89.79,Consulting Associates,7,6,0,lan
1418,TICK-2025-01303,Account disabled,I can't log in and the message says my account has been disabled. I don't know why this happened.,login,medium,,medium,resolved,True,0.89,medium,False,Issue resolved by user,2025-06-18T15:28:46.621295,2025-06-15T11:56:58.621295,2025-06-16T20:56:58.621295,75.53,Financial Services Group,1,8,0,account_locked
1419,TICK-2025-00639,Windows 10 won't boot,"After a restart, Windows 10 won't boot. It gets stuck on the loading screen and never progresses to the login.",software,critical,,critical,resolved,True,0.87,critical,False,Issue resolved by user,2025-09-14T15:56:22.559766,2025-09-14T09:56:58.559766,2025-09-16T06:56:58.559766,5.99,Media & Entertainment LLC,1,8,1,os
1420,TICK-2026-01665,Update my contact information,Please update my phone number to +1-555-557-7728 in the system.,account,low,,low,closed,True,0.67,low,False,Issue resolved by technician,2026-01-17T07:51:10.635900,2026-01-07T18:31:58.635900,2026-01-09T04:31:58.635900,229.32,Logistics International,17,13,0,profile
1421,TICK-2026-00742,WiFi network not appearing,I can't see the office WiFi network in my available networks list. Other people around me can see it. I'm working in the IT department. I've already restarted 5 times. Employee ID: 31263.,network,high,,high,resolved,True,0.52,high,False,Issue resolved by technician,2026-01-20T04:43:34.563738,2026-01-18T20:00:58.563738,2026-01-20T02:00:58.563738,32.71,Construction Holdings,20,4,1,wireless
1422,TICK-2026-00630,Can't save documents in Word,"When I try to save in Office, I get an error message saying the file is in use by another program. This first noticed this week.",software,medium,medium,medium,closed,False,,medium,False,Issue resolved by technician,2026-01-07T10:56:22.559298,2026-01-03T04:53:58.559298,2026-01-04T11:53:58.559298,102.04,Research Institute,1,6,0,office
1423,TICK-2026-00046,Water spilled on laptop,I accidentally spilled water on my laptop. I turned it off immediately but now it won't start. This appeared just now. Please prioritize this.,hardware,high,high,high,resolved,False,,high,False,Issue resolved by technician,2026-01-02T16:15:10.505727,2026-01-01T11:19:58.505727,2026-01-01T15:19:58.505727,28.92,Tech Innovations Inc.,13,8,0,damage
1424,TICK-2025-01858,Equipment request,I need to request a webcam for my work. What's the process? This appeared since yesterday.,other,low,,low,waiting_on_customer,True,0.77,low,False,,,2025-09-28T18:21:58.641590,2025-09-29T02:21:58.641590,,Tech Innovations Inc.,0,0,0,inquiry
1425,TICK-2025-00047,Second monitor not detected,I connected a second monitor to my laptop but macOS doesn't detect it. I've tried the display settings but only shows one monitor. This has been occurring since since yesterday.,hardware,high,high,high,resolved,True,0.79,high,False,Issue resolved by user,2025-09-04T13:31:58.505778,2025-09-03T23:52:58.505778,2025-09-04T20:52:58.505778,13.65,Legal Services LLP,4,14,0,display
1426,TICK-2025-00858,Slow speed when connected to VPN,"When I connect to VPN, my internet becomes extremely slow. Takes minutes to open a simple webpage. This began happening this morning.",network,medium,medium,medium,closed,True,0.72,medium,False,Issue resolved by technician,2025-06-07T13:31:10.570537,2025-06-02T18:26:58.570537,2025-06-04T15:26:58.570537,115.07,Media & Entertainment LLC,1,5,1,vpn
1427,TICK-2026-01621,Update my contact information,Please update my phone number to +1-555-274-4356 in the system. This first noticed a few hours ago.,account,low,,low,closed,False,,low,False,Issue resolved by technician,2026-02-18T23:43:10.634621,2026-02-12T21:29:58.634621,2026-02-13T22:29:58.634621,146.22,Tech Innovations Inc.,5,0,0,profile
1428,TICK-2025-00192,Screen flickering constantly,My monitor screen keeps flickering every few seconds. It's giving me headaches and making it impossible to work. This started since yesterday.,hardware,medium,medium,high,resolved,True,0.75,high,True,Issue resolved by technician,2025-06-12T19:06:34.515686,2025-06-11T09:02:58.515686,2025-06-13T05:02:58.515686,34.06,Legal Services LLP,1,0,1,display
1429,TICK-2026-00623,Suspicious popup messages,I keep getting popup messages even when no browser is open. They ask me to call a number for support. I tried the troubleshooting guide but it didn't help.,software,critical,critical,critical,closed,False,,critical,False,Issue resolved by technician,2026-01-03T18:45:10.558926,2026-01-03T15:40:58.558926,2026-01-05T02:40:58.558926,3.07,Media & Entertainment LLC,1,12,0,security
1430,TICK-2026-00411,Adobe Acrobat showing error on startup,"Every time I open Visual Studio, I get an error message: 'Access denied'. The application still opens but I'm worried. This began happening this morning.",software,medium,,medium,in_progress,True,0.95,medium,False,,,2026-01-20T21:05:58.542925,2026-01-22T21:05:58.542925,,Media & Entertainment LLC,1,7,0,application
1431,TICK-2026-00134,desktop making strange noise,My PC is making a loud clicking/grinding noise. It started yesterday and seems to be coming from inside the case. I'm worried about data loss. This started since yesterday. I'm working in the ground floor office. Employee ID: 91984.,hardware,high,,high,resolved,True,0.94,high,False,Issue resolved by technician,2026-02-23T13:23:22.512765,2026-02-21T19:23:58.512765,2026-02-22T13:23:58.512765,41.99,Research Institute,0,2,1,computer
1432,TICK-2026-00565,System running slow after update,"Ever since the last Windows update, my computer has been extremely slow. Applications take minutes to load. This started before our meeting.",software,medium,,critical,open,True,0.73,critical,True,,,2026-02-27T07:07:58.555419,2026-02-27T10:07:58.555419,,Media & Entertainment LLC,4,11,0,os
1433,TICK-2025-00386,Outlook not syncing emails,Outlook stopped syncing new emails. It shows connected but no new messages appear even though I can see them on webmail. This has been occurring since during a presentation. I'm working while working remotely. Employee ID: 59500.,software,high,,high,closed,True,0.84,high,False,Issue resolved by technician,2025-08-05T04:47:46.540045,2025-08-03T18:12:58.540045,2025-08-05T09:12:58.540045,34.58,Manufacturing Corp,9,2,2,office
1434,TICK-2026-00725,Can't connect to WiFi,My desktop won't connect to the office WiFi. It sees the network but when I try to connect it says 'Can't connect to this network'. This has been occurring since after lunch. I'm working while working remotely.,network,high,,low,closed,True,0.72,low,True,Issue resolved by user,2026-01-16T13:05:22.563203,2026-01-14T18:29:58.563203,2026-01-16T15:29:58.563203,42.59,Legal Services LLP,2,12,0,wireless
1435,TICK-2026-00061,My workstation won't turn on,I tried to power on my PC this morning but nothing happens. The power light doesn't come on and there's no response when I press the power button. I've checked the power cable and it seems connected properly. This began happening earlier today.,hardware,high,high,high,waiting_on_customer,True,0.83,high,False,,,2026-02-16T22:15:58.506509,2026-02-17T02:15:58.506509,,Construction Holdings,8,9,0,computer
1436,TICK-2026-00955,Video calls have poor quality,My video calls have terrible quality with constant freezing and audio delay. My internet speed seems fine. This appeared last night.,network,medium,,medium,closed,True,0.79,medium,False,Issue resolved by user,2026-02-16T16:15:22.579187,2026-02-15T05:36:58.579187,2026-02-15T12:36:58.579187,34.64,Construction Holdings,5,9,0,performance
1437,TICK-2026-00586,Computer infected with virus,"I think my computer has a virus. It's running slow, showing popups, and my homepage changed without my doing. Employee ID: 18346.",software,critical,,critical,resolved,True,0.81,critical,False,Issue resolved by technician,2026-02-24T03:15:10.556800,2026-02-23T11:07:58.556800,2026-02-25T03:07:58.556800,16.12,Media & Entertainment LLC,5,8,0,security
1438,TICK-2026-01407,Incorrect charge on invoice,My invoice shows a charge of $281.72 that I don't recognize. Please explain this charge. This appeared just now. I'm working in the Engineering department.,billing,medium,medium,medium,in_progress,True,0.83,medium,False,,,2026-02-20T05:40:58.627413,2026-02-20T21:40:58.627413,,Consulting Associates,1,12,1,invoice
1439,TICK-2025-00597,Teams calls dropping frequently,My Microsoft Teams calls keep dropping after a few minutes. The audio cuts out and then I get disconnected. This has been occurring since this morning.,software,medium,medium,medium,closed,True,0.76,medium,False,Issue resolved by technician,2025-12-23T01:34:58.557470,2025-12-21T11:55:58.557470,2025-12-23T06:55:58.557470,37.65,Media & Entertainment LLC,3,10,0,office
1440,TICK-2025-00336,Browser extremely slow,My Chrome has become very slow. Pages take 30+ seconds to load and tabs crash frequently. This appeared a few hours ago.,software,low,,low,closed,True,0.73,low,False,Issue resolved by user,2025-11-18T14:38:34.532080,2025-11-12T15:37:58.532080,2025-11-13T11:37:58.532080,143.01,Media & Entertainment LLC,3,8,0,browser
1441,TICK-2026-00849,Slow speed when connected to VPN,"When I connect to VPN, my internet becomes extremely slow. Takes minutes to open a simple webpage. This worked fine before.",network,medium,,medium,closed,True,0.51,medium,False,Issue resolved by technician,2026-02-21T13:18:22.569778,2026-02-16T19:48:58.569778,2026-02-17T14:48:58.569778,113.49,Global Retail Solutions,1,1,0,vpn
1442,TICK-2025-00525,Can't install software,I'm trying to install QuickBooks but the installation fails with error: 0x0FA5 This started last week.,software,medium,medium,medium,closed,True,0.8,medium,False,Issue resolved by technician,2025-09-29T01:11:58.552308,2025-09-27T10:59:58.552308,2025-09-28T12:59:58.552308,38.2,Healthcare Partners,0,9,1,installation
1443,TICK-2025-01844,Office supplies needed,My team needs printer paper. How do I order them? This first noticed this morning. Employee ID: 30118.,other,high,high,high,in_progress,True,0.96,high,False,,,2025-10-27T16:31:58.641181,2025-10-28T23:31:58.641181,,Education Foundation,7,10,0,inquiry
1444,TICK-2026-00641,Teams calls dropping frequently,My Microsoft Teams calls keep dropping after a few minutes. The audio cuts out and then I get disconnected. I have a deadline in 2 days. Employee ID: 38391.,software,high,high,high,closed,True,0.91,high,False,Issue resolved by user,2026-01-25T04:03:10.559872,2026-01-24T09:52:58.559872,2026-01-25T07:52:58.559872,18.17,Education Foundation,3,14,2,office
1445,TICK-2026-01109,New employee needs account,A new team member Robert Wilson started today and needs their accounts set up. Email: newuser97@company.com This began happening yesterday.,login,high,high,high,closed,True,0.98,high,False,Issue resolved by user,2026-02-10T06:22:58.600666,2026-02-08T23:43:58.600666,2026-02-09T01:43:58.600666,30.65,Logistics International,2,4,0,access
1446,TICK-2025-00071,Monitor not displaying image,My monitor shows 'No Signal' even though my computer is on. I've tried different cables but the same issue occurs. This began happening this week. I'm working in the Marketing department.,hardware,medium,medium,medium,closed,True,0.66,medium,False,Issue resolved by technician,2025-11-18T18:11:34.507478,2025-11-16T06:16:58.507478,2025-11-17T00:16:58.507478,59.91,Consulting Associates,8,13,0,display
1447,TICK-2026-01913,Equipment request,I need to request a headset for my work. What's the process? This started last week.,other,medium,,high,closed,True,0.76,high,True,Issue resolved by user,2026-01-03T17:22:58.643280,2026-01-02T08:52:58.643280,2026-01-03T04:52:58.643280,32.5,Legal Services LLP,4,9,0,inquiry
1448,TICK-2025-01837,How do I change settings?,I'm not sure how to export data in the system. Could you provide instructions? This has been occurring since after lunch. This worked fine before.,other,low,,low,closed,True,0.82,low,False,Issue resolved by technician,2025-12-12T18:34:34.640983,2025-12-03T12:09:58.640983,2025-12-04T06:09:58.640983,222.41,Consulting Associates,17,10,0,inquiry
1449,TICK-2025-01594,Need additional permissions,I need edit permissions for the HR system to do my job. Currently I only have view access. I'm working in meeting room 387.,account,medium,,medium,closed,True,0.96,medium,False,Issue resolved by user,2025-12-28T10:12:34.633824,2025-12-25T09:59:58.633824,2025-12-26T03:59:58.633824,72.21,Construction Holdings,2,4,0,permissions
1450,TICK-2026-00091,Cracked laptop screen,I accidentally dropped my laptop and now the screen is cracked. There are lines across the display and part of it is black. This first noticed earlier today. I have a deadline end of week.,hardware,low,,low,closed,True,0.93,low,False,Issue resolved by technician,2026-01-30T04:34:34.509172,2026-01-26T09:39:58.509172,2026-01-27T02:39:58.509172,90.91,Financial Services Group,1,6,0,display
1451,TICK-2025-01101,Can't change my password,I'm trying to update my password as required but the system says my new password doesn't meet requirements.,login,medium,,medium,resolved,False,,medium,False,Issue resolved by technician,2026-01-03T11:33:46.599706,2025-12-29T15:10:58.599706,2025-12-29T23:10:58.599706,116.38,Tech Innovations Inc.,0,11,2,password
1452,TICK-2026-01333,Need access to project management system,I've been told I need access to SharePoint for my new role. Please grant me the necessary permissions. This started during a presentation. I'm working in meeting room 546. I've already restarted 2 times.,login,low,low,low,resolved,True,0.69,low,False,Issue resolved by technician,2026-02-24T22:03:22.623358,2026-02-15T16:15:58.623358,2026-02-17T02:15:58.623358,221.79,Education Foundation,4,12,0,access
1453,TICK-2025-01274,Being redirected to wrong login,"When I try to access HR portal, it redirects me to the wrong login page. This worked fine before.",login,medium,medium,medium,waiting_on_customer,True,0.83,medium,False,,,2025-11-24T11:01:58.618965,2025-11-25T14:01:58.618965,,Financial Services Group,0,4,0,sso
1454,TICK-2026-00067,Dropped external hard drive,I dropped my external hard drive and now my computer doesn't recognize it when I plug it in. This first noticed last night. I'm working in the 4th floor office.,hardware,high,high,high,closed,True,0.57,high,False,Issue resolved by user,2026-02-24T18:46:10.507128,2026-02-23T17:53:58.507128,2026-02-25T03:53:58.507128,24.87,Consulting Associates,2,5,0,damage
1455,TICK-2026-00523,Office crashes when opening files,Word crashes every time I try to open a specific file. I've tried repairing Office but the issue continues. This has been occurring since just now. This worked fine before.,software,high,,high,resolved,False,,high,False,Issue resolved by technician,2026-02-05T10:07:58.552145,2026-02-05T04:07:58.552145,2026-02-07T00:07:58.552145,6.0,Tech Innovations Inc.,8,11,1,office
1456,TICK-2026-00330,Computer infected with virus,"I think my computer has a virus. It's running slow, showing popups, and my homepage changed without my doing. This has been occurring since last night.",software,critical,critical,critical,closed,True,0.94,critical,False,Issue resolved by user,2026-01-12T22:18:22.531270,2026-01-12T09:33:58.531270,2026-01-13T00:33:58.531270,12.74,Legal Services LLP,0,12,0,security
1457,TICK-2025-00811,WiFi keeps disconnecting,My WiFi connection drops every few minutes. I have to turn WiFi off and on to reconnect temporarily. I'm working at our Austin location.,network,medium,medium,medium,resolved,True,0.76,medium,False,Issue resolved by technician,2025-12-09T18:19:10.565790,2025-12-08T12:50:58.565790,2025-12-08T23:50:58.565790,29.47,Construction Holdings,19,14,0,wireless
1458,TICK-2025-00797,Request access to public share,I need access to the public share folder. I am an intern and I am in training. This first noticed before our meeting.,network,low,,low,resolved,True,0.67,low,False,Issue resolved by technician,2025-11-24T09:40:10.565370,2025-11-21T02:41:58.565370,2025-11-21T07:41:58.565370,78.97,Global Retail Solutions,0,6,0,lan
1459,TICK-2025-00912,Shared folder permission request,Can you please grant me read access to the shared shared folder? My manager has approved this request. This appeared about an hour ago. Employee ID: 43441.,network,low,,low,resolved,True,0.79,low,False,Issue resolved by technician,2025-12-20T11:24:10.574865,2025-12-16T20:55:58.574865,2025-12-17T00:55:58.574865,86.47,Construction Holdings,0,2,0,lan
1460,TICK-2026-01204,New employee needs account,A new team member John Smith started today and needs their accounts set up. Email: newuser8@company.com I'm working at our Chicago location. I tried the troubleshooting guide but it didn't help.,login,high,,medium,resolved,True,0.69,medium,True,Issue resolved by technician,2026-02-13T05:59:46.609379,2026-02-11T11:39:58.609379,2026-02-12T20:39:58.609379,42.33,Research Institute,0,10,0,access
1461,TICK-2026-00114,Monitor not displaying image,My monitor shows 'No Signal' even though my computer is on. I've tried different cables but the same issue occurs. This appeared last week. I'm working in the 2nd floor office. Please prioritize this.,hardware,medium,medium,medium,closed,True,0.82,medium,False,Issue resolved by user,2026-02-01T22:55:34.511621,2026-01-30T03:36:58.511621,2026-01-31T15:36:58.511621,67.31,Financial Services Group,15,8,0,display
1462,TICK-2026-01290,Password not working,My password stopped working. I'm sure I'm typing it correctly but it says invalid credentials.,login,high,,high,closed,True,0.93,high,False,Issue resolved by technician,2026-01-30T22:43:10.620271,2026-01-29T20:50:58.620271,2026-01-30T13:50:58.620271,25.87,Global Retail Solutions,3,14,0,password
1463,TICK-2025-01078,Password not working,My password stopped working. I'm sure I'm typing it correctly but it says invalid credentials. This started this week. Employee ID: 68833.,login,low,,low,resolved,True,0.71,low,False,Issue resolved by user,2025-12-12T13:35:34.597516,2025-12-08T21:25:58.597516,2025-12-09T19:25:58.597516,88.16,Tech Innovations Inc.,2,3,0,password
1464,TICK-2026-00681,Outlook not syncing emails,Outlook stopped syncing new emails. It shows connected but no new messages appear even though I can see them on webmail. This started about an hour ago.,software,medium,medium,medium,closed,False,,medium,False,Issue resolved by technician,2026-02-06T11:40:10.561584,2026-02-05T01:59:58.561584,2026-02-06T06:59:58.561584,33.67,Consulting Associates,0,3,0,office
1465,TICK-2025-01043,Slow WiFi speed,My WiFi speed is extremely slow. Speedtest shows 8 Mbps download when it should be much faster. This first noticed since Monday. I'm working in the ground floor office.,network,medium,,medium,open,True,0.85,medium,False,,,2025-12-24T23:18:58.592127,2025-12-26T13:18:58.592127,,Logistics International,0,5,0,wireless
1466,TICK-2026-00266,Screen flickering constantly,My screen screen keeps flickering every few seconds. It's giving me headaches and making it impossible to work. This has been occurring since last week. This is affecting my productivity.,hardware,medium,,medium,resolved,True,0.97,medium,False,Issue resolved by technician,2026-01-27T12:12:58.521540,2026-01-25T21:48:58.521540,2026-01-26T03:48:58.521540,38.4,Logistics International,2,12,0,display
1467,TICK-2026-01200,Forgot my password,I forgot my password and can't log in. I've tried the reset option but haven't received the email. This has been occurring since earlier today. I'm working at my desk in Building A.,login,medium,,medium,resolved,True,0.86,medium,False,Issue resolved by technician,2026-02-12T02:02:10.609007,2026-02-08T19:12:58.609007,2026-02-10T10:12:58.609007,78.82,Construction Holdings,0,1,0,password
1468,TICK-2025-01807,Equipment request,I need to request a webcam for my work. What's the process? This started yesterday.,other,low,low,low,closed,True,0.67,low,False,Issue resolved by technician,2025-12-15T01:23:10.640096,2025-12-12T07:09:58.640096,2025-12-13T11:09:58.640096,66.22,Logistics International,11,8,0,inquiry
1469,TICK-2026-00715,Need access to team shared drive,I've just joined the documents team and need access to the shared network drive to do my job. Employee ID: 78251.,network,low,,low,resolved,True,0.68,low,False,Issue resolved by technician,2026-02-19T06:25:34.562862,2026-02-09T14:00:58.562862,2026-02-10T15:00:58.562862,232.41,Media & Entertainment LLC,1,5,0,lan
1470,TICK-2025-00571,Antivirus blocking application,My antivirus is blocking Adobe Acrobat from running. I've tried adding an exception but it still blocks it. This appeared last night. Multiple colleagues have the same issue.,software,medium,,critical,resolved,True,0.75,critical,True,Issue resolved by technician,2025-09-22T16:55:22.555809,2025-09-19T04:43:58.555809,2025-09-21T01:43:58.555809,84.19,Research Institute,15,4,2,security
1471,TICK-2025-00621,Need software installed,I need Photoshop installed on my computer for a new project. I don't have admin rights to install it myself. This first noticed during a presentation.,software,low,low,low,in_progress,True,0.83,low,False,,,2025-07-25T02:26:58.558828,2025-07-26T08:26:58.558828,,Manufacturing Corp,3,15,3,installation
1472,TICK-2025-01550,Can't change my profile settings,"When I try to update my profile information, the save button doesn't work. This has been occurring since this week. I'm working in the IT department. I've already restarted 3 times.",account,medium,medium,medium,closed,True,0.76,medium,False,Issue resolved by technician,2025-11-13T07:23:34.632501,2025-11-12T06:28:58.632501,2025-11-14T05:28:58.632501,24.91,Manufacturing Corp,48,9,0,settings
1473,TICK-2026-01292,MFA code not working,The code from my authenticator app isn't being accepted. I've tried multiple times with fresh codes. This appeared after lunch. I'm working at my desk in Building 3. Employee ID: 34630.,login,high,high,high,resolved,False,,high,False,Issue resolved by user,2026-02-15T04:16:10.620440,2026-02-14T06:32:58.620440,2026-02-14T23:32:58.620440,21.72,Education Foundation,5,2,1,mfa
1474,TICK-2026-00222,Computer shuts down randomly,"My computer shuts down without warning. It happens at random times, sometimes after just 10 minutes of use. This first noticed yesterday.",hardware,high,,high,resolved,True,0.81,high,False,Issue resolved by technician,2026-02-14T02:15:58.517419,2026-02-13T20:36:58.517419,2026-02-13T20:36:58.517419,5.65,Healthcare Partners,0,9,0,power
1475,TICK-2026-00087,Printer not printing,"When I try to print, the job gets stuck in the queue. The printer shows as online but nothing comes out. This started this morning.",hardware,medium,,critical,closed,True,0.93,critical,True,Issue resolved by technician,2026-02-07T05:47:22.508848,2026-02-03T00:32:58.508848,2026-02-03T03:32:58.508848,101.24,Logistics International,7,1,0,printer
1476,TICK-2025-01118,Being redirected to wrong login,"When I try to access email, it redirects me to the wrong login page. This first noticed since yesterday. I'm working in the 4th floor office.",login,low,,low,resolved,True,0.79,low,False,Issue resolved by technician,2025-12-17T03:33:10.601570,2025-12-08T09:34:58.601570,2025-12-09T23:34:58.601570,209.97,Healthcare Partners,4,11,3,sso
1477,TICK-2025-01512,Need to update payment method,I need to update my credit card on file as it's expiring soon. How do I do this? This began happening about an hour ago. I'm working from my home office.,billing,medium,,medium,resolved,True,0.81,medium,False,Issue resolved by technician,2025-12-15T19:16:46.631231,2025-12-12T02:53:58.631231,2025-12-14T02:53:58.631231,88.38,Education Foundation,3,5,0,payment
1478,TICK-2025-00667,Computer infected with virus,"I think my computer has a virus. It's running slow, showing popups, and my homepage changed without my doing. I'm working in the 5th floor office.",software,critical,,critical,resolved,True,0.52,critical,False,Issue resolved by technician,2025-12-13T16:17:34.561013,2025-12-13T05:07:58.561013,2025-12-13T07:07:58.561013,11.16,Tech Innovations Inc.,0,6,0,security
1479,TICK-2026-01638,Need to update my email address,I recently got married and need to change my email address from john@oldcompany.com to mike@newcompany.com. This started yesterday afternoon. I'm working in meeting room 685.,account,low,,high,in_progress,True,0.69,high,True,,,2026-02-12T05:21:58.635117,2026-02-14T03:21:58.635117,,Healthcare Partners,0,4,0,profile
1480,TICK-2025-00259,Cracked laptop screen,I accidentally dropped my laptop and now the screen is cracked. There are lines across the display and part of it is black. This appeared earlier today.,hardware,low,low,low,closed,False,,low,False,Issue resolved by technician,2025-11-27T22:19:10.520887,2025-11-26T05:35:58.520887,2025-11-27T03:35:58.520887,40.72,Research Institute,9,2,0,display
1481,TICK-2026-00898,Cannot access network share,I'm unable to access the \\team network share. I get 'Access is denied' when I try to open it. This began happening since yesterday. Employee ID: 46172.,network,high,,high,closed,True,0.81,high,False,Issue resolved by technician,2026-01-30T19:00:34.573758,2026-01-30T14:47:58.573758,2026-02-01T08:47:58.573758,4.21,Global Retail Solutions,4,3,0,lan
1482,TICK-2025-01242,Account locked out,My account is locked after too many login attempts. I was trying different passwords I thought might be correct. This began happening during a presentation. I'm working in the IT department.,login,high,,high,closed,False,,high,False,Issue resolved by technician,2025-08-06T23:11:46.615118,2025-08-06T05:39:58.615118,2025-08-08T00:39:58.615118,17.53,Logistics International,7,1,1,account_locked
1483,TICK-2026-01191,Password expired,I got a message that my password has expired. I need to reset it but the link isn't working. This first noticed yesterday afternoon. I'm working in the 4th floor office. Employee ID: 19658.,login,medium,medium,medium,resolved,True,0.93,medium,False,Issue resolved by technician,2026-01-16T21:57:58.607941,2026-01-15T00:33:58.607941,2026-01-16T17:33:58.607941,45.4,Research Institute,1,11,0,password
1484,TICK-2026-00774,Video calls have poor quality,My video calls have terrible quality with constant freezing and audio delay. My internet speed seems fine. This has been occurring since a few hours ago.,network,low,,low,resolved,True,0.65,low,False,Issue resolved by technician,2026-02-02T00:56:22.564693,2026-01-30T09:50:58.564693,2026-01-31T19:50:58.564693,63.09,Consulting Associates,11,9,2,performance
1485,TICK-2026-01003,No internet connection,I'm connected to the network but have no internet access. Firefox says 'No internet' for all websites.,network,critical,,critical,closed,False,,critical,False,Issue resolved by technician,2026-02-01T12:44:22.586218,2026-02-01T09:08:58.586218,2026-02-03T01:08:58.586218,3.59,Education Foundation,9,7,0,connectivity
1486,TICK-2026-01758,Improvement suggestion,The current project management tool workflow is cumbersome. Could you add the ability to custom notifications? I have a deadline today.,feature_request,low,low,low,resolved,False,,low,False,Issue resolved by technician,2026-02-08T04:25:22.638670,2026-02-03T06:10:58.638670,2026-02-04T18:10:58.638670,118.24,Media & Entertainment LLC,0,14,0,enhancement
1487,TICK-2026-01047,Network drive not accessible,I can't access the shared network drive \\server\documents. It says the path doesn't exist. This started just now. Employee ID: 18007.,network,high,high,high,closed,True,0.78,high,False,Issue resolved by technician,2026-02-08T09:27:34.592819,2026-02-08T01:11:58.592819,2026-02-08T18:11:58.592819,8.26,Legal Services LLP,0,15,0,lan
1488,TICK-2026-01208,Password not working,My password stopped working. I'm sure I'm typing it correctly but it says invalid credentials. This appeared last week. I'm working at our Houston location.,login,high,,high,closed,True,0.7,high,False,Issue resolved by technician,2026-02-17T13:50:34.609697,2026-02-16T20:01:58.609697,2026-02-17T17:01:58.609697,17.81,Media & Entertainment LLC,1,7,0,password
1489,TICK-2026-00287,Keyboard not working,My USB keyboard stopped working suddenly. Some keys don't respond at all while others type random characters. This has been occurring since last week. I'm working at my desk in Building A. Employee ID: 16600.,hardware,high,,medium,closed,True,0.87,medium,True,Issue resolved by user,2026-01-22T03:37:34.523351,2026-01-21T22:24:58.523351,2026-01-23T11:24:58.523351,5.21,Legal Services LLP,3,2,0,peripheral
1490,TICK-2025-01304,Can't change my password,I'm trying to update my password as required but the system says my new password doesn't meet requirements. This appeared this morning.,login,low,low,low,resolved,True,0.76,low,False,Issue resolved by technician,2025-09-09T12:15:22.621367,2025-09-06T20:39:58.621367,2025-09-06T21:39:58.621367,63.59,Logistics International,11,7,0,password
1491,TICK-2025-00227,Screen flickering constantly,My monitor screen keeps flickering every few seconds. It's giving me headaches and making it impossible to work. I'm working in meeting room 698. I tried the troubleshooting guide but it didn't help.,hardware,medium,,medium,resolved,True,0.54,medium,False,Issue resolved by user,2025-08-28T19:52:10.517855,2025-08-25T14:56:58.517855,2025-08-26T20:56:58.517855,76.92,Media & Entertainment LLC,3,2,0,display
1492,TICK-2025-01149,SSO login not working,"When I try to log in with my company credentials, I get an error: 'Authentication failed'. This appeared this morning. I'm working at my desk in Building 2. Asset tag: IT-6841-A. Employee ID: 32284.",login,medium,,medium,closed,True,0.62,medium,False,Issue resolved by technician,2025-12-24T17:14:46.604256,2025-12-22T16:45:58.604256,2025-12-24T16:45:58.604256,48.48,Manufacturing Corp,0,8,0,sso
1493,TICK-2025-01427,Want to cancel subscription,I'd like to cancel my subscription to cloud storage at the end of this billing period. This first noticed this morning.,billing,low,,low,resolved,False,,low,False,Issue resolved by technician,2025-12-20T21:12:46.628257,2025-12-11T14:04:58.628257,2025-12-11T14:04:58.628257,223.13,Manufacturing Corp,4,14,2,subscription
1494,TICK-2026-00995,Shared folder permission request,Can you please grant me read access to the projects shared folder? My manager has approved this request. I'm working on an important project.,network,low,,low,resolved,True,0.97,low,False,Issue resolved by technician,2026-01-26T03:18:10.584275,2026-01-18T00:13:58.584275,2026-01-18T06:13:58.584275,195.07,Media & Entertainment LLC,3,12,0,lan
1495,TICK-2026-01377,Incorrect charge on invoice,My invoice shows a charge of $344.56 that I don't recognize. Please explain this charge. This appeared just now. I'm working in the IT department.,billing,medium,,medium,waiting_on_customer,True,0.86,medium,False,,,2026-01-10T07:18:58.625883,2026-01-10T22:18:58.625883,,Tech Innovations Inc.,1,1,0,invoice
1496,TICK-2026-00494,macOS won't boot,"After a restart, Windows won't boot. It gets stuck on the loading screen and never progresses to the login. This has been occurring since this morning. I'm working from my home office. I have a deadline end of week.",software,low,,low,resolved,True,0.87,low,False,Issue resolved by technician,2026-01-04T19:18:58.549915,2026-01-01T19:00:58.549915,2026-01-03T12:00:58.549915,72.3,Global Retail Solutions,4,11,0,os
1497,TICK-2026-01967,Training request,I need training on how to use project management tool. Is there documentation or videos available? I'm working in the IT department.,other,low,,low,waiting_on_customer,True,0.79,low,False,,,2026-02-23T13:29:58.644841,2026-02-25T13:29:58.644841,,Consulting Associates,0,9,0,inquiry
1498,TICK-2025-01816,Feedback on service,I wanted to provide feedback on my recent support experience. The issue was resolved but took longer than expected. This started during a presentation. I'm working at our Austin location.,other,low,,low,resolved,True,0.84,low,False,Issue resolved by user,2025-12-15T18:25:46.640369,2025-12-13T22:50:58.640369,2025-12-14T11:50:58.640369,43.58,Media & Entertainment LLC,1,2,0,feedback
1499,TICK-2026-00085,Keyboard not working,My keyboard stopped working suddenly. Some keys don't respond at all while others type random characters. This first noticed after lunch. Please prioritize this.,hardware,medium,,critical,closed,True,0.68,critical,True,Issue resolved by user,2026-01-22T17:09:58.508684,2026-01-19T15:30:58.508684,2026-01-20T00:30:58.508684,73.65,Logistics International,2,11,0,peripheral
1500,TICK-2025-00248,Dropped external hard drive,I dropped my external hard drive and now my computer doesn't recognize it when I plug it in. This appeared since Monday.,hardware,high,,high,closed,True,0.56,high,False,Issue resolved by technician,2025-12-09T05:59:58.519763,2025-12-08T11:29:58.519763,2025-12-08T17:29:58.519763,18.5,Consulting Associates,0,8,0,damage
1501,TICK-2026-01394,Need to upgrade subscription,I need to upgrade my subscription from Basic to Premium. Please advise on the process and pricing. Employee ID: 83937.,billing,medium,,medium,resolved,True,0.68,medium,False,Issue resolved by technician,2026-02-03T01:14:22.626764,2026-01-30T20:35:58.626764,2026-01-31T23:35:58.626764,76.64,Research Institute,12,11,0,subscription
1502,TICK-2025-00529,Application freezing randomly,Photoshop freezes randomly during use. I have to force close it and lose my unsaved work. This first noticed after lunch. I'm working on an important project.,software,medium,,medium,in_progress,True,0.66,medium,False,,,2025-11-22T22:01:58.552633,2025-11-23T19:01:58.552633,,Education Foundation,0,4,0,application
1503,TICK-2025-00781,Can't connect to WiFi,My computer won't connect to the office WiFi. It sees the network but when I try to connect it says 'Can't connect to this network'. I tried the troubleshooting guide but it didn't help.,network,high,,medium,closed,True,0.89,medium,True,Issue resolved by user,2025-12-29T01:12:10.564899,2025-12-28T20:28:58.564899,2025-12-28T20:28:58.564899,4.72,Construction Holdings,4,13,0,wireless
1504,TICK-2025-01671,Request account deletion,Please delete my account and all associated data as per GDPR requirements. This appeared this week.,account,high,high,high,closed,True,0.98,high,False,Issue resolved by technician,2025-12-17T03:06:34.636070,2025-12-15T17:08:58.636070,2025-12-16T13:08:58.636070,33.96,Manufacturing Corp,9,2,0,deletion
1505,TICK-2026-01474,Payment failed,I received a notice that my payment failed. My card is valid so I'm not sure why. This first noticed during a presentation. I'm working in the IT department. Employee ID: 81564.,billing,low,,low,closed,True,0.89,low,False,Issue resolved by technician,2026-02-04T16:12:22.630028,2026-02-01T19:03:58.630028,2026-02-03T03:03:58.630028,69.14,Manufacturing Corp,13,10,0,payment
1506,TICK-2026-00726,VPN connection drops frequently,My VPN connection drops every 15-20 minutes. I have to reconnect which interrupts my work. This first noticed earlier today. I'm working at my desk in Building 2.,network,medium,,medium,resolved,True,0.97,medium,False,Issue resolved by technician,2026-01-10T05:49:34.563237,2026-01-08T02:09:58.563237,2026-01-09T13:09:58.563237,51.66,Research Institute,2,11,0,vpn
1507,TICK-2025-01325,Being redirected to wrong login,"When I try to access finance system, it redirects me to the wrong login page. This started since Monday. I tried the troubleshooting guide but it didn't help.",login,low,low,low,closed,True,0.67,low,False,Issue resolved by technician,2025-11-17T12:57:58.622860,2025-11-10T16:39:58.622860,2025-11-11T01:39:58.622860,164.3,Logistics International,0,6,0,sso
1508,TICK-2026-01462,Want to cancel subscription,I'd like to cancel my subscription to premium support at the end of this billing period. This appeared since Monday. Employee ID: 57457.,billing,low,low,low,resolved,True,0.58,low,False,Issue resolved by user,2026-01-27T13:08:58.629618,2026-01-22T07:02:58.629618,2026-01-24T05:02:58.629618,126.1,Logistics International,11,10,0,subscription
1509,TICK-2026-01098,Password not working,My password stopped working. I'm sure I'm typing it correctly but it says invalid credentials. This started about an hour ago. I'm working at my desk in Building 1.,login,high,,high,resolved,True,0.87,high,False,Issue resolved by user,2026-01-27T20:27:10.599462,2026-01-26T00:58:58.599462,2026-01-26T14:58:58.599462,43.47,Tech Innovations Inc.,5,9,0,password
1510,TICK-2025-01718,Mobile app feature request,Could you add keyboard shortcuts to the mobile app? It's available on desktop but not mobile.,feature_request,low,,low,closed,True,0.89,low,False,Issue resolved by technician,2026-01-08T10:30:10.637484,2025-12-31T23:43:58.637484,2026-01-02T13:43:58.637484,178.77,Media & Entertainment LLC,2,14,1,enhancement
1511,TICK-2026-01777,Dashboard customization,I'd like to be able to customize my dashboard to show custom notifications. I'm working from my home office.,feature_request,low,low,low,resolved,False,,low,False,Issue resolved by technician,2026-02-26T10:14:10.639211,2026-02-22T21:15:58.639211,2026-02-24T03:15:58.639211,84.97,Legal Services LLP,2,2,0,new_feature
1512,TICK-2026-00567,Antivirus blocking application,My antivirus is blocking Adobe Acrobat from running. I've tried adding an exception but it still blocks it. This appeared yesterday. This worked fine before.,software,medium,,medium,resolved,True,0.97,medium,False,Issue resolved by technician,2026-02-07T05:55:22.555552,2026-02-05T08:22:58.555552,2026-02-05T20:22:58.555552,45.54,Global Retail Solutions,5,11,0,security
1513,TICK-2025-01792,Dashboard customization,I'd like to be able to customize my dashboard to show keyboard shortcuts. This appeared about an hour ago. I'm working in meeting room 391. I have a deadline tomorrow.,feature_request,low,,low,closed,True,0.89,low,False,Issue resolved by technician,2025-12-11T04:39:10.639647,2025-12-08T18:43:58.639647,2025-12-10T08:43:58.639647,57.92,Healthcare Partners,1,3,1,new_feature
1514,TICK-2026-01240,Password expired,I got a message that my password has expired. I need to reset it but the link isn't working. This began happening after lunch. Multiple colleagues have the same issue.,login,high,,high,closed,True,0.94,high,False,Issue resolved by technician,2026-02-17T14:35:22.614856,2026-02-16T23:41:58.614856,2026-02-18T18:41:58.614856,14.89,Manufacturing Corp,3,11,0,password
1515,TICK-2026-00589,System running slow after update,"Ever since the last Windows 10 update, my computer has been extremely slow. Applications take minutes to load. I have a deadline today.",software,medium,,medium,resolved,True,0.68,medium,False,Issue resolved by user,2026-02-13T07:26:22.556981,2026-02-11T23:29:58.556981,2026-02-12T07:29:58.556981,31.94,Logistics International,2,12,0,os
1516,TICK-2026-01213,Account locked out,My account is locked after too many login attempts. I was trying different passwords I thought might be correct. This has been occurring since since Monday.,login,high,high,high,in_progress,True,0.82,high,False,,,2026-02-21T14:50:58.610396,2026-02-22T11:50:58.610396,,Construction Holdings,1,7,0,account_locked
1517,TICK-2026-01649,Need to update my email address,I recently got married and need to change my email address from mike@oldcompany.com to mike@newcompany.com.,account,low,,high,resolved,True,0.72,high,True,Issue resolved by technician,2026-02-23T07:27:10.635433,2026-02-18T21:31:58.635433,2026-02-20T08:31:58.635433,105.92,Global Retail Solutions,16,3,0,profile
1518,TICK-2026-00947,New hire needs network share access,I started this week and need to be granted access to the shared folders on the network as part of onboarding. This first noticed last week. Employee ID: 29218.,network,low,,low,closed,True,0.79,low,False,Issue resolved by technician,2026-02-16T21:17:22.578219,2026-02-10T13:20:58.578219,2026-02-11T06:20:58.578219,151.94,Consulting Associates,0,4,1,lan
1519,TICK-2026-01294,Account locked out,My account is locked after too many login attempts. I was trying different passwords I thought might be correct. I'm working at my desk in Building C. Multiple colleagues have the same issue. Employee ID: 50493.,login,medium,,medium,resolved,True,0.66,medium,False,Issue resolved by technician,2026-02-26T12:56:46.620612,2026-02-22T02:39:58.620612,2026-02-23T06:39:58.620612,106.28,Tech Innovations Inc.,1,13,0,account_locked
1520,TICK-2025-01552,Update my contact information,Please update my phone number to +1-555-324-6170 in the system. This first noticed this morning. Please prioritize this.,account,low,low,low,closed,True,0.96,low,False,Issue resolved by technician,2025-11-21T06:09:34.632560,2025-11-14T21:05:58.632560,2025-11-16T06:05:58.632560,153.06,Consulting Associates,9,5,0,profile
1521,TICK-2026-00004,Dropped external hard drive,I dropped my external hard drive and now my computer doesn't recognize it when I plug it in. This started yesterday. Employee ID: 14722.,hardware,medium,medium,medium,resolved,True,0.88,medium,False,Issue resolved by user,2026-02-22T02:14:22.503140,2026-02-18T13:50:58.503140,2026-02-18T23:50:58.503140,84.39,Research Institute,18,5,1,damage
1522,TICK-2026-01467,Want to cancel subscription,I'd like to cancel my subscription to premium support at the end of this billing period. This began happening last night.,billing,low,,low,closed,True,0.97,low,False,Issue resolved by technician,2026-01-17T02:04:58.629794,2026-01-07T12:46:58.629794,2026-01-08T19:46:58.629794,229.3,Education Foundation,4,5,2,subscription
1523,TICK-2026-01517,Payment failed,I received a notice that my payment failed. My card is valid so I'm not sure why. This has been occurring since this morning.,billing,high,,medium,resolved,False,,medium,True,Issue resolved by user,2026-01-19T05:19:22.631382,2026-01-18T14:07:58.631382,2026-01-19T22:07:58.631382,15.19,Legal Services LLP,3,14,0,payment
1524,TICK-2026-01413,Charged twice this month,I was charged twice for my premium support subscription this month. Please refund the duplicate charge. This first noticed yesterday afternoon. I'm working at our Dallas location. I have a deadline tomorrow.,billing,high,high,high,closed,True,0.94,high,False,Issue resolved by technician,2026-01-14T06:57:34.627672,2026-01-13T00:05:58.627672,2026-01-14T01:05:58.627672,30.86,Healthcare Partners,6,2,0,dispute
1525,TICK-2026-01086,Access removed incorrectly,My access to CRM was removed but I still need it for my work. This might have been done in error. This appeared last week.,login,high,,high,closed,True,0.74,high,False,Issue resolved by technician,2026-02-11T18:51:58.598382,2026-02-11T05:09:58.598382,2026-02-11T18:09:58.598382,13.7,Media & Entertainment LLC,2,13,0,access
1526,TICK-2026-00677,Can't download files from browser,"When I try to download files in Chrome, nothing happens. The download doesn't start. This has been occurring since since Monday. I'm working at our Chicago location.",software,low,,low,closed,False,,low,False,Issue resolved by technician,2026-02-26T07:05:58.561427,2026-02-24T06:50:58.561427,2026-02-25T19:50:58.561427,48.25,Tech Innovations Inc.,5,10,0,browser
1527,TICK-2026-00731,No internet connection,I'm connected to the network but have no internet access. Chrome says 'No internet' for all websites. I'm working in the ground floor office.,network,critical,,critical,in_progress,True,0.98,critical,False,,,2026-02-13T20:50:58.563404,2026-02-15T09:50:58.563404,,Tech Innovations Inc.,2,5,0,connectivity
1528,TICK-2026-01754,Request for new feature,It would be great if the portal could dark mode. This would save our team a lot of time. This has been occurring since earlier today. I'm working in meeting room 306.,feature_request,low,,low,resolved,False,,low,False,Issue resolved by technician,2026-01-17T07:26:10.638554,2026-01-15T05:57:58.638554,2026-01-16T05:57:58.638554,49.47,Education Foundation,10,2,2,new_feature
1529,TICK-2026-01565,Need additional permissions,I need edit permissions for the file sharing to do my job. Currently I only have view access. This appeared during a presentation.,account,high,,high,waiting_on_customer,True,0.84,high,False,,,2026-02-25T10:39:58.632944,2026-02-26T06:39:58.632944,,Legal Services LLP,0,6,0,permissions
1530,TICK-2026-00815,Network extremely slow for everyone,Multiple people in my team are experiencing slow network. File transfers are taking forever. This appeared last night.,network,high,high,high,waiting_on_customer,True,0.63,high,False,,,2026-01-03T01:07:58.566058,2026-01-03T14:07:58.566058,,Consulting Associates,9,8,0,performance
1531,TICK-2026-01408,Payment failed,I received a notice that my payment failed. My card is valid so I'm not sure why.,billing,high,,low,in_progress,True,0.77,low,True,,,2026-02-20T09:14:58.627451,2026-02-21T06:14:58.627451,,Financial Services Group,0,3,0,payment
1532,TICK-2026-01436,Want to cancel subscription,I'd like to cancel my subscription to premium support at the end of this billing period. I'm working in the Marketing department. Employee ID: 14873.,billing,high,,high,resolved,False,,high,False,Issue resolved by technician,2026-01-06T07:55:10.628647,2026-01-04T12:44:58.628647,2026-01-04T19:44:58.628647,43.17,Logistics International,4,11,0,subscription
1533,TICK-2025-01722,Dashboard customization,I'd like to be able to customize my dashboard to show custom notifications. This appeared yesterday. I'm working in meeting room 544.,feature_request,low,low,low,resolved,True,0.56,low,False,Issue resolved by technician,2025-11-07T10:34:10.637599,2025-11-04T17:41:58.637599,2025-11-05T11:41:58.637599,64.87,Global Retail Solutions,3,10,0,new_feature
1534,TICK-2026-00744,VPN connection drops frequently,My VPN connection drops every 15-20 minutes. I have to reconnect which interrupts my work. This appeared yesterday. I'm working from my home office.,network,medium,medium,medium,resolved,False,,medium,False,Issue resolved by technician,2026-01-22T03:17:34.563796,2026-01-20T02:31:58.563796,2026-01-20T07:31:58.563796,48.76,Logistics International,1,3,0,vpn
1535,TICK-2025-00719,Shared folder permission request,Can you please grant me read access to the team shared folder? My manager has approved this request. This began happening yesterday. I'm working in the Marketing department.,network,low,,low,closed,False,,low,False,Issue resolved by user,2026-01-08T08:37:46.562992,2025-12-31T03:14:58.562992,2025-12-31T14:14:58.562992,197.38,Consulting Associates,0,0,0,lan
1536,TICK-2026-01122,Account locked out,My account is locked after too many login attempts. I was trying different passwords I thought might be correct. This appeared yesterday afternoon.,login,high,,high,resolved,False,,high,False,Issue resolved by technician,2026-01-21T09:01:10.601910,2026-01-20T13:59:58.601910,2026-01-20T19:59:58.601910,19.02,Financial Services Group,10,8,0,account_locked
1537,TICK-2025-00220,Cracked laptop screen,I accidentally dropped my laptop and now the screen is cracked. There are lines across the display and part of it is black.,hardware,medium,,medium,resolved,True,0.91,medium,False,Issue resolved by technician,2025-12-30T02:53:22.517258,2025-12-27T04:23:58.517258,2025-12-28T12:23:58.517258,70.49,Education Foundation,9,15,1,display
1538,TICK-2025-01376,Want to cancel subscription,I'd like to cancel my subscription to premium support at the end of this billing period. This appeared before our meeting. I've already restarted 3 times.,billing,low,low,low,resolved,False,,low,False,Issue resolved by user,2026-01-04T17:22:58.625835,2025-12-25T19:28:58.625835,2025-12-27T05:28:58.625835,237.9,Tech Innovations Inc.,4,8,0,subscription
1539,TICK-2026-01997,Feedback on service,I wanted to provide feedback on my recent support experience. The issue was resolved but took longer than expected. This started yesterday afternoon. I'm working in the 3rd floor office. Employee ID: 36401.,other,low,,low,resolved,False,,low,False,Issue resolved by technician,2026-02-21T12:49:58.645716,2026-02-16T01:40:58.645716,2026-02-16T18:40:58.645716,131.15,Legal Services LLP,2,7,0,feedback
1540,TICK-2025-00400,Teams formulas not calculating,My Office spreadsheet formulas are showing the formula text instead of calculating. I haven't changed any settings. I'm working in the Engineering department.,software,high,,high,waiting_on_customer,True,0.68,high,False,,,2025-09-08T05:48:58.541834,2025-09-09T22:48:58.541834,,Construction Holdings,1,9,0,office
1541,TICK-2025-01804,Conference room booking issue,I'm having trouble booking conference room A101 for my meeting tomorrow. This first noticed a few hours ago.,other,medium,,medium,closed,True,0.95,medium,False,Issue resolved by user,2025-08-15T17:58:10.640006,2025-08-15T06:38:58.640006,2025-08-15T23:38:58.640006,11.32,Construction Holdings,1,9,0,general
1542,TICK-2025-00010,computer making strange noise,My laptop is making a loud clicking/grinding noise. It started yesterday and seems to be coming from inside the case. I'm worried about data loss.,hardware,high,,high,closed,True,0.75,high,False,Issue resolved by technician,2025-11-26T15:57:22.503556,2025-11-25T23:30:58.503556,2025-11-27T23:30:58.503556,16.44,Legal Services LLP,0,12,0,computer
1543,TICK-2026-01306,New employee needs account,A new team member Robert Wilson started today and needs their accounts set up. Email: newuser91@company.com,login,high,,high,closed,True,0.73,high,False,Issue resolved by technician,2026-02-11T13:34:58.621510,2026-02-10T23:52:58.621510,2026-02-11T20:52:58.621510,13.7,Education Foundation,1,11,0,access
1544,TICK-2026-00560,PowerPoint crashes when opening files,Excel crashes every time I try to open a specific file. I've tried repairing Office but the issue continues. This has been occurring since since yesterday.,software,high,,high,open,True,0.98,high,False,,,2026-02-15T06:35:58.555097,2026-02-16T00:35:58.555097,,Media & Entertainment LLC,7,13,1,office
1545,TICK-2026-01776,Integration request,We need dashboard to integrate with Teams. Is this possible? This first noticed just now. I'm working at our Downtown location.,feature_request,low,,low,resolved,True,0.71,low,False,Issue resolved by technician,2026-02-12T05:30:22.639182,2026-02-10T11:30:58.639182,2026-02-11T05:30:58.639182,41.99,Construction Holdings,2,5,0,integration
1546,TICK-2026-01894,How do I generate reports?,I'm not sure how to generate reports in the system. Could you provide instructions? Employee ID: 20228.,other,low,low,low,open,True,0.89,low,False,,,2026-02-24T21:45:58.642727,2026-02-26T00:45:58.642727,,Construction Holdings,7,0,0,inquiry
1547,TICK-2025-00948,Can't connect to WiFi,My desktop won't connect to the office WiFi. It sees the network but when I try to connect it says 'Can't connect to this network'. This first noticed last night. Please prioritize this.,network,high,high,high,closed,True,0.8,high,False,Issue resolved by technician,2025-10-28T17:20:22.578342,2025-10-27T01:08:58.578342,2025-10-27T01:08:58.578342,40.19,Education Foundation,2,5,0,wireless
1548,TICK-2026-00387,Windows won't boot,"After a restart, macOS won't boot. It gets stuck on the loading screen and never progresses to the login. This appeared after lunch. I'm working in meeting room 340. Employee ID: 60903.",software,critical,critical,critical,waiting_on_customer,True,0.96,critical,False,,,2026-02-27T14:51:58.540229,2026-02-28T07:51:58.540229,,Financial Services Group,0,2,0,os
1549,TICK-2026-01386,Want to cancel subscription,I'd like to cancel my subscription to cloud storage at the end of this billing period. I'm working in meeting room 112. Employee ID: 87825.,billing,low,,low,resolved,True,0.97,low,False,Issue resolved by technician,2026-01-30T04:13:10.626370,2026-01-20T16:23:58.626370,2026-01-21T05:23:58.626370,227.82,Education Foundation,8,13,0,subscription
1550,TICK-2025-00836,Need access to team shared drive,I've just joined the team team and need access to the shared network drive to do my job. This began happening during a presentation. I tried the troubleshooting guide but it didn't help. Employee ID: 76530.,network,low,low,critical,resolved,False,,critical,True,Issue resolved by technician,2025-12-19T02:46:22.568530,2025-12-17T22:52:58.568530,2025-12-18T06:52:58.568530,27.89,Healthcare Partners,21,6,1,lan
1551,TICK-2026-00550,Can't download files from browser,"When I try to download files in Chrome, nothing happens. The download doesn't start.",software,low,,low,resolved,True,0.69,low,False,Issue resolved by user,2026-01-09T06:09:22.554341,2026-01-01T19:45:58.554341,2026-01-03T17:45:58.554341,178.39,Manufacturing Corp,10,9,1,browser
1552,TICK-2025-00408,Suspicious popup messages,I keep getting popup messages even when no browser is open. They ask me to call a number for support. This started this morning.,software,low,,low,waiting_on_customer,True,0.91,low,False,,,2025-12-08T08:59:58.542639,2025-12-09T04:59:58.542639,,Financial Services Group,21,4,0,security
1553,TICK-2026-00763,Request access to shared folder,I need access to the shared shared folder on the network. I am a new employee and require access for my work. This has been occurring since last night.,network,low,low,low,closed,True,0.52,low,False,Issue resolved by technician,2026-02-08T20:56:22.564357,2026-02-05T01:14:58.564357,2026-02-05T21:14:58.564357,91.69,Consulting Associates,2,5,0,lan
1554,TICK-2026-01680,Need to update my email address,I recently got married and need to change my email address from jane@oldcompany.com to john@newcompany.com. This started yesterday. I'm working in the Finance department.,account,low,low,low,resolved,True,0.65,low,False,Issue resolved by technician,2026-03-03T02:25:34.636327,2026-02-24T04:33:58.636327,2026-02-25T16:33:58.636327,165.86,Logistics International,9,6,1,profile
1555,TICK-2026-01905,General inquiry,I have a question about service levels. Can someone please help me understand this better? This started this week.,other,low,,low,in_progress,False,,low,False,,,2026-02-04T23:53:58.643048,2026-02-05T04:53:58.643048,,Logistics International,21,11,0,inquiry
1556,TICK-2026-01017,WiFi network not appearing,I can't see the office WiFi network in my available networks list. Other people around me can see it. This appeared this morning. Please prioritize this.,network,high,,high,in_progress,True,0.89,high,False,,,2026-02-25T08:59:58.588236,2026-02-26T19:59:58.588236,,Manufacturing Corp,14,10,0,wireless
1557,TICK-2026-01295,New employee needs account,A new team member Robert Wilson started today and needs their accounts set up. Email: newuser75@company.com,login,high,,high,open,True,0.69,high,False,,,2026-02-16T13:15:58.620689,2026-02-18T13:15:58.620689,,Education Foundation,4,4,0,access
1558,TICK-2025-00807,Cannot access network share,I'm unable to access the \\projects network share. I get 'Access is denied' when I try to open it. This began happening a few hours ago. I'm working at my desk in Building 1. Employee ID: 81413.,network,medium,,medium,closed,False,,medium,False,Issue resolved by technician,2025-12-15T16:55:22.565672,2025-12-15T07:46:58.565672,2025-12-17T05:46:58.565672,9.14,Consulting Associates,4,13,0,lan
1559,TICK-2026-01970,Feedback on service,I wanted to provide feedback on my recent support experience. Very satisfied with the support received. This started since yesterday.,other,medium,,medium,closed,False,,medium,False,Issue resolved by technician,2026-01-25T08:24:10.644924,2026-01-21T11:55:58.644924,2026-01-21T22:55:58.644924,92.47,Logistics International,20,14,0,feedback
1560,TICK-2025-00064,Blue screen errors on my computer,"I keep getting blue screen errors that force my computer to restart. It happens randomly, sometimes twice a day. The error code is different each time. This appeared before our meeting. I'm working in the ground floor office.",hardware,high,,high,resolved,True,0.91,high,False,Issue resolved by user,2025-12-26T00:10:34.506801,2025-12-24T15:54:58.506801,2025-12-25T05:54:58.506801,32.26,Research Institute,1,12,0,computer
1561,TICK-2025-01630,Need additional permissions,I need edit permissions for the file sharing to do my job. Currently I only have view access. This started this week. I'm working at our Houston location. My ticket reference is REF-97808.,account,medium,,medium,resolved,False,,medium,False,Issue resolved by user,2025-12-19T09:00:34.634882,2025-12-17T15:11:58.634882,2025-12-19T06:11:58.634882,41.81,Media & Entertainment LLC,2,0,0,permissions
1562,TICK-2025-00072,My laptop won't turn on,I tried to power on my PC this morning but nothing happens. The power light doesn't come on and there's no response when I press the power button. I've checked the power cable and it seems connected properly.,hardware,high,,high,resolved,True,0.7,high,False,Issue resolved by technician,2025-10-04T01:42:34.507562,2025-10-02T15:17:58.507562,2025-10-02T22:17:58.507562,34.41,Healthcare Partners,17,7,0,computer
1563,TICK-2025-00517,Suspicious popup messages,I keep getting popup messages even when no browser is open. They ask me to call a number for support. This has been occurring since during a presentation.,software,critical,critical,critical,resolved,False,,critical,False,Issue resolved by technician,2025-10-19T00:50:22.551685,2025-10-18T14:53:58.551685,2025-10-19T09:53:58.551685,9.94,Global Retail Solutions,8,12,0,security
1564,TICK-2026-01917,Feedback on service,I wanted to provide feedback on my recent support experience. Very satisfied with the support received. This started yesterday afternoon. I'm working in the 4th floor office. Employee ID: 26842.,other,low,low,low,closed,True,0.81,low,False,Issue resolved by technician,2026-02-11T11:47:34.643401,2026-02-09T06:37:58.643401,2026-02-10T17:37:58.643401,53.16,Manufacturing Corp,0,5,1,feedback
1565,TICK-2026-01482,Invoice not received,I haven't received my invoice for December. Can you please resend it to my email? This has been occurring since about an hour ago. I've already restarted 4 times.,billing,medium,,medium,closed,False,,medium,False,Issue resolved by technician,2026-01-26T14:06:34.630272,2026-01-25T04:11:58.630272,2026-01-25T15:11:58.630272,33.91,Healthcare Partners,10,4,1,invoice
1566,TICK-2026-00676,Windows 11 won't boot,"After a restart, Windows won't boot. It gets stuck on the loading screen and never progresses to the login. I'm working in meeting room 373.",software,medium,,medium,closed,True,0.82,medium,False,Issue resolved by user,2026-01-31T20:28:58.561387,2026-01-31T03:34:58.561387,2026-02-01T01:34:58.561387,16.9,Financial Services Group,2,15,0,os
1567,TICK-2026-00688,Suspicious popup messages,I keep getting popup messages even when no browser is open. They ask me to call a number for support.,software,critical,,critical,resolved,True,0.9,critical,False,Issue resolved by user,2026-01-15T19:38:10.561869,2026-01-15T02:15:58.561869,2026-01-15T18:15:58.561869,17.37,Education Foundation,7,14,0,security
1568,TICK-2026-01013,WiFi keeps disconnecting,My WiFi connection drops every few minutes. I have to turn WiFi off and on to reconnect temporarily. This started last week. My ticket reference is REF-45861.,network,medium,,critical,closed,True,0.97,critical,True,Issue resolved by technician,2026-02-12T15:20:46.587693,2026-02-10T10:30:58.587693,2026-02-12T00:30:58.587693,52.83,Legal Services LLP,0,8,0,wireless
1569,TICK-2025-00749,Slow speed when connected to VPN,"When I connect to VPN, my internet becomes extremely slow. Takes minutes to open a simple webpage. This first noticed last week. I'm working in the 2nd floor office. Employee ID: 41049.",network,medium,,medium,open,True,0.73,medium,False,,,2025-10-13T10:10:58.563939,2025-10-14T23:10:58.563939,,Tech Innovations Inc.,3,8,0,vpn
1570,TICK-2025-00113,Print quality is poor,My printed documents are coming out with streaks and faded areas. I've replaced the cartridge but the problem persists. This first noticed just now.,hardware,high,high,high,open,True,0.75,high,False,,,2025-10-29T14:40:58.511524,2025-10-29T22:40:58.511524,,Research Institute,2,14,0,printer
1571,TICK-2025-00835,VPN connection drops frequently,My VPN connection drops every 15-20 minutes. I have to reconnect which interrupts my work. This appeared after lunch.,network,medium,,low,closed,True,0.64,low,True,Issue resolved by user,2025-11-20T21:06:58.568424,2025-11-17T22:09:58.568424,2025-11-18T13:09:58.568424,70.95,Healthcare Partners,12,12,1,vpn
1572,TICK-2026-00111,Second monitor not detected,I connected a second monitor to my laptop but macOS doesn't detect it. I've tried the display settings but only shows one monitor. This began happening during a presentation.,hardware,low,,low,closed,True,0.8,low,False,Issue resolved by technician,2026-03-01T19:14:58.511311,2026-02-23T02:23:58.511311,2026-02-23T23:23:58.511311,160.85,Logistics International,5,11,0,display
1573,TICK-2025-01960,General inquiry,I have a question about company policies. Can someone please help me understand this better? This began happening last week.,other,low,,low,closed,True,0.92,low,False,Issue resolved by technician,2025-12-17T04:15:58.644644,2025-12-08T19:18:58.644644,2025-12-09T15:18:58.644644,200.95,Consulting Associates,3,0,0,inquiry
1574,TICK-2026-01184,Need access to SharePoint,I've been told I need access to HR portal for my new role. Please grant me the necessary permissions.,login,low,,low,closed,False,,low,False,Issue resolved by user,2026-01-10T06:09:10.607381,2026-01-03T08:55:58.607381,2026-01-04T17:55:58.607381,165.22,Media & Entertainment LLC,21,0,0,access
1575,TICK-2026-00903,Network extremely slow for everyone,Multiple people in my team are experiencing slow network. File transfers are taking forever. This first noticed a few hours ago. My ticket reference is REF-38250.,network,high,high,high,closed,True,0.76,high,False,Issue resolved by user,2026-02-09T21:40:46.574174,2026-02-09T14:47:58.574174,2026-02-09T14:47:58.574174,6.88,Healthcare Partners,1,15,0,performance
1576,TICK-2026-01036,Internet works intermittently,My internet connection works for a few minutes then stops. Have to unplug and replug ethernet cable to fix temporarily. This first noticed since Monday.,network,high,,high,resolved,True,0.78,high,False,Issue resolved by user,2026-02-07T08:46:46.590316,2026-02-06T23:26:58.590316,2026-02-06T23:26:58.590316,9.33,Construction Holdings,1,5,0,connectivity
1577,TICK-2025-00195,Blue screen errors on my computer,"I keep getting blue screen errors that force my computer to restart. It happens randomly, sometimes twice a day. The error code is different each time. I'm working from my home office.",hardware,medium,,medium,resolved,True,0.87,medium,False,Issue resolved by technician,2026-01-03T13:25:10.515818,2025-12-31T02:59:58.515818,2025-12-31T06:59:58.515818,82.42,Legal Services LLP,1,15,0,computer
1578,TICK-2026-01503,Invoice not received,I haven't received my invoice for June. Can you please resend it to my email? This has been occurring since yesterday afternoon.,billing,low,,low,closed,True,0.67,low,False,Issue resolved by user,2026-01-25T09:41:58.630955,2026-01-23T09:29:58.630955,2026-01-25T08:29:58.630955,48.2,Tech Innovations Inc.,0,4,0,invoice
1579,TICK-2026-01586,Update my contact information,Please update my phone number to +1-555-801-4083 in the system. This appeared just now. I'm working in the 5th floor office. Multiple colleagues have the same issue.,account,low,,low,closed,True,0.91,low,False,Issue resolved by user,2026-02-05T14:37:46.633597,2026-02-02T22:47:58.633597,2026-02-04T15:47:58.633597,63.83,Education Foundation,3,2,0,profile
1580,TICK-2025-01867,How do I add team members?,I'm not sure how to add team members in the system. Could you provide instructions? This began happening before our meeting. I'm working at our Downtown location.,other,low,,low,open,True,0.96,low,False,,,2025-11-18T05:53:58.641849,2025-11-18T21:53:58.641849,,Media & Entertainment LLC,2,11,1,inquiry
1581,TICK-2026-01172,Being redirected to wrong login,"When I try to access finance system, it redirects me to the wrong login page.",login,medium,,medium,closed,True,0.87,medium,False,Issue resolved by user,2026-02-22T08:58:10.606081,2026-02-19T10:23:58.606081,2026-02-21T00:23:58.606081,70.57,Consulting Associates,1,1,0,sso
1582,TICK-2025-01188,MFA code not working,The code from my authenticator app isn't being accepted. I've tried multiple times with fresh codes. This started since yesterday. Please prioritize this. Employee ID: 86862.,login,high,,high,resolved,False,,high,False,Issue resolved by technician,2025-11-20T20:08:58.607696,2025-11-19T01:50:58.607696,2025-11-19T07:50:58.607696,42.3,Manufacturing Corp,1,1,0,mfa
1583,TICK-2025-01743,Request for new feature,It would be great if the mobile app could batch delete. This would save our team a lot of time. This has been occurring since earlier today. I'm working in the Finance department. I've already restarted 5 times. Employee ID: 83732.,feature_request,low,,low,open,False,,low,False,,,2025-12-14T08:59:58.638235,2025-12-16T01:59:58.638235,,Financial Services Group,3,12,0,new_feature
1584,TICK-2025-00028,Printer not printing,"When I try to print, the job gets stuck in the queue. The printer shows as online but nothing comes out. This began happening last week.",hardware,medium,,medium,closed,True,0.94,medium,False,Issue resolved by technician,2025-12-14T03:39:22.504711,2025-12-13T06:45:58.504711,2025-12-14T03:45:58.504711,20.89,Financial Services Group,20,13,2,printer
1585,TICK-2026-01177,Being redirected to wrong login,"When I try to access SharePoint, it redirects me to the wrong login page. This first noticed since yesterday.",login,medium,,medium,waiting_on_customer,True,0.65,medium,False,,,2026-02-19T23:53:58.606786,2026-02-20T13:53:58.606786,,Manufacturing Corp,0,6,0,sso
1586,TICK-2026-01077,Not receiving MFA text messages,I selected SMS for MFA but I'm not receiving the text messages with the code. I'm working from my home office.,login,low,,low,resolved,True,0.96,low,False,Issue resolved by technician,2026-02-08T20:44:22.597404,2026-02-04T00:17:58.597404,2026-02-05T00:17:58.597404,116.44,Media & Entertainment LLC,12,14,0,mfa
1587,TICK-2025-00788,New hire needs network share access,I started this week and need to be granted access to the shared folders on the network as part of onboarding. This has been occurring since after lunch. I'm working while working remotely. I have a deadline tomorrow. Employee ID: 60048.,network,low,,low,closed,True,0.72,low,False,Issue resolved by technician,2025-10-28T02:53:10.565111,2025-10-22T22:54:58.565111,2025-10-24T14:54:58.565111,123.97,Education Foundation,12,13,0,lan
1588,TICK-2025-00761,Video calls have poor quality,My video calls have terrible quality with constant freezing and audio delay. My internet speed seems fine. Employee ID: 75147.,network,medium,medium,medium,closed,True,0.71,medium,False,Issue resolved by technician,2025-11-21T04:04:34.564297,2025-11-18T14:57:58.564297,2025-11-19T11:57:58.564297,61.11,Media & Entertainment LLC,3,14,0,performance
1589,TICK-2026-01390,Invoice not received,I haven't received my invoice for November. Can you please resend it to my email? This started this morning.,billing,low,,low,resolved,True,0.93,low,False,Issue resolved by technician,2026-02-18T10:43:58.626570,2026-02-08T10:58:58.626570,2026-02-10T02:58:58.626570,239.75,Manufacturing Corp,0,9,0,invoice
1590,TICK-2026-00804,Request access to public share,I need access to the public share folder. I am an intern and I am in training. This has been occurring since during a presentation.,network,low,,low,resolved,True,0.89,low,False,Issue resolved by technician,2026-01-19T04:27:10.565574,2026-01-17T16:43:58.565574,2026-01-19T14:43:58.565574,35.72,Consulting Associates,9,0,0,lan
1591,TICK-2026-01795,Integration request,We need project management tool to integrate with Google Drive. Is this possible? This first noticed yesterday.,feature_request,low,,low,in_progress,True,0.89,low,False,,,2026-02-05T06:58:58.639735,2026-02-05T22:58:58.639735,,Construction Holdings,2,12,0,integration
1592,TICK-2026-00938,WiFi network not appearing,I can't see the office WiFi network in my available networks list. Other people around me can see it. I'm working from my home office.,network,high,,high,resolved,False,,high,False,Issue resolved by technician,2026-01-25T12:05:58.576929,2026-01-24T21:32:58.576929,2026-01-25T13:32:58.576929,14.55,Tech Innovations Inc.,0,4,2,wireless
1593,TICK-2026-01854,Office supplies needed,My team needs pens. How do I order them? Asset tag: IT-1579-D.,other,low,,low,resolved,True,0.74,low,False,Issue resolved by technician,2026-02-26T17:14:58.641474,2026-02-20T23:44:58.641474,2026-02-22T03:44:58.641474,137.5,Education Foundation,1,14,0,inquiry
1594,TICK-2026-00518,Browser extremely slow,My Safari has become very slow. Pages take 30+ seconds to load and tabs crash frequently. This began happening this morning.,software,low,,low,waiting_on_customer,True,0.7,low,False,,,2026-01-07T10:52:58.551759,2026-01-09T00:52:58.551759,,Financial Services Group,4,1,0,browser
1595,TICK-2026-00489,Can't install software,I'm trying to install Photoshop but the installation fails with error: 0x1F69 I tried the troubleshooting guide but it didn't help.,software,medium,medium,medium,closed,True,0.67,medium,False,Issue resolved by technician,2026-02-25T08:53:46.549531,2026-02-21T21:51:58.549531,2026-02-23T12:51:58.549531,83.03,Manufacturing Corp,2,0,0,installation
1596,TICK-2025-01132,Password not working,My password stopped working. I'm sure I'm typing it correctly but it says invalid credentials. Employee ID: 75650.,login,high,,low,closed,True,0.84,low,True,Issue resolved by technician,2025-10-21T02:34:58.602903,2025-10-19T13:16:58.602903,2025-10-20T07:16:58.602903,37.3,Research Institute,3,8,0,password
1597,TICK-2026-01480,Need to update payment method,I need to update my credit card on file as it's expiring soon. How do I do this? This began happening since Monday.,billing,low,,low,resolved,True,0.9,low,False,Issue resolved by technician,2026-01-26T15:39:22.630210,2026-01-22T00:30:58.630210,2026-01-22T03:30:58.630210,111.14,Media & Entertainment LLC,22,2,0,payment
1598,TICK-2026-00484,Computer infected with virus,"I think my computer has a virus. It's running slow, showing popups, and my homepage changed without my doing. This started about an hour ago.",software,critical,,critical,resolved,False,,critical,False,Issue resolved by user,2026-02-02T18:58:34.549156,2026-02-02T05:27:58.549156,2026-02-02T12:27:58.549156,13.51,Tech Innovations Inc.,0,13,1,security
1599,TICK-2025-00117,Wireless headset not connecting,My wireless headset won't connect to my computer via Bluetooth. It was working fine yesterday. This is affecting my productivity.,hardware,low,,low,waiting_on_customer,True,0.7,low,False,,,2025-11-15T18:08:58.511912,2025-11-17T04:08:58.511912,,Legal Services LLP,1,6,0,peripheral
1600,TICK-2026-01111,Password not working,My password stopped working. I'm sure I'm typing it correctly but it says invalid credentials. This began happening last week.,login,high,high,high,resolved,True,0.85,high,False,Issue resolved by technician,2026-02-01T06:42:46.600874,2026-01-31T23:10:58.600874,2026-02-02T01:10:58.600874,7.53,Financial Services Group,12,10,0,password
1601,TICK-2026-00319,Software license expired,My Adobe Acrobat license has expired and I can no longer access the software. I need it for my daily work. This first noticed about an hour ago. This is affecting my productivity.,software,high,,high,closed,True,0.75,high,False,Issue resolved by technician,2026-01-01T13:23:22.525995,2026-01-01T03:05:58.525995,2026-01-01T08:05:58.525995,10.29,Global Retail Solutions,1,8,0,installation
1602,TICK-2026-01128,Need access to finance system,I've been told I need access to CRM for my new role. Please grant me the necessary permissions. This began happening about an hour ago. Multiple colleagues have the same issue.,login,low,,low,resolved,True,0.77,low,False,Issue resolved by technician,2026-02-23T20:32:34.602593,2026-02-14T10:25:58.602593,2026-02-14T12:25:58.602593,226.11,Global Retail Solutions,7,0,0,access
1603,TICK-2025-01186,Lost access to MFA device,I lost my phone with the authenticator app. I can't log in without the MFA code. This first noticed since yesterday. I'm working in the ground floor office.,login,critical,,critical,closed,True,0.54,critical,False,Issue resolved by user,2025-11-10T04:57:46.607535,2025-11-09T07:58:58.607535,2025-11-10T02:58:58.607535,20.98,Healthcare Partners,10,8,0,mfa
1604,TICK-2026-00668,Outlook not syncing emails,Outlook stopped syncing new emails. It shows connected but no new messages appear even though I can see them on webmail. This appeared during a presentation. This is affecting my productivity.,software,high,high,medium,resolved,False,,medium,True,Issue resolved by technician,2026-02-26T08:28:22.561057,2026-02-24T12:55:58.561057,2026-02-25T14:55:58.561057,43.54,Media & Entertainment LLC,2,15,0,office
1605,TICK-2025-00119,Paper jam in printer,The printer keeps showing a paper jam error but I've checked and there's no paper stuck. Cleared the tray multiple times. Employee ID: 24532.,hardware,low,,low,resolved,True,0.95,low,False,Issue resolved by technician,2025-09-18T09:45:34.512006,2025-09-15T14:26:58.512006,2025-09-16T21:26:58.512006,67.31,Logistics International,1,2,0,printer
1606,TICK-2026-01598,Remove user from system,John Smith has left the company and their account should be deactivated. This started just now.,account,low,,low,resolved,True,0.67,low,False,Issue resolved by technician,2026-02-14T03:48:10.633943,2026-02-08T04:34:58.633943,2026-02-08T05:34:58.633943,143.22,Global Retail Solutions,1,6,0,deletion
1607,TICK-2026-00877,Can't connect to WiFi,My desktop won't connect to the office WiFi. It sees the network but when I try to connect it says 'Can't connect to this network'. This is affecting my productivity.,network,high,high,high,closed,False,,high,False,Issue resolved by technician,2026-01-30T03:50:10.572126,2026-01-28T08:09:58.572126,2026-01-28T21:09:58.572126,43.67,Financial Services Group,1,12,0,wireless
1608,TICK-2026-01593,Can't change my profile settings,"When I try to update my profile information, the save button doesn't work. This began happening just now.",account,medium,,medium,closed,True,0.95,medium,False,Issue resolved by technician,2026-02-26T07:12:10.633795,2026-02-23T00:13:58.633795,2026-02-23T03:13:58.633795,78.97,Logistics International,2,5,1,settings
1609,TICK-2026-01700,Dashboard customization,I'd like to be able to customize my dashboard to show dark mode. I'm working in the IT department.,feature_request,low,low,low,resolved,True,0.79,low,False,Issue resolved by technician,2026-02-14T00:58:58.636951,2026-02-11T23:31:58.636951,2026-02-13T17:31:58.636951,49.45,Healthcare Partners,16,3,0,new_feature
1610,TICK-2025-01557,Update my contact information,Please update my phone number to +1-555-492-9270 in the system.,account,medium,medium,medium,waiting_on_customer,True,0.94,medium,False,,,2025-10-15T19:00:58.632698,2025-10-15T23:00:58.632698,,Media & Entertainment LLC,0,9,0,profile
1611,TICK-2025-01554,Remove user from system,Sarah Johnson has left the company and their account should be deactivated. This appeared during a presentation.,account,high,high,high,closed,True,0.85,high,False,Issue resolved by user,2025-12-04T00:33:46.632619,2025-12-02T16:40:58.632619,2025-12-04T07:40:58.632619,31.88,Manufacturing Corp,4,10,0,deletion
1612,TICK-2025-00382,Outlook not syncing emails,Outlook stopped syncing new emails. It shows connected but no new messages appear even though I can see them on webmail. I'm working while working remotely.,software,high,,high,closed,True,0.83,high,False,Issue resolved by technician,2025-12-19T06:59:22.539181,2025-12-18T19:26:58.539181,2025-12-20T08:26:58.539181,11.54,Consulting Associates,0,14,0,office
1613,TICK-2026-00824,Slow WiFi speed,My WiFi speed is extremely slow. Speedtest shows 3 Mbps download when it should be much faster. This appeared since yesterday.,network,medium,medium,medium,in_progress,True,0.88,medium,False,,,2026-02-25T13:03:58.567248,2026-02-26T15:03:58.567248,,Manufacturing Corp,13,7,0,wireless
1614,TICK-2026-00969,Network drive not accessible,I can't access the shared network drive \\server\team. It says the path doesn't exist. I'm working at my desk in Building 3.,network,medium,,medium,open,True,0.68,medium,False,,,2026-01-14T00:11:58.580722,2026-01-14T05:11:58.580722,,Legal Services LLP,15,8,0,lan
1615,TICK-2026-00381,Need software installed,I need QuickBooks installed on my computer for a new project. I don't have admin rights to install it myself. This started yesterday afternoon.,software,low,,low,open,True,0.94,low,False,,,2026-02-26T01:30:58.538989,2026-02-27T01:30:58.538989,,Research Institute,1,4,0,installation
1616,TICK-2026-00284,Dropped external hard drive,I dropped my external hard drive and now my computer doesn't recognize it when I plug it in. I'm working at my desk in Building 2. Asset tag: IT-2314-C.,hardware,high,,high,in_progress,True,0.76,high,False,,,2026-02-24T19:42:58.523110,2026-02-26T14:42:58.523110,,Manufacturing Corp,2,7,0,damage
1617,TICK-2026-00485,Can't download files from browser,"When I try to download files in Firefox, nothing happens. The download doesn't start. Employee ID: 89603.",software,low,,low,resolved,True,0.71,low,False,Issue resolved by technician,2026-02-27T21:43:58.549228,2026-02-26T06:34:58.549228,2026-02-26T08:34:58.549228,39.15,Consulting Associates,1,15,0,browser
1618,TICK-2025-00840,Slow speed when connected to VPN,"When I connect to VPN, my internet becomes extremely slow. Takes minutes to open a simple webpage. I tried the troubleshooting guide but it didn't help.",network,medium,,medium,closed,True,0.68,medium,False,Issue resolved by user,2025-11-18T04:41:22.568921,2025-11-13T22:11:58.568921,2025-11-15T18:11:58.568921,102.49,Legal Services LLP,0,0,0,vpn
1619,TICK-2025-01661,Remove user from system,John Smith has left the company and their account should be deactivated.,account,high,,high,closed,True,0.68,high,False,Issue resolved by technician,2025-11-20T16:48:10.635779,2025-11-19T17:07:58.635779,2025-11-21T00:07:58.635779,23.67,Construction Holdings,5,2,0,deletion
1620,TICK-2025-00574,Photoshop won't open,"When I try to launch Zoom, nothing happens. I've tried running as administrator but it still won't open. This first noticed yesterday afternoon. Employee ID: 44988.",software,medium,,medium,closed,True,0.61,medium,False,Issue resolved by user,2025-12-19T13:43:34.556002,2025-12-17T09:09:58.556002,2025-12-19T05:09:58.556002,52.56,Manufacturing Corp,1,12,0,application
1621,TICK-2025-01062,Account locked out,My account is locked after too many login attempts. I was trying different passwords I thought might be correct. I'm working at our Houston location. I have a deadline in 2 days.,login,high,,high,in_progress,True,0.77,high,False,,,2025-10-29T23:54:58.595610,2025-10-30T04:54:58.595610,,Tech Innovations Inc.,3,3,0,account_locked
1622,TICK-2025-00404,Photoshop showing error on startup,"Every time I open Slack, I get an error message: 'Access denied'. The application still opens but I'm worried. This first noticed last night. I'm working in the IT department. Employee ID: 28864.",software,low,low,low,resolved,True,0.75,low,False,Issue resolved by technician,2025-12-31T22:44:22.542262,2025-12-26T09:05:58.542262,2025-12-28T08:05:58.542262,133.64,Media & Entertainment LLC,8,7,0,application
1623,TICK-2026-00479,AutoCAD won't open,"When I try to launch Adobe Acrobat, nothing happens. I've tried running as administrator but it still won't open. This began happening a few hours ago. This worked fine before.",software,medium,,medium,closed,True,0.78,medium,False,Issue resolved by technician,2026-01-13T12:15:58.548774,2026-01-09T16:48:58.548774,2026-01-10T18:48:58.548774,91.45,Healthcare Partners,3,7,0,application
1624,TICK-2026-01331,Being redirected to wrong login,"When I try to access email, it redirects me to the wrong login page. I'm working at our Dallas location.",login,medium,,medium,resolved,True,0.81,medium,False,Issue resolved by user,2026-02-11T18:55:46.623221,2026-02-09T21:08:58.623221,2026-02-11T13:08:58.623221,45.78,Global Retail Solutions,6,11,0,sso
1625,TICK-2025-01322,Being redirected to wrong login,"When I try to access project management system, it redirects me to the wrong login page. This began happening just now. I'm working from my home office.",login,low,,high,resolved,False,,high,True,Issue resolved by technician,2025-09-26T01:37:34.622673,2025-09-24T22:06:58.622673,2025-09-25T04:06:58.622673,27.51,Legal Services LLP,8,15,0,sso
1626,TICK-2025-01192,Account locked out,My account is locked after too many login attempts. I was trying different passwords I thought might be correct.,login,low,low,low,in_progress,True,0.66,low,False,,,2025-12-29T23:23:58.608014,2025-12-30T02:23:58.608014,,Consulting Associates,13,10,0,account_locked
1627,TICK-2026-01171,Access removed incorrectly,My access to project management system was removed but I still need it for my work. This might have been done in error. This appeared yesterday.,login,high,,low,closed,False,,low,True,Issue resolved by technician,2026-02-05T08:32:22.606014,2026-02-04T16:23:58.606014,2026-02-05T01:23:58.606014,16.14,Manufacturing Corp,14,10,0,access
1628,TICK-2026-01821,General inquiry,I have a question about service levels. Can someone please help me understand this better? This appeared last week. I've already restarted 3 times. Employee ID: 30780.,other,low,,low,resolved,True,0.78,low,False,Issue resolved by technician,2026-02-22T22:59:46.640517,2026-02-17T15:15:58.640517,2026-02-18T22:15:58.640517,127.73,Media & Entertainment LLC,4,8,0,inquiry
1629,TICK-2026-01131,Lost access to MFA device,I lost my phone with the authenticator app. I can't log in without the MFA code. This started last week. Multiple colleagues have the same issue.,login,medium,medium,critical,resolved,True,0.88,critical,True,Issue resolved by user,2026-02-16T16:58:58.602828,2026-02-13T03:07:58.602828,2026-02-14T12:07:58.602828,85.85,Education Foundation,2,5,2,mfa
1630,TICK-2025-01723,Bulk action needed,Please add the ability to assign multiple items at once in the portal. This has been occurring since this week. I'm working in the 3rd floor office. Multiple colleagues have the same issue.,feature_request,low,,medium,closed,True,0.97,medium,True,Issue resolved by technician,2026-01-06T17:54:34.637630,2025-12-30T03:41:58.637630,2025-12-30T08:41:58.637630,182.21,Media & Entertainment LLC,2,14,0,enhancement
1631,TICK-2025-00009,Wireless headset not connecting,My wireless headset won't connect to my computer via Bluetooth. It was working fine yesterday. This appeared during a presentation. I'm working in the 4th floor office.,hardware,low,,low,resolved,True,0.64,low,False,Issue resolved by user,2025-10-25T17:21:58.503490,2025-10-18T15:42:58.503490,2025-10-19T02:42:58.503490,169.65,Legal Services LLP,0,13,0,peripheral
1632,TICK-2025-00737,Internet works intermittently,My internet connection works for a few minutes then stops. Have to unplug and replug ethernet cable to fix temporarily. This appeared about an hour ago.,network,high,,medium,closed,False,,medium,True,Issue resolved by technician,2025-12-18T09:25:34.563585,2025-12-16T20:00:58.563585,2025-12-18T08:00:58.563585,37.41,Construction Holdings,5,2,0,connectivity
1633,TICK-2026-00562,Computer infected with virus,"I think my computer has a virus. It's running slow, showing popups, and my homepage changed without my doing. This has been occurring since after lunch.",software,critical,critical,critical,closed,True,0.87,critical,False,Issue resolved by technician,2026-02-12T01:43:58.555229,2026-02-11T22:43:58.555229,2026-02-12T11:43:58.555229,3.0,Construction Holdings,7,15,0,security
1634,TICK-2026-00145,My PC won't turn on,I tried to power on my PC this morning but nothing happens. The power light doesn't come on and there's no response when I press the power button. I've checked the power cable and it seems connected properly. Employee ID: 62615.,hardware,high,,high,closed,True,0.66,high,False,Issue resolved by technician,2026-02-03T08:22:58.513363,2026-02-02T05:19:58.513363,2026-02-02T05:19:58.513363,27.05,Tech Innovations Inc.,0,10,0,computer
1635,TICK-2025-00423,Browser extremely slow,My Edge has become very slow. Pages take 30+ seconds to load and tabs crash frequently. This first noticed earlier today. Asset tag: IT-9069-D.,software,low,low,low,closed,True,0.7,low,False,Issue resolved by technician,2025-09-15T20:08:10.544079,2025-09-14T03:30:58.544079,2025-09-14T19:30:58.544079,40.62,Healthcare Partners,1,14,0,browser
1636,TICK-2026-01802,Feedback on service,I wanted to provide feedback on my recent support experience. The response was quick and helpful. This has been occurring since since Monday. I'm working at our Dallas location. Employee ID: 14237.,other,low,,low,closed,True,0.73,low,False,Issue resolved by technician,2026-01-07T01:27:58.639944,2026-01-03T14:33:58.639944,2026-01-05T03:33:58.639944,82.9,Research Institute,0,8,0,feedback
1637,TICK-2025-01437,Need to upgrade subscription,I need to upgrade my subscription from Basic to Premium. Please advise on the process and pricing. I'm working in meeting room 233.,billing,medium,,medium,closed,True,0.54,medium,False,Issue resolved by technician,2025-10-05T10:35:58.628687,2025-10-04T19:41:58.628687,2025-10-04T20:41:58.628687,14.9,Manufacturing Corp,10,6,0,subscription
1638,TICK-2025-01799,Integration request,We need dashboard to integrate with Teams. Is this possible? I'm working at my desk in Building A.,feature_request,low,,low,closed,True,0.53,low,False,Issue resolved by technician,2026-01-02T17:25:22.639851,2025-12-31T22:22:58.639851,2026-01-01T05:22:58.639851,43.04,Consulting Associates,6,8,0,integration
1639,TICK-2025-01486,Incorrect charge on invoice,My invoice shows a charge of $16.22 that I don't recognize. Please explain this charge. This appeared during a presentation.,billing,medium,,medium,open,True,0.97,medium,False,,,2025-05-13T00:43:58.630409,2025-05-13T12:43:58.630409,,Logistics International,7,6,0,invoice
1640,TICK-2026-00818,No internet connection,I'm connected to the network but have no internet access. Edge says 'No internet' for all websites. I'm working in the Engineering department. This worked fine before.,network,critical,,critical,resolved,True,0.51,critical,False,Issue resolved by technician,2026-02-03T03:06:10.566563,2026-02-02T12:13:58.566563,2026-02-02T18:13:58.566563,14.87,Construction Holdings,10,0,0,connectivity
1641,TICK-2025-00612,Need software installed,I need QuickBooks installed on my computer for a new project. I don't have admin rights to install it myself. This started after lunch. I'm working in the 2nd floor office. Employee ID: 20704.,software,low,,low,closed,True,0.84,low,False,Issue resolved by technician,2025-11-26T03:00:22.558328,2025-11-18T22:42:58.558328,2025-11-20T21:42:58.558328,172.29,Financial Services Group,10,2,0,installation
1642,TICK-2026-00863,Shared folder permission request,Can you please grant me read access to the projects shared folder? My manager has approved this request. This started yesterday.,network,low,low,low,waiting_on_customer,False,,low,False,,,2026-02-24T19:22:58.570968,2026-02-26T03:22:58.570968,,Construction Holdings,12,10,1,lan
1643,TICK-2026-00188,Mouse cursor jumping around,My mouse cursor keeps jumping to random positions on the screen. I've tried cleaning the sensor but the problem continues. This first noticed before our meeting. Employee ID: 47415.,hardware,low,,low,resolved,True,0.8,low,False,Issue resolved by user,2026-03-04T01:15:46.515444,2026-02-24T03:16:58.515444,2026-02-25T02:16:58.515444,189.98,Construction Holdings,2,9,0,peripheral
1644,TICK-2026-01748,Integration request,We need dashboard to integrate with Teams. Is this possible? This first noticed during a presentation.,feature_request,low,low,low,closed,True,0.76,low,False,Issue resolved by technician,2026-02-02T20:22:46.638373,2026-01-30T13:47:58.638373,2026-01-31T01:47:58.638373,78.58,Research Institute,4,2,0,integration
1645,TICK-2025-01862,General inquiry,I have a question about company policies. Can someone please help me understand this better? This first noticed during a presentation. I'm working in the ground floor office.,other,high,,low,waiting_on_customer,True,0.85,low,True,,,2025-09-16T17:47:58.641700,2025-09-17T22:47:58.641700,,Logistics International,7,13,0,inquiry
1646,TICK-2026-00520,Photoshop won't open,"When I try to launch QuickBooks, nothing happens. I've tried running as administrator but it still won't open. This has been occurring since last week. I'm working in the 2nd floor office.",software,medium,medium,medium,closed,False,,medium,False,Issue resolved by technician,2026-02-01T16:00:58.551917,2026-01-31T23:18:58.551917,2026-02-01T03:18:58.551917,16.7,Education Foundation,5,3,0,application
1647,TICK-2025-01725,Improvement suggestion,The current mobile app workflow is cumbersome. Could you add the ability to auto-save? This has been occurring since yesterday.,feature_request,low,,low,resolved,True,0.69,low,False,Issue resolved by user,2025-11-22T03:58:10.637688,2025-11-12T22:44:58.637688,2025-11-13T16:44:58.637688,221.22,Construction Holdings,6,12,1,enhancement
1648,TICK-2026-01645,Notification settings not saving,I've disabled email notifications several times but I keep receiving them. This started earlier today. Employee ID: 38880.,account,high,high,critical,closed,True,0.98,critical,True,Issue resolved by technician,2026-02-13T05:56:58.635321,2026-02-11T20:44:58.635321,2026-02-13T16:44:58.635321,33.2,Manufacturing Corp,3,7,0,settings
1649,TICK-2025-00082,Computer shuts down randomly,"My computer shuts down without warning. It happens at random times, sometimes after just 10 minutes of use. This first noticed yesterday.",hardware,low,low,low,resolved,True,0.79,low,False,Issue resolved by technician,2025-11-27T21:11:46.508438,2025-11-20T10:42:58.508438,2025-11-21T12:42:58.508438,178.48,Financial Services Group,3,14,2,power
1650,TICK-2026-00837,WiFi keeps disconnecting,My WiFi connection drops every few minutes. I have to turn WiFi off and on to reconnect temporarily. This has been occurring since before our meeting. I'm working from my home office.,network,medium,,medium,closed,False,,medium,False,Issue resolved by technician,2026-02-15T05:34:46.568628,2026-02-14T19:32:58.568628,2026-02-15T21:32:58.568628,10.03,Tech Innovations Inc.,0,3,1,wireless
1651,TICK-2025-01426,Need to update payment method,I need to update my credit card on file as it's expiring soon. How do I do this? This began happening yesterday. This is affecting my productivity.,billing,low,,low,closed,True,0.74,low,False,Issue resolved by technician,2025-12-08T16:35:46.628211,2025-12-05T06:45:58.628211,2025-12-06T04:45:58.628211,81.83,Consulting Associates,6,10,0,payment
1652,TICK-2026-01440,Invoice not received,I haven't received my invoice for October. Can you please resend it to my email? I'm working in the Sales department. I've already restarted 4 times. Employee ID: 22592.,billing,low,,low,resolved,True,0.94,low,False,Issue resolved by technician,2026-01-23T14:58:10.628796,2026-01-20T18:59:58.628796,2026-01-22T09:59:58.628796,67.97,Financial Services Group,3,5,0,invoice
1653,TICK-2026-01615,Can't change my profile settings,"When I try to update my profile information, the save button doesn't work. This first noticed last week. This is affecting my productivity.",account,medium,,low,resolved,False,,low,True,Issue resolved by user,2026-02-20T04:46:58.634456,2026-02-17T09:01:58.634456,2026-02-18T04:01:58.634456,67.75,Construction Holdings,31,1,0,settings
1654,TICK-2026-00189,Cracked laptop screen,I accidentally dropped my laptop and now the screen is cracked. There are lines across the display and part of it is black. This appeared this week. I'm working in meeting room 711.,hardware,high,high,high,resolved,True,0.96,high,False,Issue resolved by technician,2026-02-05T01:21:22.515560,2026-02-03T09:09:58.515560,2026-02-04T18:09:58.515560,40.19,Healthcare Partners,2,7,0,damage
1655,TICK-2026-01094,Password not working,My password stopped working. I'm sure I'm typing it correctly but it says invalid credentials. This has been occurring since since Monday.,login,high,high,high,resolved,False,,high,False,Issue resolved by technician,2026-01-26T08:20:34.599121,2026-01-25T01:40:58.599121,2026-01-26T16:40:58.599121,30.66,Legal Services LLP,15,13,0,password
1656,TICK-2025-00943,WiFi keeps disconnecting,My WiFi connection drops every few minutes. I have to turn WiFi off and on to reconnect temporarily. This started earlier today. Employee ID: 69934.,network,medium,,medium,closed,True,0.92,medium,False,Issue resolved by user,2025-11-06T16:37:22.577666,2025-11-06T01:07:58.577666,2025-11-07T11:07:58.577666,15.49,Tech Innovations Inc.,5,2,0,wireless
1657,TICK-2026-01635,Request account deletion,Please delete my account and all associated data as per GDPR requirements. This started since Monday. Employee ID: 34625.,account,medium,,medium,open,False,,medium,False,,,2026-02-08T01:31:58.635030,2026-02-09T10:31:58.635030,,Legal Services LLP,0,14,0,deletion
1658,TICK-2025-00976,Request access to shared folder,I need access to the documents shared folder on the network. I am a new employee and require access for my work. This started last week. Employee ID: 83496.,network,low,,low,closed,True,0.94,low,False,Issue resolved by technician,2025-09-02T18:31:34.581360,2025-08-26T03:54:58.581360,2025-08-26T20:54:58.581360,182.61,Consulting Associates,2,10,0,lan
1659,TICK-2025-01432,Refund not received,I was promised a refund of $103.58 two weeks ago but I still haven't received it. This began happening since yesterday. I'm working while working remotely.,billing,medium,,medium,closed,True,0.69,medium,False,Issue resolved by user,2025-12-08T10:18:46.628499,2025-12-07T10:34:58.628499,2025-12-08T16:34:58.628499,23.73,Consulting Associates,0,3,0,dispute
1660,TICK-2026-01714,Request for new feature,It would be great if the portal could custom notifications. This would save our team a lot of time. This appeared yesterday afternoon. I'm working while working remotely.,feature_request,low,low,critical,closed,True,0.7,critical,True,Issue resolved by technician,2026-01-31T19:17:10.637362,2026-01-22T17:18:58.637362,2026-01-23T04:18:58.637362,217.97,Media & Entertainment LLC,0,8,0,new_feature
1661,TICK-2026-01845,Training request,I need training on how to use the new CRM. Is there documentation or videos available? This started yesterday.,other,low,,low,resolved,True,0.73,low,False,Issue resolved by technician,2026-01-21T17:30:22.641210,2026-01-18T15:39:58.641210,2026-01-19T22:39:58.641210,73.84,Consulting Associates,0,11,0,inquiry
1662,TICK-2026-00720,WiFi network not appearing,I can't see the office WiFi network in my available networks list. Other people around me can see it.,network,high,,high,closed,True,0.78,high,False,Issue resolved by technician,2026-02-18T17:01:10.563023,2026-02-17T13:23:58.563023,2026-02-18T19:23:58.563023,27.62,Consulting Associates,5,10,0,wireless
1663,TICK-2026-01449,Refund not received,I was promised a refund of $370.22 two weeks ago but I still haven't received it. This first noticed after lunch. I'm working in meeting room 663. This is affecting my productivity.,billing,medium,,medium,resolved,True,0.78,medium,False,Issue resolved by technician,2026-02-25T04:31:46.629130,2026-02-24T06:20:58.629130,2026-02-24T11:20:58.629130,22.18,Manufacturing Corp,4,8,0,dispute
1664,TICK-2026-01729,Dashboard customization,I'd like to be able to customize my dashboard to show custom notifications. I'm working in meeting room 360.,feature_request,low,,low,resolved,True,0.87,low,False,Issue resolved by user,2026-01-31T14:15:46.637805,2026-01-22T10:49:58.637805,2026-01-22T17:49:58.637805,219.43,Education Foundation,5,10,0,new_feature
1665,TICK-2026-00791,Request access to public share,I need access to the public share folder. I am an intern and I am in training. I'm working at our Dallas location.,network,low,,low,in_progress,True,0.98,low,False,,,2026-01-11T21:46:58.565199,2026-01-12T09:46:58.565199,,Manufacturing Corp,3,3,2,lan
1666,TICK-2026-00419,Slack won't open,"When I try to launch Zoom, nothing happens. I've tried running as administrator but it still won't open. This began happening earlier today. I tried the troubleshooting guide but it didn't help.",software,medium,medium,medium,resolved,True,0.86,medium,False,Issue resolved by technician,2026-02-07T15:40:46.543743,2026-02-05T05:11:58.543743,2026-02-06T06:11:58.543743,58.48,Education Foundation,7,3,1,application
1667,TICK-2026-01713,Bulk action needed,Please add the ability to archive multiple items at once in the reporting system. This began happening this morning.,feature_request,medium,,medium,closed,False,,medium,False,Issue resolved by user,2026-01-26T11:38:58.637332,2026-01-23T15:56:58.637332,2026-01-24T12:56:58.637332,67.7,Research Institute,7,3,0,enhancement
1668,TICK-2026-01201,Being redirected to wrong login,"When I try to access SharePoint, it redirects me to the wrong login page.",login,medium,,medium,resolved,True,0.87,medium,False,Issue resolved by technician,2026-01-27T17:17:46.609107,2026-01-27T00:12:58.609107,2026-01-28T00:12:58.609107,17.08,Global Retail Solutions,3,14,1,sso
1669,TICK-2025-01197,Account locked out,My account is locked after too many login attempts. I was trying different passwords I thought might be correct. I'm working at our Downtown location.,login,high,,low,closed,True,0.99,low,True,Issue resolved by technician,2025-10-24T06:55:58.608617,2025-10-23T17:01:58.608617,2025-10-23T19:01:58.608617,13.9,Media & Entertainment LLC,0,2,0,account_locked
1670,TICK-2026-01490,Need to update payment method,I need to update my credit card on file as it's expiring soon. How do I do this? This first noticed last week. I'm working in meeting room 254.,billing,medium,,medium,closed,True,0.83,medium,False,Issue resolved by technician,2026-01-31T03:49:10.630545,2026-01-30T08:23:58.630545,2026-02-01T02:23:58.630545,19.42,Logistics International,1,14,0,payment
1671,TICK-2025-01666,Can't change my profile settings,"When I try to update my profile information, the save button doesn't work. This started last night. Employee ID: 54120.",account,medium,,medium,open,True,0.81,medium,False,,,2025-11-18T21:52:58.635931,2025-11-19T18:52:58.635931,,Construction Holdings,1,8,0,settings
1672,TICK-2025-00277,laptop making strange noise,My workstation is making a loud clicking/grinding noise. It started yesterday and seems to be coming from inside the case. I'm worried about data loss. This started this week. I'm working in meeting room 919. Employee ID: 84547.,hardware,high,,high,closed,True,0.72,high,False,Issue resolved by technician,2025-11-14T09:54:22.522507,2025-11-13T21:00:58.522507,2025-11-14T20:00:58.522507,12.89,Manufacturing Corp,10,6,0,computer
1673,TICK-2026-01745,Request for new feature,It would be great if the reporting system could export to Excel. This would save our team a lot of time. This has been occurring since earlier today. I'm working from my home office.,feature_request,high,,high,waiting_on_customer,True,0.66,high,False,,,2026-02-20T21:32:58.638295,2026-02-21T22:32:58.638295,,Legal Services LLP,3,6,1,new_feature
1674,TICK-2025-01421,Charged twice this month,I was charged twice for my hosting subscription this month. Please refund the duplicate charge. This has been occurring since about an hour ago. Employee ID: 82423.,billing,high,,high,closed,True,0.83,high,False,Issue resolved by technician,2025-04-29T09:39:10.628008,2025-04-28T14:40:58.628008,2025-04-30T00:40:58.628008,18.97,Education Foundation,4,7,0,dispute
1675,TICK-2025-00403,Need software installed,I need Adobe Acrobat installed on my computer for a new project. I don't have admin rights to install it myself.,software,medium,medium,medium,closed,True,0.94,medium,False,Issue resolved by technician,2025-12-23T19:43:34.542168,2025-12-21T05:18:58.542168,2025-12-21T15:18:58.542168,62.41,Research Institute,6,10,1,installation
1676,TICK-2025-00238,Computer shuts down randomly,"My computer shuts down without warning. It happens at random times, sometimes after just 10 minutes of use. Employee ID: 66419.",hardware,medium,,medium,closed,True,0.72,medium,False,Issue resolved by technician,2025-12-29T10:04:34.518759,2025-12-27T10:12:58.518759,2025-12-28T20:12:58.518759,47.86,Consulting Associates,2,13,0,power
1677,TICK-2025-01037,Shared folder permission request,Can you please grant me read access to the documents shared folder? My manager has approved this request. Employee ID: 92626.,network,medium,medium,medium,closed,True,0.7,medium,False,Issue resolved by technician,2025-11-24T20:58:22.590416,2025-11-24T01:55:58.590416,2025-11-24T18:55:58.590416,19.04,Healthcare Partners,1,2,0,lan
1678,TICK-2026-00700,Can't download files from browser,"When I try to download files in Chrome, nothing happens. The download doesn't start. I'm working in the Finance department. This worked fine before.",software,low,low,low,waiting_on_customer,True,0.69,low,False,,,2026-02-12T23:22:58.562293,2026-02-13T10:22:58.562293,,Construction Holdings,4,8,1,browser
1679,TICK-2025-00509,Outlook formulas not calculating,My Excel spreadsheet formulas are showing the formula text instead of calculating. I haven't changed any settings. Employee ID: 19184.,software,low,,low,closed,True,0.9,low,False,Issue resolved by technician,2025-12-30T18:28:46.551076,2025-12-28T01:38:58.551076,2025-12-29T08:38:58.551076,64.83,Consulting Associates,5,0,0,office
1680,TICK-2026-01371,Refund not received,I was promised a refund of $199.02 two weeks ago but I still haven't received it. This first noticed yesterday.,billing,medium,,medium,closed,True,0.86,medium,False,Issue resolved by user,2026-02-11T15:47:46.625572,2026-02-08T02:09:58.625572,2026-02-08T09:09:58.625572,85.63,Logistics International,0,5,0,dispute
1681,TICK-2026-01746,Improvement suggestion,The current portal workflow is cumbersome. Could you add the ability to dark mode? This has been occurring since during a presentation.,feature_request,medium,,medium,open,True,0.9,medium,False,,,2026-02-20T14:56:58.638320,2026-02-21T22:56:58.638320,,Financial Services Group,2,6,0,enhancement
1682,TICK-2026-00503,Chrome not loading pages,Edge shows 'This site can't be reached' for every website I try to visit. Other browsers work fine. This has been occurring since since yesterday. Asset tag: IT-4316-A.,software,critical,,critical,resolved,True,0.96,critical,False,Issue resolved by technician,2026-01-27T18:49:46.550589,2026-01-27T06:47:58.550589,2026-01-28T02:47:58.550589,12.03,Logistics International,2,1,0,browser
1683,TICK-2026-00854,Shared folder permission request,Can you please grant me read access to the documents shared folder? My manager has approved this request. I'm working while working remotely. This worked fine before.,network,high,high,high,open,True,0.75,high,False,,,2026-02-18T12:02:58.570212,2026-02-18T22:02:58.570212,,Financial Services Group,5,0,0,lan
1684,TICK-2026-01399,Charged twice this month,I was charged twice for my hosting subscription this month. Please refund the duplicate charge. This appeared a few hours ago.,billing,medium,medium,medium,closed,True,0.91,medium,False,Issue resolved by technician,2026-02-14T13:27:58.627007,2026-02-13T12:30:58.627007,2026-02-13T18:30:58.627007,24.95,Logistics International,4,13,0,dispute
1685,TICK-2025-01366,Incorrect charge on invoice,My invoice shows a charge of $89.45 that I don't recognize. Please explain this charge. This started this morning.,billing,medium,,low,in_progress,True,0.81,low,True,,,2025-10-09T12:15:58.625309,2025-10-11T06:15:58.625309,,Logistics International,1,3,0,invoice
1686,TICK-2025-01422,Refund not received,I was promised a refund of $214.75 two weeks ago but I still haven't received it. This began happening earlier today.,billing,medium,medium,medium,waiting_on_customer,True,0.84,medium,False,,,2025-12-29T19:02:58.628049,2025-12-30T15:02:58.628049,,Healthcare Partners,3,0,0,dispute
1687,TICK-2026-01466,Refund not received,I was promised a refund of $173.54 two weeks ago but I still haven't received it. This appeared yesterday. This worked fine before.,billing,medium,medium,medium,resolved,True,0.97,medium,False,Issue resolved by technician,2026-02-18T09:16:10.629760,2026-02-16T00:35:58.629760,2026-02-16T08:35:58.629760,56.67,Manufacturing Corp,2,11,0,dispute
1688,TICK-2026-01742,Integration request,We need portal to integrate with Salesforce. Is this possible?,feature_request,low,low,low,closed,False,,low,False,Issue resolved by technician,2026-02-26T13:06:10.638201,2026-02-22T07:22:58.638201,2026-02-23T04:22:58.638201,101.72,Media & Entertainment LLC,8,3,0,integration
1689,TICK-2026-00311,Slack won't open,"When I try to launch AutoCAD, nothing happens. I've tried running as administrator but it still won't open. This started just now. I'm working in the Sales department. Multiple colleagues have the same issue.",software,medium,medium,medium,closed,True,0.95,medium,False,Issue resolved by technician,2026-01-29T02:43:46.525359,2026-01-28T11:05:58.525359,2026-01-28T21:05:58.525359,15.63,Research Institute,1,12,0,application
1690,TICK-2026-00080,Screen flickering constantly,My screen screen keeps flickering every few seconds. It's giving me headaches and making it impossible to work. This has been occurring since yesterday afternoon. Employee ID: 64558.,hardware,low,,high,closed,True,0.96,high,True,Issue resolved by technician,2026-01-09T02:52:46.508240,2026-01-05T01:08:58.508240,2026-01-06T02:08:58.508240,97.73,Global Retail Solutions,10,3,0,display
1691,TICK-2026-00478,Firefox not loading pages,Edge shows 'This site can't be reached' for every website I try to visit. Other browsers work fine. This appeared last night. I'm working in the IT department. I'm working on an important project.,software,high,,high,resolved,True,0.77,high,False,Issue resolved by technician,2026-02-08T04:49:10.548683,2026-02-07T00:23:58.548683,2026-02-07T19:23:58.548683,28.42,Tech Innovations Inc.,12,7,0,browser
1692,TICK-2026-00593,Windows update failed,I tried to install the latest Windows 11 update but it failed with error code 0x0499. The system keeps prompting me to update but it fails every time. This first noticed earlier today.,software,medium,,medium,resolved,True,0.95,medium,False,Issue resolved by user,2026-02-06T13:01:22.557230,2026-02-01T21:49:58.557230,2026-02-03T01:49:58.557230,111.19,Consulting Associates,22,6,0,os
1693,TICK-2026-00389,Slack showing error on startup,"Every time I open AutoCAD, I get an error message: 'Access denied'. The application still opens but I'm worried. This has been occurring since during a presentation.",software,low,low,medium,closed,False,,medium,True,Issue resolved by technician,2026-01-16T20:34:10.540495,2026-01-14T14:23:58.540495,2026-01-14T19:23:58.540495,54.17,Global Retail Solutions,8,6,3,application
1694,TICK-2025-00348,Antivirus blocking application,My antivirus is blocking QuickBooks from running. I've tried adding an exception but it still blocks it. This began happening yesterday afternoon. I'm working in the Engineering department.,software,medium,,medium,resolved,False,,medium,False,Issue resolved by technician,2025-12-24T21:59:10.534101,2025-12-21T18:21:58.534101,2025-12-22T17:21:58.534101,75.62,Manufacturing Corp,4,13,0,security
1695,TICK-2026-00342,Outlook not syncing emails,Outlook stopped syncing new emails. It shows connected but no new messages appear even though I can see them on webmail. This first noticed last week. This worked fine before.,software,high,,high,open,True,0.69,high,False,,,2026-01-18T23:28:58.533498,2026-01-20T20:28:58.533498,,Healthcare Partners,2,9,0,office
1696,TICK-2026-01588,Notification settings not saving,I've disabled email notifications several times but I keep receiving them. Employee ID: 19717.,account,low,low,low,closed,False,,low,False,Issue resolved by user,2026-02-18T18:02:46.633656,2026-02-11T18:00:58.633656,2026-02-12T08:00:58.633656,168.03,Consulting Associates,20,14,0,settings
1697,TICK-2026-00930,VPN connection drops frequently,My VPN connection drops every 15-20 minutes. I have to reconnect which interrupts my work. This first noticed just now. My ticket reference is REF-18685.,network,medium,medium,medium,closed,True,0.97,medium,False,Issue resolved by technician,2026-02-05T22:29:10.576300,2026-02-01T03:18:58.576300,2026-02-02T22:18:58.576300,115.17,Research Institute,1,11,0,vpn
1698,TICK-2026-00885,Can't connect to WiFi,My computer won't connect to the office WiFi. It sees the network but when I try to connect it says 'Can't connect to this network'. I'm working at our Chicago location.,network,high,,low,resolved,True,0.82,low,True,Issue resolved by technician,2026-02-20T00:10:34.572745,2026-02-19T06:54:58.572745,2026-02-20T01:54:58.572745,17.26,Global Retail Solutions,7,0,0,wireless
1699,TICK-2026-01682,Improvement suggestion,The current dashboard workflow is cumbersome. Could you add the ability to keyboard shortcuts? This has been occurring since since Monday. I'm working in meeting room 711. I've already restarted 3 times.,feature_request,low,low,low,closed,True,0.71,low,False,Issue resolved by technician,2026-01-05T00:22:34.636406,2026-01-01T06:06:58.636406,2026-01-02T03:06:58.636406,90.26,Media & Entertainment LLC,4,11,0,enhancement
1700,TICK-2026-00766,Slow speed when connected to VPN,"When I connect to VPN, my internet becomes extremely slow. Takes minutes to open a simple webpage. This began happening during a presentation. This worked fine before.",network,medium,medium,medium,in_progress,True,0.84,medium,False,,,2026-02-10T16:44:58.564444,2026-02-11T21:44:58.564444,,Research Institute,0,5,0,vpn
1701,TICK-2025-00467,Software license expired,My Adobe Acrobat license has expired and I can no longer access the software. I need it for my daily work. This appeared just now. I'm working while working remotely.,software,high,high,high,closed,True,0.91,high,False,Issue resolved by user,2025-11-15T15:24:34.547773,2025-11-14T00:29:58.547773,2025-11-14T22:29:58.547773,38.91,Financial Services Group,3,5,0,installation
1702,TICK-2026-00197,Second monitor not detected,I connected a second monitor to my laptop but macOS doesn't detect it. I've tried the display settings but only shows one monitor. This began happening this week.,hardware,low,,low,resolved,False,,low,False,Issue resolved by user,2026-02-18T10:45:46.515897,2026-02-14T02:49:58.515897,2026-02-14T04:49:58.515897,103.93,Global Retail Solutions,2,13,0,display
1703,TICK-2025-00963,VPN won't connect,I'm trying to connect to the company VPN from home but it keeps timing out. I can access the internet fine without VPN. I tried the troubleshooting guide but it didn't help. Employee ID: 45364.,network,high,,high,closed,False,,high,False,Issue resolved by user,2025-10-11T08:58:58.580058,2025-10-10T20:22:58.580058,2025-10-11T21:22:58.580058,12.6,Construction Holdings,4,6,2,vpn
1704,TICK-2026-01761,Improvement suggestion,The current reporting system workflow is cumbersome. Could you add the ability to custom notifications? I'm working while working remotely.,feature_request,low,,low,resolved,True,0.78,low,False,Issue resolved by user,2026-02-15T07:59:10.638752,2026-02-08T07:45:58.638752,2026-02-10T02:45:58.638752,168.22,Consulting Associates,10,3,0,enhancement
1705,TICK-2026-00663,Software license expired,My Adobe Acrobat license has expired and I can no longer access the software. I need it for my daily work. This began happening this morning. I'm working in the Marketing department.,software,high,high,high,closed,False,,high,False,Issue resolved by user,2026-01-06T04:23:34.560844,2026-01-05T10:37:58.560844,2026-01-05T21:37:58.560844,17.76,Logistics International,2,7,0,installation
1706,TICK-2025-00773,Request access to shared folder,I need access to the documents shared folder on the network. I am a new employee and require access for my work. This started after lunch.,network,high,high,high,resolved,True,0.88,high,False,Issue resolved by technician,2025-12-22T20:01:22.564664,2025-12-21T18:58:58.564664,2025-12-22T14:58:58.564664,25.04,Global Retail Solutions,3,1,0,lan
1707,TICK-2026-01916,Conference room booking issue,I'm having trouble booking conference room Main Conference for my meeting tomorrow. This first noticed earlier today.,other,medium,,medium,resolved,True,0.71,medium,False,Issue resolved by technician,2026-03-01T20:39:10.643372,2026-02-26T21:07:58.643372,2026-02-28T04:07:58.643372,71.52,Education Foundation,0,11,1,general
1708,TICK-2026-01455,Invoice not received,I haven't received my invoice for September. Can you please resend it to my email? This has been occurring since earlier today.,billing,high,,high,closed,True,0.92,high,False,Issue resolved by technician,2026-02-22T03:56:22.629370,2026-02-20T14:05:58.629370,2026-02-20T20:05:58.629370,37.84,Manufacturing Corp,0,0,0,invoice
1709,TICK-2026-01068,Can't change my password,I'm trying to update my password as required but the system says my new password doesn't meet requirements. I'm working from my home office.,login,medium,medium,critical,closed,True,0.89,critical,True,Issue resolved by user,2026-02-05T06:56:22.596280,2026-01-31T22:29:58.596280,2026-02-02T22:29:58.596280,104.44,Construction Holdings,6,5,0,password
1710,TICK-2026-00869,Slow WiFi speed,My WiFi speed is extremely slow. Speedtest shows 6 Mbps download when it should be much faster. This appeared last night. I'm working in meeting room 678.,network,medium,,medium,in_progress,True,0.6,medium,False,,,2026-01-28T19:43:58.571457,2026-01-29T09:43:58.571457,,Healthcare Partners,4,2,0,wireless
1711,TICK-2025-01842,Feedback on service,I wanted to provide feedback on my recent support experience. Very satisfied with the support received. I'm working in the IT department.,other,low,,medium,resolved,True,0.69,medium,True,Issue resolved by technician,2025-10-02T06:25:34.641123,2025-09-25T19:27:58.641123,2025-09-26T08:27:58.641123,154.96,Healthcare Partners,4,15,0,feedback
1712,TICK-2026-01570,Update my contact information,Please update my phone number to +1-555-138-6944 in the system. This appeared last night. I'm working while working remotely.,account,low,,low,resolved,True,0.76,low,False,Issue resolved by user,2026-02-17T11:12:34.633097,2026-02-16T06:47:58.633097,2026-02-18T05:47:58.633097,28.41,Legal Services LLP,1,2,0,profile
1713,TICK-2025-01231,SSO login not working,"When I try to log in with my company credentials, I get an error: 'Authentication failed'. This appeared yesterday afternoon. I'm working at my desk in Building A.",login,low,,low,closed,True,0.84,low,False,Issue resolved by technician,2025-09-05T03:06:58.613537,2025-08-30T11:39:58.613537,2025-08-31T12:39:58.613537,135.45,Financial Services Group,3,8,0,sso
1714,TICK-2026-01654,Need additional permissions,I need edit permissions for the file sharing to do my job. Currently I only have view access.,account,low,low,low,closed,True,0.67,low,False,Issue resolved by technician,2026-02-11T02:01:10.635574,2026-02-06T14:41:58.635574,2026-02-08T13:41:58.635574,107.32,Legal Services LLP,2,5,0,permissions
1715,TICK-2026-00232,Mouse cursor jumping around,My mouse cursor keeps jumping to random positions on the screen. I've tried cleaning the sensor but the problem continues. This started yesterday afternoon. I'm working in the IT department. Multiple colleagues have the same issue.,hardware,low,,critical,in_progress,True,0.84,critical,True,,,2026-02-19T23:58:58.518262,2026-02-21T12:58:58.518262,,Financial Services Group,1,9,0,peripheral
1716,TICK-2025-00468,Antivirus blocking application,My antivirus is blocking Adobe Acrobat from running. I've tried adding an exception but it still blocks it. Employee ID: 45431.,software,medium,,medium,resolved,True,0.89,medium,False,Issue resolved by technician,2025-04-20T13:54:58.547850,2025-04-18T03:06:58.547850,2025-04-18T15:06:58.547850,58.8,Media & Entertainment LLC,7,4,0,security
1717,TICK-2025-01339,SSO login not working,"When I try to log in with my company credentials, I get an error: 'Authentication failed'. This first noticed just now. I'm working in meeting room 340. Employee ID: 88152.",login,high,high,high,in_progress,True,0.72,high,False,,,2025-10-09T04:35:58.623770,2025-10-11T04:35:58.623770,,Financial Services Group,0,13,1,sso
1718,TICK-2025-01559,Remove user from system,Michael Chen has left the company and their account should be deactivated. This first noticed about an hour ago. I'm working at my desk in Building A.,account,medium,medium,low,closed,True,0.86,low,True,Issue resolved by technician,2025-11-26T19:54:22.632757,2025-11-22T13:45:58.632757,2025-11-24T13:45:58.632757,102.14,Consulting Associates,0,5,0,deletion
1719,TICK-2026-00410,Can't download files from browser,"When I try to download files in Edge, nothing happens. The download doesn't start. This has been occurring since yesterday.",software,low,,low,closed,True,0.94,low,False,Issue resolved by technician,2026-01-14T18:04:46.542826,2026-01-13T11:47:58.542826,2026-01-15T11:47:58.542826,30.28,Global Retail Solutions,14,13,0,browser
1720,TICK-2026-01819,Training request,I need training on how to use HR portal. Is there documentation or videos available? This started just now.,other,low,,low,closed,False,,low,False,Issue resolved by technician,2026-01-25T12:57:34.640456,2026-01-16T02:29:58.640456,2026-01-16T12:29:58.640456,226.46,Education Foundation,3,11,0,inquiry
1721,TICK-2026-01020,Shared folder permission request,Can you please grant me read access to the shared shared folder? My manager has approved this request. This began happening before our meeting. I'm working at my desk in Building 3. Employee ID: 84925.,network,low,low,low,resolved,True,0.75,low,False,Issue resolved by technician,2026-02-12T15:08:22.588646,2026-02-09T23:11:58.588646,2026-02-11T12:11:58.588646,63.94,Logistics International,0,6,0,lan
1722,TICK-2026-00649,Application freezing randomly,Zoom freezes randomly during use. I have to force close it and lose my unsaved work. This appeared before our meeting.,software,medium,medium,medium,closed,True,0.67,medium,False,Issue resolved by user,2026-02-21T16:58:10.560239,2026-02-18T14:11:58.560239,2026-02-19T21:11:58.560239,74.77,Construction Holdings,3,14,0,application
1723,TICK-2026-00299,Print quality is poor,My printed documents are coming out with streaks and faded areas. I've replaced the cartridge but the problem persists. This first noticed since Monday. I've already restarted 3 times.,hardware,low,,low,resolved,True,0.55,low,False,Issue resolved by user,2026-02-08T10:58:46.524362,2026-02-03T06:56:58.524362,2026-02-04T23:56:58.524362,124.03,Logistics International,0,0,0,printer
1724,TICK-2026-00324,Suspicious popup messages,I keep getting popup messages even when no browser is open. They ask me to call a number for support. This began happening this week. Employee ID: 33406.,software,critical,,critical,resolved,True,0.92,critical,False,Issue resolved by technician,2026-01-28T13:03:22.530495,2026-01-28T09:27:58.530495,2026-01-29T14:27:58.530495,3.59,Consulting Associates,4,6,0,security
1725,TICK-2026-00545,Browser extremely slow,My Safari has become very slow. Pages take 30+ seconds to load and tabs crash frequently. This has been occurring since yesterday afternoon. I'm working in the Sales department. This worked fine before.,software,low,low,low,closed,True,0.96,low,False,Issue resolved by technician,2026-02-12T23:13:34.553970,2026-02-09T13:00:58.553970,2026-02-09T17:00:58.553970,82.21,Healthcare Partners,0,5,0,browser
1726,TICK-2026-01999,Office supplies needed,My team needs pens. How do I order them? This appeared last week. I'm working in the 4th floor office.,other,low,low,low,closed,True,0.83,low,False,Issue resolved by technician,2026-03-01T17:57:58.645772,2026-02-22T20:45:58.645772,2026-02-23T17:45:58.645772,165.2,Healthcare Partners,3,9,0,inquiry
1727,TICK-2025-00992,VPN connection drops frequently,My VPN connection drops every 15-20 minutes. I have to reconnect which interrupts my work. This began happening before our meeting. Employee ID: 93483.,network,medium,medium,medium,resolved,True,0.63,medium,False,Issue resolved by technician,2026-01-02T11:21:46.583455,2025-12-31T08:10:58.583455,2026-01-02T06:10:58.583455,51.18,Tech Innovations Inc.,4,12,0,vpn
1728,TICK-2025-00993,Cannot access network share,I'm unable to access the \\team network share. I get 'Access is denied' when I try to open it. This first noticed last week. Please prioritize this.,network,medium,medium,medium,resolved,True,0.74,medium,False,Issue resolved by technician,2025-11-20T23:43:10.583658,2025-11-17T14:20:58.583658,2025-11-19T07:20:58.583658,81.37,Consulting Associates,1,14,2,lan
1729,TICK-2025-00865,VPN won't connect,I'm trying to connect to the company VPN from home but it keeps timing out. I can access the internet fine without VPN. This started about an hour ago. I'm working at our Austin location.,network,medium,,medium,resolved,True,0.74,medium,False,Issue resolved by technician,2025-12-14T13:57:10.571125,2025-12-11T23:43:58.571125,2025-12-13T20:43:58.571125,62.22,Education Foundation,5,8,0,vpn
1730,TICK-2025-01196,Not receiving MFA text messages,I selected SMS for MFA but I'm not receiving the text messages with the code. This appeared since Monday. I'm working at our Dallas location. Employee ID: 18832.,login,medium,,medium,closed,True,0.8,medium,False,Issue resolved by technician,2025-09-25T10:54:34.608526,2025-09-22T05:41:58.608526,2025-09-22T12:41:58.608526,77.21,Education Foundation,5,2,0,mfa
1731,TICK-2026-00267,Mouse cursor jumping around,My mouse cursor keeps jumping to random positions on the screen. I've tried cleaning the sensor but the problem continues. This first noticed since yesterday. I'm working from my home office. This worked fine before.,hardware,low,,low,open,True,0.88,low,False,,,2026-02-07T01:04:58.521638,2026-02-07T07:04:58.521638,,Global Retail Solutions,0,5,0,peripheral
1732,TICK-2025-00833,No internet connection,I'm connected to the network but have no internet access. Firefox says 'No internet' for all websites. This first noticed about an hour ago. I'm working at my desk in Building 2.,network,critical,,critical,resolved,True,0.94,critical,False,Issue resolved by technician,2025-12-20T13:15:46.568168,2025-12-19T15:04:58.568168,2025-12-21T08:04:58.568168,22.18,Healthcare Partners,5,7,0,connectivity
1733,TICK-2025-01766,Request for new feature,It would be great if the mobile app could batch delete. This would save our team a lot of time. This appeared yesterday.,feature_request,low,low,medium,closed,True,0.95,medium,True,Issue resolved by technician,2025-10-31T14:06:46.638894,2025-10-24T11:01:58.638894,2025-10-25T05:01:58.638894,171.08,Manufacturing Corp,2,2,0,new_feature
1734,TICK-2025-01779,Dashboard customization,I'd like to be able to customize my dashboard to show dark mode. This first noticed earlier today.,feature_request,low,,low,open,True,0.92,low,False,,,2025-10-25T17:05:58.639270,2025-10-27T11:05:58.639270,,Financial Services Group,2,3,0,new_feature
1735,TICK-2026-00367,Teams calls dropping frequently,My Microsoft Teams calls keep dropping after a few minutes. The audio cuts out and then I get disconnected.,software,high,high,high,closed,True,0.83,high,False,Issue resolved by technician,2026-02-01T18:16:58.536098,2026-01-31T13:07:58.536098,2026-02-02T00:07:58.536098,29.15,Logistics International,2,10,0,office
1736,TICK-2026-01468,Payment failed,I received a notice that my payment failed. My card is valid so I'm not sure why. My ticket reference is REF-48160.,billing,high,,high,resolved,True,0.81,high,False,Issue resolved by technician,2026-01-05T07:05:10.629829,2026-01-03T19:12:58.629829,2026-01-05T05:12:58.629829,35.87,Media & Entertainment LLC,4,2,0,payment
1737,TICK-2025-01319,Need access to CRM,I've been told I need access to email for my new role. Please grant me the necessary permissions. This appeared yesterday afternoon.,login,low,,low,closed,True,0.83,low,False,Issue resolved by user,2025-09-05T11:28:58.622471,2025-08-28T06:46:58.622471,2025-08-29T02:46:58.622471,196.7,Logistics International,3,9,0,access
1738,TICK-2025-01093,Being redirected to wrong login,"When I try to access project management system, it redirects me to the wrong login page. Employee ID: 38864.",login,medium,,medium,resolved,True,0.84,medium,False,Issue resolved by technician,2025-12-25T00:32:10.599040,2025-12-24T06:24:58.599040,2025-12-25T21:24:58.599040,18.12,Logistics International,7,3,0,sso
1739,TICK-2026-01181,Account disabled,I can't log in and the message says my account has been disabled. I don't know why this happened. This has been occurring since last week. I'm working at my desk in Building 1. Asset tag: IT-5916-B. Employee ID: 48117.,login,critical,critical,critical,closed,True,0.65,critical,False,Issue resolved by user,2026-01-07T13:16:34.607126,2026-01-07T04:06:58.607126,2026-01-08T14:06:58.607126,9.16,Consulting Associates,2,8,2,account_locked
1740,TICK-2026-00420,Browser extremely slow,My Firefox has become very slow. Pages take 30+ seconds to load and tabs crash frequently. This appeared a few hours ago. I'm working in the IT department.,software,low,,low,open,True,0.9,low,False,,,2026-01-11T06:47:58.543829,2026-01-11T13:47:58.543829,,Financial Services Group,0,1,0,browser
1741,TICK-2026-01747,Improvement suggestion,The current portal workflow is cumbersome. Could you add the ability to auto-save?,feature_request,medium,medium,medium,resolved,True,0.67,medium,False,Issue resolved by user,2026-01-23T18:11:46.638346,2026-01-21T18:00:58.638346,2026-01-21T21:00:58.638346,48.18,Media & Entertainment LLC,0,9,1,enhancement
1742,TICK-2025-00475,Computer infected with virus,"I think my computer has a virus. It's running slow, showing popups, and my homepage changed without my doing. This appeared about an hour ago. I'm working while working remotely.",software,critical,,critical,closed,True,0.86,critical,False,Issue resolved by user,2025-11-07T20:58:58.548423,2025-11-07T12:52:58.548423,2025-11-07T22:52:58.548423,8.1,Consulting Associates,0,1,0,security
1743,TICK-2026-01296,Being redirected to wrong login,"When I try to access SharePoint, it redirects me to the wrong login page. I'm working on an important project.",login,medium,,medium,closed,True,0.95,medium,False,Issue resolved by user,2026-02-21T05:06:34.620773,2026-02-17T02:47:58.620773,2026-02-18T21:47:58.620773,98.31,Healthcare Partners,1,14,0,sso
1744,TICK-2026-01388,Invoice not received,I haven't received my invoice for January. Can you please resend it to my email? I'm working on an important project. Employee ID: 16828.,billing,critical,,critical,resolved,True,0.69,critical,False,Issue resolved by user,2026-02-23T18:17:46.626470,2026-02-23T11:21:58.626470,2026-02-25T04:21:58.626470,6.93,Manufacturing Corp,0,12,0,invoice
1745,TICK-2026-00293,Second monitor not detected,I connected a second monitor to my laptop but macOS doesn't detect it. I've tried the display settings but only shows one monitor. This appeared this week.,hardware,low,,low,waiting_on_customer,True,0.66,low,False,,,2026-02-26T19:46:58.523846,2026-02-27T11:46:58.523846,,Financial Services Group,0,14,0,display
1746,TICK-2025-01253,Account locked out,My account is locked after too many login attempts. I was trying different passwords I thought might be correct. I'm working at our Dallas location.,login,high,,high,resolved,True,0.84,high,False,Issue resolved by user,2025-08-05T01:09:58.616477,2025-08-04T10:39:58.616477,2025-08-04T21:39:58.616477,14.5,Logistics International,1,13,0,account_locked
1747,TICK-2025-00078,Second monitor not detected,I connected a second monitor to my laptop but Windows doesn't detect it. I've tried the display settings but only shows one monitor. This appeared since yesterday. I'm working in the IT department.,hardware,low,,low,resolved,False,,low,False,Issue resolved by technician,2025-09-24T01:29:58.508072,2025-09-20T17:14:58.508072,2025-09-21T09:14:58.508072,80.25,Manufacturing Corp,1,8,0,display
1748,TICK-2025-00916,No internet connection,I'm connected to the network but have no internet access. Edge says 'No internet' for all websites. This first noticed just now. I'm working in the 2nd floor office.,network,critical,,critical,resolved,True,0.7,critical,False,Issue resolved by user,2025-12-22T17:42:46.575173,2025-12-22T07:16:58.575173,2025-12-22T16:16:58.575173,10.43,Financial Services Group,3,5,0,connectivity
1749,TICK-2026-01973,Office supplies needed,My team needs printer paper. How do I order them? This started since yesterday. I'm working in the 2nd floor office. Employee ID: 38668.,other,low,low,low,resolved,True,0.9,low,False,Issue resolved by technician,2026-02-19T10:38:34.645008,2026-02-18T02:28:58.645008,2026-02-19T08:28:58.645008,32.16,Healthcare Partners,4,1,0,inquiry
1750,TICK-2026-00876,Request access to shared folder,I need access to the documents shared folder on the network. I am a new employee and require access for my work. This has been occurring since last week.,network,low,,low,closed,False,,low,False,Issue resolved by technician,2026-02-09T08:34:46.572048,2026-02-07T20:53:58.572048,2026-02-08T06:53:58.572048,35.68,Tech Innovations Inc.,2,13,0,lan
1751,TICK-2026-00585,Can't save documents in Teams,"When I try to save in Teams, I get an error message saying the file is in use by another program. This appeared during a presentation. I'm working in the IT department. My ticket reference is REF-64862.",software,medium,,medium,resolved,True,0.9,medium,False,Issue resolved by technician,2026-01-21T23:54:22.556744,2026-01-20T01:57:58.556744,2026-01-21T05:57:58.556744,45.94,Research Institute,0,7,0,office
1752,TICK-2026-01750,Improvement suggestion,The current project management tool workflow is cumbersome. Could you add the ability to keyboard shortcuts? This has been occurring since about an hour ago. I'm working at our Austin location. My ticket reference is REF-54313.,feature_request,low,,low,open,True,0.77,low,False,,,2026-02-26T16:35:58.638436,2026-02-28T07:35:58.638436,,Research Institute,6,2,2,enhancement
1753,TICK-2025-01293,Can't change my password,I'm trying to update my password as required but the system says my new password doesn't meet requirements. This appeared during a presentation.,login,medium,,medium,resolved,True,0.96,medium,False,Issue resolved by technician,2025-12-06T18:35:46.620524,2025-12-02T22:27:58.620524,2025-12-03T17:27:58.620524,92.13,Media & Entertainment LLC,0,4,0,password
1754,TICK-2026-00120,Printer not printing,"When I try to print, the job gets stuck in the queue. The printer shows as online but nothing comes out. This appeared about an hour ago. Employee ID: 62142.",hardware,medium,medium,medium,resolved,False,,medium,False,Issue resolved by technician,2026-02-24T12:22:58.512050,2026-02-20T09:16:58.512050,2026-02-21T18:16:58.512050,99.1,Legal Services LLP,2,8,0,printer
1755,TICK-2025-01626,Remove user from system,Emily Davis has left the company and their account should be deactivated. I tried the troubleshooting guide but it didn't help.,account,high,high,high,closed,True,0.94,high,False,Issue resolved by user,2025-12-14T03:31:10.634768,2025-12-13T20:35:58.634768,2025-12-15T11:35:58.634768,6.92,Tech Innovations Inc.,8,14,1,deletion
1756,TICK-2025-00493,Can't install software,I'm trying to install Adobe Acrobat but the installation fails with error: 0x25C3 I'm working from my home office.,software,medium,,medium,open,True,0.95,medium,False,,,2025-10-07T19:07:58.549829,2025-10-08T14:07:58.549829,,Manufacturing Corp,0,9,0,installation
1757,TICK-2026-01811,Feedback on service,I wanted to provide feedback on my recent support experience. The response was quick and helpful. I'm working in the ground floor office. Please prioritize this.,other,high,high,high,resolved,True,0.79,high,False,Issue resolved by technician,2026-02-22T15:35:22.640226,2026-02-21T14:35:58.640226,2026-02-23T00:35:58.640226,24.99,Consulting Associates,0,6,3,feedback
1758,TICK-2026-00459,Windows 11 update failed,I tried to install the latest Windows 11 update but it failed with error code 0x2059. The system keeps prompting me to update but it fails every time. This began happening before our meeting. I'm working at my desk in Building A. Employee ID: 67372.,software,medium,,low,closed,False,,low,True,Issue resolved by technician,2026-01-23T18:16:58.547112,2026-01-20T12:34:58.547112,2026-01-20T13:34:58.547112,77.7,Global Retail Solutions,2,0,0,os
1759,TICK-2025-00199,Computer shuts down randomly,"My computer shuts down without warning. It happens at random times, sometimes after just 10 minutes of use. This started last week.",hardware,high,high,high,in_progress,True,0.97,high,False,,,2025-12-19T11:21:58.515973,2025-12-20T09:21:58.515973,,Global Retail Solutions,0,1,0,power
1760,TICK-2026-00432,Word formulas not calculating,My PowerPoint spreadsheet formulas are showing the formula text instead of calculating. I haven't changed any settings.,software,medium,,medium,closed,True,0.8,medium,False,Issue resolved by technician,2026-02-10T07:23:46.544888,2026-02-09T16:09:58.544888,2026-02-11T08:09:58.544888,15.23,Consulting Associates,1,5,0,office
1761,TICK-2025-00735,Slow WiFi speed,My WiFi speed is extremely slow. Speedtest shows 3 Mbps download when it should be much faster. This appeared about an hour ago. I'm working in the IT department.,network,low,,low,in_progress,True,0.68,low,False,,,2025-07-06T01:35:58.563530,2025-07-06T21:35:58.563530,,Media & Entertainment LLC,1,13,0,wireless
1762,TICK-2026-01210,Forgot my password,I forgot my password and can't log in. I've tried the reset option but haven't received the email. This is affecting my productivity.,login,high,,high,closed,True,0.92,high,False,Issue resolved by technician,2026-01-17T03:01:22.609866,2026-01-16T08:04:58.609866,2026-01-17T12:04:58.609866,18.94,Global Retail Solutions,7,11,0,password
1763,TICK-2026-01752,Mobile app feature request,Could you add export to Excel to the mobile app? It's available on desktop but not mobile. This started last night. I'm working at my desk in Building A. I'm working on an important project. Employee ID: 99846.,feature_request,low,,low,closed,False,,low,False,Issue resolved by user,2026-02-16T16:41:10.638495,2026-02-11T07:06:58.638495,2026-02-11T22:06:58.638495,129.57,Manufacturing Corp,0,8,0,enhancement
1764,TICK-2025-01415,Charged twice this month,I was charged twice for my software license subscription this month. Please refund the duplicate charge. This started during a presentation.,billing,high,,medium,closed,True,0.77,medium,True,Issue resolved by user,2025-10-26T15:34:10.627755,2025-10-26T01:44:58.627755,2025-10-26T05:44:58.627755,13.82,Logistics International,3,15,0,dispute
1765,TICK-2026-01059,Video calls have poor quality,My video calls have terrible quality with constant freezing and audio delay. My internet speed seems fine. This started earlier today. I'm working from my home office. I tried the troubleshooting guide but it didn't help.,network,low,low,low,in_progress,True,0.98,low,False,,,2026-02-22T07:37:58.595103,2026-02-24T01:37:58.595103,,Tech Innovations Inc.,9,15,0,performance
1766,TICK-2026-00211,Second monitor not detected,I connected a second monitor to my laptop but Windows doesn't detect it. I've tried the display settings but only shows one monitor. This appeared last week. Employee ID: 36385.,hardware,low,,low,open,True,0.73,low,False,,,2026-02-02T05:45:58.516485,2026-02-03T17:45:58.516485,,Media & Entertainment LLC,4,13,0,display
1767,TICK-2025-00012,Cracked laptop screen,I accidentally dropped my laptop and now the screen is cracked. There are lines across the display and part of it is black. This appeared during a presentation.,hardware,high,,medium,resolved,True,0.97,medium,True,Issue resolved by user,2025-12-29T16:15:58.503686,2025-12-29T06:06:58.503686,2025-12-30T16:06:58.503686,10.15,Manufacturing Corp,2,13,0,display
1768,TICK-2026-00219,Paper jam in printer,The printer keeps showing a paper jam error but I've checked and there's no paper stuck. Cleared the tray multiple times. This appeared this week.,hardware,medium,medium,medium,closed,True,0.88,medium,False,Issue resolved by user,2026-01-29T16:20:46.517176,2026-01-27T21:57:58.517176,2026-01-28T09:57:58.517176,42.38,Media & Entertainment LLC,4,9,0,printer
1769,TICK-2026-01046,Shared folder permission request,Can you please grant me read access to the projects shared folder? My manager has approved this request.,network,low,,critical,closed,True,0.96,critical,True,Issue resolved by user,2026-02-04T03:03:34.592705,2026-01-25T09:35:58.592705,2026-01-26T03:35:58.592705,233.46,Research Institute,0,14,0,lan
1770,TICK-2026-00122,Laptop battery draining quickly,My laptop battery used to last 6 hours but now it dies in less than 2 hours. The battery health shows 46%. This has been occurring since during a presentation.,hardware,medium,,medium,closed,True,0.72,medium,False,Issue resolved by technician,2026-02-18T06:43:58.512144,2026-02-17T10:49:58.512144,2026-02-18T23:49:58.512144,19.9,Research Institute,7,1,0,power
1771,TICK-2026-00897,New hire needs network share access,I started this week and need to be granted access to the shared folders on the network as part of onboarding. This began happening this week. I have a deadline in 2 days. Employee ID: 80398.,network,medium,,medium,open,True,0.81,medium,False,,,2026-02-11T10:29:58.573684,2026-02-13T06:29:58.573684,,Media & Entertainment LLC,0,8,0,lan
1772,TICK-2025-01491,Charged twice this month,I was charged twice for my software license subscription this month. Please refund the duplicate charge.,billing,high,,high,closed,False,,high,False,Issue resolved by technician,2025-11-18T05:17:10.630577,2025-11-17T16:09:58.630577,2025-11-19T10:09:58.630577,13.12,Media & Entertainment LLC,1,8,0,dispute
1773,TICK-2026-01190,New employee needs account,A new team member Michael Chen started today and needs their accounts set up. Email: newuser75@company.com This started before our meeting. I'm working while working remotely.,login,high,,high,closed,True,0.78,high,False,Issue resolved by technician,2026-02-18T04:10:10.607855,2026-02-16T17:05:58.607855,2026-02-17T12:05:58.607855,35.07,Tech Innovations Inc.,2,14,0,access
1774,TICK-2026-00353,Chrome not loading pages,Edge shows 'This site can't be reached' for every website I try to visit. Other browsers work fine. This has been occurring since this week. I'm working in the IT department.,software,high,high,high,resolved,True,0.78,high,False,Issue resolved by technician,2026-01-04T00:23:10.534634,2026-01-03T18:21:58.534634,2026-01-04T17:21:58.534634,6.02,Education Foundation,8,15,2,browser
1775,TICK-2026-00507,Word formulas not calculating,My Office spreadsheet formulas are showing the formula text instead of calculating. I haven't changed any settings. This started just now. I'm working at my desk in Building A. Employee ID: 61344.,software,medium,medium,medium,resolved,True,0.66,medium,False,Issue resolved by technician,2026-02-09T00:58:46.550899,2026-02-05T23:17:58.550899,2026-02-06T11:17:58.550899,73.68,Research Institute,5,2,0,office
1776,TICK-2026-00776,Request access to shared folder,I need access to the documents shared folder on the network. I am a new employee and require access for my work. I'm working at my desk in Building B.,network,low,,low,resolved,True,0.78,low,False,Issue resolved by technician,2026-02-16T09:50:46.564750,2026-02-10T16:51:58.564750,2026-02-12T04:51:58.564750,136.98,Consulting Associates,0,14,0,lan
1777,TICK-2025-00575,Teams formulas not calculating,My Word spreadsheet formulas are showing the formula text instead of calculating. I haven't changed any settings. This first noticed a few hours ago.,software,medium,,medium,waiting_on_customer,True,0.68,medium,False,,,2025-12-03T12:48:58.556067,2025-12-03T21:48:58.556067,,Research Institute,3,13,0,office
1778,TICK-2025-01986,Conference room booking issue,I'm having trouble booking conference room B205 for my meeting tomorrow. This started before our meeting.,other,medium,,medium,closed,True,0.99,medium,False,Issue resolved by technician,2025-11-07T03:16:22.645388,2025-11-06T09:19:58.645388,2025-11-08T02:19:58.645388,17.94,Media & Entertainment LLC,6,6,0,general
1779,TICK-2026-00958,Request access to shared folder,I need access to the projects shared folder on the network. I am a new employee and require access for my work. Please prioritize this.,network,low,,low,resolved,True,0.83,low,False,Issue resolved by technician,2026-01-25T17:17:34.579502,2026-01-18T23:25:58.579502,2026-01-19T17:25:58.579502,161.86,Research Institute,3,4,0,lan
1780,TICK-2025-00686,Windows 11 update failed,I tried to install the latest Windows 10 update but it failed with error code 0x1572. The system keeps prompting me to update but it fails every time.,software,low,,low,resolved,True,0.88,low,False,Issue resolved by technician,2025-08-12T13:12:46.561791,2025-08-04T14:19:58.561791,2025-08-06T09:19:58.561791,190.88,Manufacturing Corp,2,14,3,os
1781,TICK-2025-00755,Slow WiFi speed,My WiFi speed is extremely slow. Speedtest shows 8 Mbps download when it should be much faster. I'm working from my home office.,network,medium,medium,medium,resolved,True,0.74,medium,False,Issue resolved by technician,2025-08-29T11:42:46.564121,2025-08-27T05:43:58.564121,2025-08-27T23:43:58.564121,53.98,Tech Innovations Inc.,3,14,0,wireless
1782,TICK-2025-01599,Remove user from system,Sarah Johnson has left the company and their account should be deactivated. This has been occurring since during a presentation. I'm working in the 2nd floor office.,account,high,,high,resolved,True,0.7,high,False,Issue resolved by technician,2025-12-16T14:48:34.633970,2025-12-14T21:20:58.633970,2025-12-15T01:20:58.633970,41.46,Legal Services LLP,2,3,1,deletion
1783,TICK-2026-01416,Need to upgrade subscription,I need to upgrade my subscription from Basic to Premium. Please advise on the process and pricing. I'm working at my desk in Building 1. I have a deadline end of week. Employee ID: 90106.,billing,medium,medium,medium,waiting_on_customer,True,0.83,medium,False,,,2026-02-27T08:54:58.627799,2026-02-28T20:54:58.627799,,Research Institute,17,0,0,subscription
1784,TICK-2026-00730,Need access to team shared drive,I've just joined the documents team and need access to the shared network drive to do my job. This first noticed since Monday. This worked fine before.,network,low,,low,closed,True,0.57,low,False,Issue resolved by technician,2026-01-20T01:15:34.563369,2026-01-18T09:20:58.563369,2026-01-18T11:20:58.563369,39.91,Logistics International,11,4,1,lan
1785,TICK-2026-01471,Invoice not received,I haven't received my invoice for October. Can you please resend it to my email? This has been occurring since this week.,billing,low,low,low,open,True,0.57,low,False,,,2026-02-24T16:13:58.629926,2026-02-26T13:13:58.629926,,Research Institute,1,3,0,invoice
1786,TICK-2025-00162,Wireless headset not connecting,My wireless headset won't connect to my computer via Bluetooth. It was working fine yesterday. This appeared during a presentation. I'm working from my home office. My ticket reference is REF-40384.,hardware,high,,low,closed,True,0.92,low,True,Issue resolved by user,2025-10-30T14:44:22.514256,2025-10-30T00:20:58.514256,2025-10-31T11:20:58.514256,14.39,Healthcare Partners,1,11,0,peripheral
1787,TICK-2025-00495,Teams calls dropping frequently,My Microsoft Teams calls keep dropping after a few minutes. The audio cuts out and then I get disconnected. This began happening yesterday. I'm working on an important project.,software,high,high,high,in_progress,False,,high,False,,,2025-10-09T05:14:58.549995,2025-10-09T21:14:58.549995,,Financial Services Group,20,3,0,office
1788,TICK-2025-01595,Remove user from system,John Smith has left the company and their account should be deactivated. This began happening this morning.,account,high,,high,waiting_on_customer,True,0.88,high,False,,,2025-12-04T05:04:58.633856,2025-12-05T01:04:58.633856,,Media & Entertainment LLC,2,10,0,deletion
1789,TICK-2026-00260,Water spilled on laptop,I accidentally spilled water on my laptop. I turned it off immediately but now it won't start. This began happening this morning.,hardware,critical,,critical,resolved,True,0.92,critical,False,Issue resolved by technician,2026-01-15T21:15:34.520985,2026-01-15T09:26:58.520985,2026-01-16T05:26:58.520985,11.81,Logistics International,9,10,0,damage
1790,TICK-2026-01055,Need access to team shared drive,I've just joined the projects team and need access to the shared network drive to do my job. This started just now. My ticket reference is REF-45430.,network,medium,,medium,closed,True,0.91,medium,False,Issue resolved by user,2026-02-06T21:06:10.594141,2026-02-02T01:19:58.594141,2026-02-02T08:19:58.594141,115.77,Tech Innovations Inc.,10,5,0,lan
1791,TICK-2025-01313,Need access to project management system,I've been told I need access to email for my new role. Please grant me the necessary permissions. This began happening this week. I'm working in the Marketing department. Please prioritize this.,login,low,,low,resolved,True,0.71,low,False,Issue resolved by technician,2025-12-19T08:47:46.622032,2025-12-16T11:21:58.622032,2025-12-17T09:21:58.622032,69.43,Legal Services LLP,2,8,0,access
1792,TICK-2026-01035,Network extremely slow for everyone,Multiple people in my team are experiencing slow network. File transfers are taking forever. This began happening about an hour ago. I'm working at my desk in Building C.,network,low,,low,closed,True,0.6,low,False,Issue resolved by technician,2026-01-31T02:01:34.590219,2026-01-24T06:36:58.590219,2026-01-24T12:36:58.590219,163.41,Manufacturing Corp,6,2,0,performance
1793,TICK-2026-01133,MFA code not working,The code from my authenticator app isn't being accepted. I've tried multiple times with fresh codes. This has been occurring since a few hours ago. Employee ID: 24443.,login,low,,low,resolved,True,0.67,low,False,Issue resolved by technician,2026-02-12T05:33:34.602984,2026-02-09T16:41:58.602984,2026-02-10T12:41:58.602984,60.86,Research Institute,1,3,0,mfa
1794,TICK-2026-01785,Improvement suggestion,The current reporting system workflow is cumbersome. Could you add the ability to dark mode? This has been occurring since a few hours ago. Employee ID: 99579.,feature_request,low,,low,in_progress,True,0.66,low,False,,,2026-02-20T10:49:58.639436,2026-02-21T19:49:58.639436,,Legal Services LLP,6,6,0,enhancement
1795,TICK-2026-00301,Suspicious popup messages,I keep getting popup messages even when no browser is open. They ask me to call a number for support. This has been occurring since earlier today. I'm working in the 4th floor office.,software,critical,,critical,closed,True,0.79,critical,False,Issue resolved by user,2026-02-04T11:17:34.524553,2026-02-03T19:40:58.524553,2026-02-04T22:40:58.524553,15.61,Global Retail Solutions,7,9,1,security
1796,TICK-2025-00768,No internet connection,I'm connected to the network but have no internet access. Edge says 'No internet' for all websites. This started this week.,network,critical,critical,critical,resolved,True,0.55,critical,False,Issue resolved by user,2025-11-30T06:10:10.564500,2025-11-29T19:35:58.564500,2025-11-29T20:35:58.564500,10.57,Healthcare Partners,5,6,0,connectivity
1797,TICK-2025-00643,Zoom won't open,"When I try to launch QuickBooks, nothing happens. I've tried running as administrator but it still won't open. This started last week. Employee ID: 38330.",software,medium,,medium,resolved,True,0.88,medium,False,Issue resolved by technician,2025-11-19T09:50:22.559975,2025-11-15T13:17:58.559975,2025-11-17T13:17:58.559975,92.54,Legal Services LLP,0,3,0,application
1798,TICK-2026-00038,Dropped external hard drive,I dropped my external hard drive and now my computer doesn't recognize it when I plug it in. This first noticed a few hours ago.,hardware,high,high,high,closed,True,0.78,high,False,Issue resolved by technician,2026-01-10T08:27:22.505277,2026-01-09T15:54:58.505277,2026-01-11T08:54:58.505277,16.54,Logistics International,9,13,0,damage
1799,TICK-2026-00022,Cracked laptop screen,I accidentally dropped my laptop and now the screen is cracked. There are lines across the display and part of it is black. I'm working from my home office.,hardware,low,,low,resolved,False,,low,False,Issue resolved by user,2026-01-15T00:01:10.504328,2026-01-08T05:29:58.504328,2026-01-09T22:29:58.504328,162.52,Global Retail Solutions,1,8,0,display
1800,TICK-2025-00697,Outlook crashes when opening files,Office crashes every time I try to open a specific file. I've tried repairing Office but the issue continues. This began happening after lunch.,software,high,,high,open,True,0.96,high,False,,,2025-02-27T11:48:58.562192,2025-03-01T05:48:58.562192,,Tech Innovations Inc.,3,11,0,office
1801,TICK-2026-01848,How do I change settings?,I'm not sure how to generate reports in the system. Could you provide instructions? This started since yesterday. I'm working in the IT department.,other,low,low,low,closed,True,0.75,low,False,Issue resolved by technician,2026-02-01T03:45:46.641297,2026-01-27T13:55:58.641297,2026-01-27T14:55:58.641297,109.83,Construction Holdings,1,2,0,inquiry
1802,TICK-2026-01620,Notification settings not saving,I've disabled email notifications several times but I keep receiving them.,account,medium,,medium,resolved,True,0.76,medium,False,Issue resolved by technician,2026-02-01T09:03:34.634595,2026-01-31T07:47:58.634595,2026-02-01T06:47:58.634595,25.26,Healthcare Partners,2,4,0,settings
1803,TICK-2025-00173,Water spilled on laptop,I accidentally spilled water on my laptop. I turned it off immediately but now it won't start. This began happening last week. I'm working at our Downtown location.,hardware,critical,,critical,closed,True,0.88,critical,False,Issue resolved by user,2025-10-30T19:43:46.514763,2025-10-30T15:56:58.514763,2025-11-01T14:56:58.514763,3.78,Logistics International,11,0,0,damage
1804,TICK-2026-01396,Payment failed,I received a notice that my payment failed. My card is valid so I'm not sure why. I'm working while working remotely.,billing,high,,high,closed,True,0.96,high,False,Issue resolved by technician,2026-01-28T23:37:10.626860,2026-01-27T02:35:58.626860,2026-01-28T14:35:58.626860,45.02,Media & Entertainment LLC,2,8,1,payment
1805,TICK-2026-00345,PowerPoint formulas not calculating,My Outlook spreadsheet formulas are showing the formula text instead of calculating. I haven't changed any settings. This began happening last night. I'm working in the 2nd floor office. Employee ID: 31757.,software,medium,,medium,resolved,True,0.83,medium,False,Issue resolved by technician,2026-01-08T04:34:22.533806,2026-01-07T18:22:58.533806,2026-01-07T22:22:58.533806,10.19,Construction Holdings,24,13,0,office
1806,TICK-2026-00092,Laptop battery draining quickly,My laptop battery used to last 6 hours but now it dies in less than 2 hours. The battery health shows 69%. This started earlier today. I'm working from my home office. I've already restarted 3 times. Employee ID: 12367.,hardware,medium,,medium,in_progress,True,0.91,medium,False,,,2026-02-16T03:37:58.509261,2026-02-17T13:37:58.509261,,Tech Innovations Inc.,1,6,0,power
1807,TICK-2026-00732,Network extremely slow for everyone,Multiple people in my team are experiencing slow network. File transfers are taking forever. This began happening after lunch. This is affecting my productivity.,network,medium,,medium,closed,True,0.81,medium,False,Issue resolved by technician,2026-02-11T05:08:10.563436,2026-02-08T07:21:58.563436,2026-02-08T10:21:58.563436,69.77,Legal Services LLP,0,2,0,performance
1808,TICK-2026-00671,Outlook not syncing emails,Outlook stopped syncing new emails. It shows connected but no new messages appear even though I can see them on webmail. This started since yesterday. Employee ID: 46968.,software,high,,high,open,True,0.83,high,False,,,2026-02-21T06:53:58.561182,2026-02-21T16:53:58.561182,,Logistics International,0,0,0,office
1809,TICK-2025-00447,System running slow after update,"Ever since the last Windows 11 update, my computer has been extremely slow. Applications take minutes to load. This first noticed since Monday. I'm working in the Marketing department. Employee ID: 37376.",software,medium,,high,closed,False,,high,True,Issue resolved by user,2025-12-25T05:33:10.546084,2025-12-23T10:28:58.546084,2025-12-24T19:28:58.546084,43.07,Manufacturing Corp,12,4,1,os
1810,TICK-2026-01900,Equipment request,I need to request a webcam for my work. What's the process? This has been occurring since this morning. I'm working in the 2nd floor office.,other,low,,critical,closed,True,0.98,critical,True,Issue resolved by technician,2026-02-10T00:07:46.642903,2026-01-31T17:32:58.642903,2026-02-01T20:32:58.642903,222.58,Manufacturing Corp,4,14,0,inquiry
1811,TICK-2026-01235,Forgot my password,I forgot my password and can't log in. I've tried the reset option but haven't received the email. This first noticed during a presentation.,login,high,high,critical,in_progress,False,,critical,True,,,2026-02-16T01:59:58.614130,2026-02-18T00:59:58.614130,,Construction Holdings,2,2,0,password
1812,TICK-2026-01202,Can't change my password,I'm trying to update my password as required but the system says my new password doesn't meet requirements. This has been occurring since a few hours ago. Employee ID: 34149.,login,medium,medium,medium,closed,True,0.77,medium,False,Issue resolved by technician,2026-02-09T17:40:58.609194,2026-02-05T00:25:58.609194,2026-02-05T06:25:58.609194,113.25,Global Retail Solutions,0,11,0,password
1813,TICK-2026-00816,Network extremely slow for everyone,Multiple people in my team are experiencing slow network. File transfers are taking forever. This appeared before our meeting.,network,high,,high,waiting_on_customer,True,0.79,high,False,,,2026-02-21T16:41:58.566136,2026-02-22T13:41:58.566136,,Research Institute,2,3,0,performance
1814,TICK-2025-00351,Suspicious popup messages,I keep getting popup messages even when no browser is open. They ask me to call a number for support.,software,critical,critical,critical,resolved,True,0.85,critical,False,Issue resolved by technician,2025-11-07T17:32:46.534410,2025-11-07T12:09:58.534410,2025-11-09T00:09:58.534410,5.38,Manufacturing Corp,1,8,0,security
1815,TICK-2026-00050,Wireless headset not connecting,My wireless headset won't connect to my computer via Bluetooth. It was working fine yesterday. This began happening last night. I'm working in meeting room 535.,hardware,low,low,low,resolved,True,0.74,low,False,Issue resolved by user,2026-01-29T18:39:10.505931,2026-01-27T21:04:58.505931,2026-01-28T08:04:58.505931,45.57,Research Institute,0,13,0,peripheral
1816,TICK-2026-00031,Wireless headset not connecting,My wireless headset won't connect to my computer via Bluetooth. It was working fine yesterday. This first noticed about an hour ago.,hardware,low,low,high,resolved,True,0.76,high,True,Issue resolved by user,2026-02-22T13:05:34.504882,2026-02-12T21:01:58.504882,2026-02-13T16:01:58.504882,232.06,Research Institute,7,6,0,peripheral
1817,TICK-2026-00217,Wireless headset not connecting,My wireless headset won't connect to my computer via Bluetooth. It was working fine yesterday. This first noticed last night. I'm working from my home office. Employee ID: 35337.,hardware,low,,low,resolved,True,0.69,low,False,Issue resolved by technician,2026-02-14T00:25:58.517000,2026-02-05T20:31:58.517000,2026-02-07T11:31:58.517000,195.9,Research Institute,4,14,0,peripheral
1818,TICK-2026-00832,New hire needs network share access,I started this week and need to be granted access to the shared folders on the network as part of onboarding. This has been occurring since a few hours ago. I'm working at our Chicago location. Employee ID: 76488.,network,low,,low,resolved,True,0.85,low,False,Issue resolved by user,2026-02-27T00:40:10.568074,2026-02-24T01:59:58.568074,2026-02-24T18:59:58.568074,70.67,Legal Services LLP,4,9,0,lan
1819,TICK-2025-01703,Mobile app feature request,Could you add export to Excel to the mobile app? It's available on desktop but not mobile. I'm working in the 2nd floor office.,feature_request,low,,low,resolved,False,,low,False,Issue resolved by user,2025-12-05T22:56:58.637046,2025-12-01T01:05:58.637046,2025-12-01T20:05:58.637046,117.85,Manufacturing Corp,1,1,0,enhancement
1820,TICK-2026-01996,Office supplies needed,My team needs printer paper. How do I order them? This first noticed before our meeting. I'm working at my desk in Building 1.,other,low,,low,in_progress,True,0.82,low,False,,,2026-02-25T21:25:58.645688,2026-02-27T17:25:58.645688,,Legal Services LLP,1,4,0,inquiry
1821,TICK-2026-00499,Windows won't boot,"After a restart, macOS won't boot. It gets stuck on the loading screen and never progresses to the login. This first noticed earlier today.",software,critical,,high,in_progress,False,,high,True,,,2026-02-25T04:40:58.550283,2026-02-26T03:40:58.550283,,Tech Innovations Inc.,7,15,0,os
1822,TICK-2026-01261,Password expired,I got a message that my password has expired. I need to reset it but the link isn't working. I'm working in meeting room 309.,login,high,,high,resolved,False,,high,False,Issue resolved by technician,2026-02-04T21:26:34.617653,2026-02-04T04:37:58.617653,2026-02-06T04:37:58.617653,16.81,Tech Innovations Inc.,4,15,0,password
1823,TICK-2026-01877,Feedback on service,I wanted to provide feedback on my recent support experience. The issue was resolved but took longer than expected. This first noticed yesterday afternoon. Employee ID: 67577.,other,high,,high,resolved,True,0.7,high,False,Issue resolved by technician,2026-02-18T16:41:46.642138,2026-02-17T08:03:58.642138,2026-02-19T01:03:58.642138,32.63,Healthcare Partners,2,15,2,feedback
1824,TICK-2025-00396,Slack showing error on startup,"Every time I open Adobe Acrobat, I get an error message: 'An error occurred'. The application still opens but I'm worried. I'm working in meeting room 201.",software,low,,low,closed,True,0.91,low,False,Issue resolved by technician,2025-10-16T11:41:22.541335,2025-10-09T17:41:58.541335,2025-10-10T11:41:58.541335,161.99,Financial Services Group,9,9,0,application
1825,TICK-2025-01762,Improvement suggestion,The current project management tool workflow is cumbersome. Could you add the ability to auto-save?,feature_request,low,,low,resolved,True,0.88,low,False,Issue resolved by user,2025-11-18T09:35:22.638779,2025-11-08T11:02:58.638779,2025-11-08T21:02:58.638779,238.54,Tech Innovations Inc.,3,1,0,enhancement
1826,TICK-2026-00847,WiFi network not appearing,I can't see the office WiFi network in my available networks list. Other people around me can see it. This started this morning. I'm working in the Engineering department.,network,low,,low,closed,True,0.71,low,False,Issue resolved by user,2026-03-01T15:15:34.569592,2026-02-27T00:32:58.569592,2026-02-27T21:32:58.569592,62.71,Construction Holdings,1,9,0,wireless
1827,TICK-2025-01269,Can't change my password,I'm trying to update my password as required but the system says my new password doesn't meet requirements. This began happening last night.,login,medium,,medium,resolved,True,0.9,medium,False,Issue resolved by technician,2026-01-01T20:17:58.618494,2025-12-31T18:41:58.618494,2026-01-02T16:41:58.618494,25.6,Education Foundation,2,15,0,password
1828,TICK-2025-00181,Cracked laptop screen,I accidentally dropped my laptop and now the screen is cracked. There are lines across the display and part of it is black. I'm working in the IT department.,hardware,high,,high,closed,False,,high,False,Issue resolved by technician,2025-10-01T05:12:22.515114,2025-09-29T20:03:58.515114,2025-10-01T10:03:58.515114,33.14,Education Foundation,3,10,0,display
1829,TICK-2026-00784,Request access to shared folder,I need access to the documents shared folder on the network. I am a new employee and require access for my work. This began happening about an hour ago.,network,low,low,low,closed,True,0.83,low,False,Issue resolved by technician,2026-01-17T19:08:10.564987,2026-01-15T21:48:58.564987,2026-01-16T08:48:58.564987,45.32,Manufacturing Corp,13,8,3,lan
1830,TICK-2026-01962,Office supplies needed,My team needs pens. How do I order them? This started a few hours ago.,other,low,,low,closed,False,,low,False,Issue resolved by technician,2026-01-10T04:11:46.644699,2026-01-07T23:09:58.644699,2026-01-08T12:09:58.644699,53.03,Education Foundation,1,8,0,inquiry
1831,TICK-2026-01249,New employee needs account,A new team member John Smith started today and needs their accounts set up. Email: newuser31@company.com This appeared during a presentation. I'm working at our Chicago location. Please prioritize this.,login,medium,,medium,resolved,True,0.82,medium,False,Issue resolved by technician,2026-01-12T12:56:22.615985,2026-01-08T11:11:58.615985,2026-01-10T05:11:58.615985,97.74,Consulting Associates,2,8,0,access
1832,TICK-2026-00107,Computer running extremely slow,My desktop has become incredibly slow over the past week. Applications take forever to open and the system freezes frequently. I've tried restarting but the issue persists. This began happening this morning.,hardware,medium,,medium,closed,True,0.95,medium,False,Issue resolved by user,2026-02-07T08:10:34.510930,2026-02-05T11:03:58.510930,2026-02-05T13:03:58.510930,45.11,Media & Entertainment LLC,0,9,0,computer
1833,TICK-2025-00544,Can't install software,I'm trying to install Photoshop but the installation fails with error: 0x19A0,software,high,,high,resolved,True,0.91,high,False,Issue resolved by technician,2025-12-23T14:33:10.553890,2025-12-22T06:58:58.553890,2025-12-22T13:58:58.553890,31.57,Research Institute,0,12,0,installation
1834,TICK-2026-01562,Need to update my email address,I recently got married and need to change my email address from jane@oldcompany.com to john@newcompany.com. This appeared a few hours ago. I'm working at our Chicago location. I'm working on an important project.,account,high,,high,closed,True,0.98,high,False,Issue resolved by technician,2026-01-23T19:07:22.632853,2026-01-22T23:28:58.632853,2026-01-23T22:28:58.632853,19.64,Healthcare Partners,2,9,0,profile
1835,TICK-2026-00170,Computer shuts down randomly,"My computer shuts down without warning. It happens at random times, sometimes after just 10 minutes of use. This started before our meeting. I'm working in the IT department. Multiple colleagues have the same issue.",hardware,medium,medium,medium,closed,True,0.81,medium,False,Issue resolved by user,2026-02-11T04:38:10.514627,2026-02-10T13:57:58.514627,2026-02-11T19:57:58.514627,14.67,Education Foundation,0,2,0,power
1836,TICK-2025-00658,macOS update failed,I tried to install the latest Windows 11 update but it failed with error code 0x1539. The system keeps prompting me to update but it fails every time. This first noticed this morning. I'm working at my desk in Building A. Employee ID: 39788.,software,medium,medium,medium,resolved,True,0.71,medium,False,Issue resolved by user,2025-12-07T19:13:22.560639,2025-12-03T03:52:58.560639,2025-12-03T22:52:58.560639,111.34,Research Institute,6,3,0,os
1837,TICK-2025-01207,Not receiving MFA text messages,I selected SMS for MFA but I'm not receiving the text messages with the code.,login,high,high,low,in_progress,True,0.91,low,True,,,2025-10-20T23:03:58.609619,2025-10-21T09:03:58.609619,,Global Retail Solutions,18,14,0,mfa
1838,TICK-2026-01006,Shared folder permission request,Can you please grant me read access to the team shared folder? My manager has approved this request. This appeared since yesterday. I tried the troubleshooting guide but it didn't help.,network,low,,low,resolved,True,0.66,low,False,Issue resolved by technician,2026-02-06T23:34:10.586588,2026-02-02T17:47:58.586588,2026-02-03T12:47:58.586588,101.77,Media & Entertainment LLC,2,8,2,lan
1839,TICK-2026-00957,No internet connection,I'm connected to the network but have no internet access. Chrome says 'No internet' for all websites. This began happening last week. I'm working in the Operations department.,network,critical,,critical,open,True,0.75,critical,False,,,2026-01-23T09:56:58.579398,2026-01-24T16:56:58.579398,,Financial Services Group,0,1,0,connectivity
1840,TICK-2025-01730,Request for new feature,It would be great if the reporting system could custom notifications. This would save our team a lot of time. This appeared since yesterday. I'm working at our Chicago location.,feature_request,low,low,low,closed,True,0.77,low,False,Issue resolved by user,2026-01-06T06:16:58.637840,2025-12-29T13:22:58.637840,2025-12-30T22:22:58.637840,184.9,Research Institute,11,3,0,new_feature
1841,TICK-2026-01008,VPN connection drops frequently,My VPN connection drops every 15-20 minutes. I have to reconnect which interrupts my work. This has been occurring since this week.,network,medium,medium,medium,waiting_on_customer,True,0.67,medium,False,,,2026-02-25T00:58:58.586862,2026-02-25T06:58:58.586862,,Legal Services LLP,1,13,0,vpn
1842,TICK-2026-00581,System running slow after update,"Ever since the last Windows 10 update, my computer has been extremely slow. Applications take minutes to load. I'm working at my desk in Building A.",software,low,,low,closed,False,,low,False,Issue resolved by user,2026-01-27T02:30:22.556483,2026-01-24T03:57:58.556483,2026-01-25T02:57:58.556483,70.54,Education Foundation,5,14,0,os
1843,TICK-2025-00892,Request access to public share,I need access to the public share folder. I am an intern and I am in training.,network,low,,low,closed,True,0.77,low,False,Issue resolved by technician,2025-12-15T05:06:58.573299,2025-12-07T01:33:58.573299,2025-12-08T15:33:58.573299,195.55,Tech Innovations Inc.,6,5,0,lan
1844,TICK-2025-01206,New employee needs account,A new team member Robert Wilson started today and needs their accounts set up. Email: newuser79@company.com This first noticed about an hour ago. Employee ID: 15038.,login,high,,high,closed,True,0.88,high,False,Issue resolved by technician,2025-11-12T15:03:22.609541,2025-11-12T10:30:58.609541,2025-11-13T12:30:58.609541,4.54,Financial Services Group,1,14,2,access
1845,TICK-2026-00718,WiFi network not appearing,I can't see the office WiFi network in my available networks list. Other people around me can see it.,network,high,,high,resolved,True,0.53,high,False,Issue resolved by technician,2026-02-25T06:29:46.562959,2026-02-24T09:12:58.562959,2026-02-24T17:12:58.562959,21.28,Healthcare Partners,4,4,0,wireless
1846,TICK-2025-01901,Equipment request,I need to request a docking station for my work. What's the process? This began happening this week. I'm working at our Austin location.,other,low,,medium,closed,True,0.74,medium,True,Issue resolved by technician,2025-11-29T21:53:10.642933,2025-11-22T16:45:58.642933,2025-11-22T23:45:58.642933,173.12,Financial Services Group,8,1,0,inquiry
1847,TICK-2026-00379,Excel crashes when opening files,Excel crashes every time I try to open a specific file. I've tried repairing Office but the issue continues. This appeared this week. Employee ID: 69800.,software,low,,low,closed,True,0.79,low,False,Issue resolved by technician,2026-02-26T20:17:34.538594,2026-02-20T15:16:58.538594,2026-02-21T11:16:58.538594,149.01,Global Retail Solutions,5,10,0,office
1848,TICK-2026-01749,Integration request,We need project management tool to integrate with Google Drive. Is this possible? This first noticed about an hour ago. I've already restarted 3 times.,feature_request,high,,high,open,True,0.88,high,False,,,2026-02-26T04:08:58.638404,2026-02-26T14:08:58.638404,,Manufacturing Corp,0,12,0,integration
1849,TICK-2026-00124,Laptop battery draining quickly,My laptop battery used to last 6 hours but now it dies in less than 2 hours. The battery health shows 15%. This began happening since yesterday. Employee ID: 69486.,hardware,medium,,high,in_progress,False,,high,True,,,2026-02-21T02:16:58.512232,2026-02-23T00:16:58.512232,,Research Institute,8,2,0,power
1850,TICK-2025-00814,Network extremely slow for everyone,Multiple people in my team are experiencing slow network. File transfers are taking forever. Employee ID: 79177.,network,high,,high,waiting_on_customer,True,0.82,high,False,,,2025-12-29T05:25:58.565935,2025-12-30T16:25:58.565935,,Media & Entertainment LLC,2,5,0,performance
1851,TICK-2026-01392,Invoice not received,I haven't received my invoice for July. Can you please resend it to my email? This started during a presentation. My ticket reference is REF-12149.,billing,low,low,low,in_progress,True,0.67,low,False,,,2026-02-20T23:46:58.626663,2026-02-21T21:46:58.626663,,Research Institute,1,8,0,invoice
1852,TICK-2026-00100,PC making strange noise,My computer is making a loud clicking/grinding noise. It started yesterday and seems to be coming from inside the case. I'm worried about data loss. This has been occurring since last week. Please prioritize this. Employee ID: 93780.,hardware,medium,,medium,resolved,True,0.81,medium,False,Issue resolved by user,2026-02-12T01:15:58.510228,2026-02-10T01:36:58.510228,2026-02-10T20:36:58.510228,47.65,Financial Services Group,6,13,0,computer
1853,TICK-2026-00373,Browser extremely slow,My Edge has become very slow. Pages take 30+ seconds to load and tabs crash frequently. This has been occurring since during a presentation. Employee ID: 78269.,software,low,low,low,closed,True,0.96,low,False,Issue resolved by technician,2026-02-10T12:40:34.537482,2026-02-04T07:33:58.537482,2026-02-06T06:33:58.537482,149.11,Education Foundation,0,15,0,browser
1854,TICK-2025-01219,Account locked out,My account is locked after too many login attempts. I was trying different passwords I thought might be correct. This has been occurring since this week. I'm working in meeting room 106.,login,high,,high,resolved,True,0.9,high,False,Issue resolved by user,2025-12-18T23:50:22.611630,2025-12-17T12:17:58.611630,2025-12-19T01:17:58.611630,35.54,Education Foundation,6,6,0,account_locked
1855,TICK-2026-01403,Want to cancel subscription,I'd like to cancel my subscription to software license at the end of this billing period. I've already restarted 2 times.,billing,low,low,low,resolved,True,0.57,low,False,Issue resolved by technician,2026-02-05T11:54:46.627188,2026-01-27T23:01:58.627188,2026-01-28T20:01:58.627188,204.88,Legal Services LLP,1,0,0,subscription
1856,TICK-2026-01484,Incorrect charge on invoice,My invoice shows a charge of $378.15 that I don't recognize. Please explain this charge. This is affecting my productivity.,billing,medium,,medium,in_progress,True,0.73,medium,False,,,2026-02-27T12:35:58.630335,2026-03-01T11:35:58.630335,,Consulting Associates,2,3,0,invoice
1857,TICK-2025-01951,Training request,I need training on how to use HR portal. Is there documentation or videos available? This started this morning. I'm working while working remotely. This worked fine before.,other,low,,low,closed,True,0.66,low,False,Issue resolved by technician,2025-08-27T04:07:34.644393,2025-08-24T17:21:58.644393,2025-08-26T07:21:58.644393,58.76,Research Institute,9,5,0,inquiry
1858,TICK-2026-00435,Word crashes when opening files,Teams crashes every time I try to open a specific file. I've tried repairing Office but the issue continues. This appeared earlier today.,software,high,high,high,open,True,0.78,high,False,,,2026-02-26T14:57:58.545131,2026-02-27T14:57:58.545131,,Financial Services Group,1,0,0,office
1859,TICK-2025-01868,Equipment request,I need to request a headset for my work. What's the process? This appeared yesterday afternoon. Employee ID: 14858.,other,low,low,low,resolved,True,0.79,low,False,Issue resolved by technician,2025-10-27T19:53:58.641876,2025-10-20T15:41:58.641876,2025-10-21T05:41:58.641876,172.2,Tech Innovations Inc.,0,5,0,inquiry
1860,TICK-2025-00752,Network extremely slow for everyone,Multiple people in my team are experiencing slow network. File transfers are taking forever. This first noticed yesterday afternoon.,network,high,,high,resolved,False,,high,False,Issue resolved by technician,2025-11-21T01:56:58.564025,2025-11-19T20:08:58.564025,2025-11-19T21:08:58.564025,29.8,Tech Innovations Inc.,1,9,0,performance
1861,TICK-2025-00932,WiFi network not appearing,I can't see the office WiFi network in my available networks list. Other people around me can see it. This began happening last week. Employee ID: 21351.,network,high,,critical,closed,True,0.79,critical,True,Issue resolved by user,2025-10-21T07:45:58.576451,2025-10-20T12:00:58.576451,2025-10-21T06:00:58.576451,19.75,Financial Services Group,9,8,0,wireless
1862,TICK-2026-00209,Laptop not charging,"My laptop is plugged in but shows 'plugged in, not charging'. The battery percentage stays at 29% and doesn't increase. I'm working from my home office.",hardware,medium,,medium,closed,True,0.99,medium,False,Issue resolved by technician,2026-02-18T08:49:34.516411,2026-02-15T03:36:58.516411,2026-02-15T18:36:58.516411,77.21,Logistics International,1,2,1,power
1863,TICK-2025-01039,VPN won't connect,I'm trying to connect to the company VPN from home but it keeps timing out. I can access the internet fine without VPN. This has been occurring since this morning. I'm working in the IT department.,network,high,,high,closed,True,0.67,high,False,Issue resolved by technician,2025-08-03T12:30:22.590627,2025-08-02T17:15:58.590627,2025-08-02T19:15:58.590627,19.24,Research Institute,3,11,0,vpn
1864,TICK-2026-00519,Visual Studio won't open,"When I try to launch AutoCAD, nothing happens. I've tried running as administrator but it still won't open. This started a few hours ago.",software,low,,critical,closed,True,0.74,critical,True,Issue resolved by technician,2026-01-31T22:22:58.551832,2026-01-29T04:07:58.551832,2026-01-30T20:07:58.551832,66.25,Global Retail Solutions,0,0,0,application
1865,TICK-2025-01129,Can't change my password,I'm trying to update my password as required but the system says my new password doesn't meet requirements. This appeared yesterday.,login,high,,high,closed,True,0.86,high,False,Issue resolved by technician,2025-10-27T18:49:10.602670,2025-10-26T05:23:58.602670,2025-10-27T17:23:58.602670,37.42,Tech Innovations Inc.,0,9,0,password
1866,TICK-2026-01977,Office supplies needed,My team needs printer paper. How do I order them? I'm working from my home office.,other,low,,low,closed,True,0.79,low,False,Issue resolved by technician,2026-01-28T12:54:58.645124,2026-01-25T13:33:58.645124,2026-01-25T20:33:58.645124,71.35,Global Retail Solutions,0,0,0,inquiry
1867,TICK-2025-00713,Network extremely slow for everyone,Multiple people in my team are experiencing slow network. File transfers are taking forever. This appeared about an hour ago.,network,high,,medium,closed,True,0.63,medium,True,Issue resolved by technician,2025-07-11T01:59:46.562795,2025-07-10T15:27:58.562795,2025-07-12T00:27:58.562795,10.53,Financial Services Group,12,1,1,performance
1868,TICK-2026-01662,Need additional permissions,I need edit permissions for the project management to do my job. Currently I only have view access. This first noticed about an hour ago. Employee ID: 96244.,account,medium,,medium,resolved,True,0.73,medium,False,Issue resolved by technician,2026-02-10T00:55:10.635808,2026-02-07T13:56:58.635808,2026-02-08T09:56:58.635808,58.97,Research Institute,2,0,1,permissions
1869,TICK-2026-00889,Can't access specific website,I can't access project management tool from my computer. It worked yesterday but now I get a timeout error. This appeared about an hour ago. My ticket reference is REF-54459.,network,medium,,medium,resolved,True,0.83,medium,False,Issue resolved by technician,2026-02-12T15:37:58.573071,2026-02-08T14:25:58.573071,2026-02-09T06:25:58.573071,97.2,Healthcare Partners,1,9,0,connectivity
1870,TICK-2026-01268,Forgot my password,I forgot my password and can't log in. I've tried the reset option but haven't received the email. I've already restarted 3 times.,login,high,,high,resolved,True,0.93,high,False,Issue resolved by technician,2026-02-01T02:25:46.618397,2026-01-30T12:41:58.618397,2026-02-01T05:41:58.618397,37.73,Financial Services Group,1,3,0,password
1871,TICK-2026-01135,MFA code not working,The code from my authenticator app isn't being accepted. I've tried multiple times with fresh codes. This began happening a few hours ago. I'm working in the Finance department.,login,medium,,medium,resolved,True,0.93,medium,False,Issue resolved by user,2026-02-20T22:48:22.603147,2026-02-19T15:12:58.603147,2026-02-20T02:12:58.603147,31.59,Education Foundation,5,4,0,mfa
1872,TICK-2025-01636,Update my contact information,Please update my phone number to +1-555-589-3637 in the system. I'm working at our Houston location.,account,low,,low,resolved,True,0.59,low,False,Issue resolved by user,2025-10-17T13:47:10.635057,2025-10-14T03:54:58.635057,2025-10-14T06:54:58.635057,81.87,Media & Entertainment LLC,2,1,0,profile
1873,TICK-2025-00710,WiFi keeps disconnecting,My WiFi connection drops every few minutes. I have to turn WiFi off and on to reconnect temporarily. This appeared before our meeting.,network,medium,,medium,closed,True,0.69,medium,False,Issue resolved by user,2025-10-17T06:34:58.562694,2025-10-15T22:40:58.562694,2025-10-17T03:40:58.562694,31.9,Financial Services Group,5,10,0,wireless
1874,TICK-2025-01551,Can't change my profile settings,"When I try to update my profile information, the save button doesn't work. Employee ID: 45638.",account,medium,,medium,resolved,True,0.71,medium,False,Issue resolved by user,2025-11-03T05:52:58.632531,2025-10-29T12:19:58.632531,2025-10-30T04:19:58.632531,113.55,Healthcare Partners,2,3,0,settings
1875,TICK-2026-01760,Integration request,We need reporting system to integrate with Salesforce. Is this possible? This began happening yesterday.,feature_request,low,,low,resolved,True,0.72,low,False,Issue resolved by technician,2026-02-23T00:19:58.638724,2026-02-13T04:19:58.638724,2026-02-13T20:19:58.638724,236.0,Financial Services Group,8,0,0,integration
1876,TICK-2025-00264,Keyboard not working,My USB keyboard stopped working suddenly. Some keys don't respond at all while others type random characters. This has been occurring since last week. This is affecting my productivity. Employee ID: 90627.,hardware,medium,medium,critical,closed,True,0.79,critical,True,Issue resolved by user,2026-01-03T17:24:34.521357,2025-12-30T11:26:58.521357,2026-01-01T09:26:58.521357,101.96,Logistics International,8,2,0,peripheral
1877,TICK-2026-01174,Not receiving MFA text messages,I selected SMS for MFA but I'm not receiving the text messages with the code. I'm working in the IT department.,login,medium,,medium,open,True,0.92,medium,False,,,2026-01-05T15:43:58.606237,2026-01-05T18:43:58.606237,,Consulting Associates,5,13,0,mfa
1878,TICK-2025-01549,Can't change my profile settings,"When I try to update my profile information, the save button doesn't work. This appeared during a presentation. I'm working in meeting room 273.",account,low,,low,waiting_on_customer,False,,low,False,,,2025-12-07T15:39:58.632469,2025-12-08T10:39:58.632469,,Media & Entertainment LLC,2,3,0,settings
1879,TICK-2026-01060,Video calls have poor quality,My video calls have terrible quality with constant freezing and audio delay. My internet speed seems fine. This began happening earlier today. I'm working while working remotely.,network,medium,,medium,closed,True,0.56,medium,False,Issue resolved by user,2026-02-05T23:57:22.595257,2026-02-04T03:51:58.595257,2026-02-04T06:51:58.595257,44.09,Consulting Associates,5,13,0,performance
1880,TICK-2026-01368,Incorrect charge on invoice,My invoice shows a charge of $480.33 that I don't recognize. Please explain this charge. This started a few hours ago.,billing,medium,medium,medium,resolved,True,0.99,medium,False,Issue resolved by user,2026-01-13T07:23:10.625412,2026-01-12T10:42:58.625412,2026-01-12T11:42:58.625412,20.67,Construction Holdings,8,4,0,invoice
1881,TICK-2025-01233,Password not working,My password stopped working. I'm sure I'm typing it correctly but it says invalid credentials. This appeared yesterday afternoon. My ticket reference is REF-65653.,login,low,low,high,closed,True,0.99,high,True,Issue resolved by user,2025-12-06T23:47:34.613883,2025-12-03T17:28:58.613883,2025-12-03T17:28:58.613883,78.31,Manufacturing Corp,2,4,0,password
1882,TICK-2026-00105,Blue screen errors on my computer,"I keep getting blue screen errors that force my computer to restart. It happens randomly, sometimes twice a day. The error code is different each time. This first noticed about an hour ago.",hardware,high,high,high,resolved,True,0.96,high,False,Issue resolved by technician,2026-02-07T15:46:46.510747,2026-02-07T00:05:58.510747,2026-02-08T04:05:58.510747,15.68,Logistics International,19,15,0,computer
1883,TICK-2026-00599,Zoom won't open,"When I try to launch Zoom, nothing happens. I've tried running as administrator but it still won't open. This began happening since yesterday. I'm working at our Downtown location.",software,medium,,medium,resolved,True,0.91,medium,False,Issue resolved by user,2026-02-03T12:47:46.557596,2026-02-01T16:45:58.557596,2026-02-02T09:45:58.557596,44.03,Education Foundation,1,11,0,application
1884,TICK-2025-00939,WiFi keeps disconnecting,My WiFi connection drops every few minutes. I have to turn WiFi off and on to reconnect temporarily. This started since yesterday.,network,medium,medium,medium,resolved,True,0.78,medium,False,Issue resolved by technician,2025-12-26T16:08:10.577008,2025-12-23T00:18:58.577008,2025-12-24T21:18:58.577008,87.82,Global Retail Solutions,6,6,0,wireless
1885,TICK-2025-01458,Payment failed,I received a notice that my payment failed. My card is valid so I'm not sure why. Employee ID: 19534.,billing,high,,high,resolved,True,0.89,high,False,Issue resolved by user,2025-06-18T20:34:46.629468,2025-06-17T09:08:58.629468,2025-06-19T05:08:58.629468,35.43,Consulting Associates,4,4,0,payment
1886,TICK-2026-00148,Cracked laptop screen,I accidentally dropped my laptop and now the screen is cracked. There are lines across the display and part of it is black. I've already restarted 2 times.,hardware,high,high,high,resolved,False,,high,False,Issue resolved by user,2026-01-24T20:00:10.513541,2026-01-22T20:31:58.513541,2026-01-23T20:31:58.513541,47.47,Healthcare Partners,2,8,1,damage
1887,TICK-2025-00986,Can't connect to WiFi,My desktop won't connect to the office WiFi. It sees the network but when I try to connect it says 'Can't connect to this network'. This has been occurring since after lunch. I'm working from my home office. Employee ID: 63964.,network,high,,high,closed,True,0.91,high,False,Issue resolved by user,2026-01-01T04:52:34.582217,2025-12-30T07:30:58.582217,2025-12-31T03:30:58.582217,45.36,Consulting Associates,13,14,0,wireless
1888,TICK-2025-00422,Teams formulas not calculating,My Excel spreadsheet formulas are showing the formula text instead of calculating. I haven't changed any settings. This started a few hours ago. I'm working from my home office.,software,medium,medium,medium,closed,True,0.84,medium,False,Issue resolved by technician,2025-12-17T22:39:58.543996,2025-12-17T13:18:58.543996,2025-12-18T13:18:58.543996,9.35,Consulting Associates,15,14,1,office
1889,TICK-2026-00359,Suspicious popup messages,I keep getting popup messages even when no browser is open. They ask me to call a number for support. This has been occurring since this week.,software,medium,,low,closed,True,0.94,low,True,Issue resolved by technician,2026-02-06T22:06:58.535375,2026-02-02T08:30:58.535375,2026-02-04T01:30:58.535375,109.6,Financial Services Group,7,0,0,security
1890,TICK-2026-01677,Need to update my email address,I recently got married and need to change my email address from john@oldcompany.com to john@newcompany.com. I'm working at our Downtown location.,account,high,,high,waiting_on_customer,True,0.86,high,False,,,2026-01-11T11:55:58.636244,2026-01-12T12:55:58.636244,,Legal Services LLP,1,5,0,profile
1891,TICK-2026-01813,Feedback on service,I wanted to provide feedback on my recent support experience. The response was quick and helpful. This started since yesterday. This is affecting my productivity.,other,low,,low,resolved,True,0.94,low,False,Issue resolved by user,2026-01-13T08:10:22.640283,2026-01-07T11:13:58.640283,2026-01-07T21:13:58.640283,140.94,Legal Services LLP,5,2,0,feedback
1892,TICK-2025-01492,Refund not received,I was promised a refund of $374.72 two weeks ago but I still haven't received it. This has been occurring since last week. I'm working in the IT department. Please prioritize this.,billing,medium,,medium,in_progress,True,0.51,medium,False,,,2025-12-06T23:10:58.630612,2025-12-07T19:10:58.630612,,Healthcare Partners,1,8,1,dispute
1893,TICK-2026-00257,Water spilled on laptop,I accidentally spilled water on my laptop. I turned it off immediately but now it won't start. I'm working while working remotely.,hardware,critical,,critical,resolved,True,0.79,critical,False,Issue resolved by technician,2026-02-25T20:55:46.520687,2026-02-25T07:38:58.520687,2026-02-26T21:38:58.520687,13.28,Construction Holdings,0,8,0,damage
1894,TICK-2026-00164,Paper jam in printer,The printer keeps showing a paper jam error but I've checked and there's no paper stuck. Cleared the tray multiple times. This has been occurring since after lunch. Please prioritize this.,hardware,low,,low,closed,True,0.88,low,False,Issue resolved by technician,2026-01-21T10:29:46.514344,2026-01-19T09:48:58.514344,2026-01-20T20:48:58.514344,48.68,Consulting Associates,2,10,0,printer
1895,TICK-2025-00918,WiFi keeps disconnecting,My WiFi connection drops every few minutes. I have to turn WiFi off and on to reconnect temporarily. This started this morning.,network,high,,high,in_progress,True,0.71,high,False,,,2025-10-21T05:40:58.575325,2025-10-22T16:40:58.575325,,Healthcare Partners,9,5,0,wireless
1896,TICK-2026-01444,Refund not received,I was promised a refund of $213.40 two weeks ago but I still haven't received it. This has been occurring since before our meeting.,billing,medium,medium,medium,resolved,True,0.67,medium,False,Issue resolved by technician,2026-01-31T14:27:22.628936,2026-01-30T13:21:58.628936,2026-01-30T19:21:58.628936,25.09,Tech Innovations Inc.,2,0,0,dispute
1897,TICK-2025-01910,Office supplies needed,My team needs notebooks. How do I order them? I'm working in the 3rd floor office.,other,high,high,high,closed,True,0.96,high,False,Issue resolved by technician,2025-10-01T21:26:10.643187,2025-09-30T07:18:58.643187,2025-10-01T01:18:58.643187,38.12,Financial Services Group,8,6,0,inquiry
1898,TICK-2025-00917,Video calls have poor quality,My video calls have terrible quality with constant freezing and audio delay. My internet speed seems fine. This appeared yesterday afternoon. I'm working at my desk in Building 2. Employee ID: 73868.,network,medium,,critical,waiting_on_customer,True,0.88,critical,True,,,2025-04-21T13:02:58.575251,2025-04-23T09:02:58.575251,,Construction Holdings,3,13,0,performance
1899,TICK-2026-01650,Notification settings not saving,I've disabled email notifications several times but I keep receiving them.,account,low,,low,resolved,True,0.7,low,False,Issue resolved by user,2026-01-30T15:36:58.635460,2026-01-23T03:36:58.635460,2026-01-24T11:36:58.635460,180.0,Research Institute,4,1,0,settings
1900,TICK-2025-00721,Video calls have poor quality,My video calls have terrible quality with constant freezing and audio delay. My internet speed seems fine. I'm working at my desk in Building A. I've already restarted 5 times. Employee ID: 71839.,network,low,,medium,closed,True,0.83,medium,True,Issue resolved by user,2025-11-12T04:28:22.563060,2025-11-09T23:16:58.563060,2025-11-10T04:16:58.563060,53.19,Legal Services LLP,8,15,0,performance
1901,TICK-2026-00823,Can't connect to WiFi,My workstation won't connect to the office WiFi. It sees the network but when I try to connect it says 'Can't connect to this network'. I'm working in the 5th floor office.,network,high,,high,closed,True,0.87,high,False,Issue resolved by user,2026-01-21T06:07:22.567148,2026-01-21T00:49:58.567148,2026-01-22T20:49:58.567148,5.29,Tech Innovations Inc.,7,10,0,wireless
1902,TICK-2026-00462,Antivirus blocking application,My antivirus is blocking AutoCAD from running. I've tried adding an exception but it still blocks it. I'm working in the Engineering department.,software,low,,low,resolved,True,0.66,low,False,Issue resolved by technician,2026-02-21T10:40:22.547360,2026-02-13T22:37:58.547360,2026-02-15T02:37:58.547360,180.04,Legal Services LLP,0,8,0,security
1903,TICK-2026-00304,Browser extremely slow,My Edge has become very slow. Pages take 30+ seconds to load and tabs crash frequently. This appeared after lunch. Employee ID: 35351.,software,low,low,low,resolved,True,0.81,low,False,Issue resolved by user,2026-02-14T12:24:46.524799,2026-02-10T19:28:58.524799,2026-02-12T02:28:58.524799,88.93,Research Institute,2,15,0,browser
1904,TICK-2025-01790,Integration request,We need project management tool to integrate with Google Drive. Is this possible? This appeared last week.,feature_request,low,,low,closed,True,0.66,low,False,Issue resolved by technician,2026-01-04T20:12:58.639587,2025-12-29T10:21:58.639587,2025-12-31T06:21:58.639587,153.85,Media & Entertainment LLC,10,2,0,integration
1905,TICK-2026-01796,Request for new feature,It would be great if the project management tool could dark mode. This would save our team a lot of time. This first noticed since yesterday. I'm working in the IT department.,feature_request,medium,,medium,closed,True,0.81,medium,False,Issue resolved by technician,2026-01-07T07:12:46.639764,2026-01-04T11:25:58.639764,2026-01-04T14:25:58.639764,67.78,Construction Holdings,3,0,0,new_feature
1906,TICK-2025-01433,Refund not received,I was promised a refund of $116.08 two weeks ago but I still haven't received it. This appeared last week. I'm working while working remotely. I'm working on an important project.,billing,medium,,medium,closed,True,0.76,medium,False,Issue resolved by technician,2025-11-18T12:19:46.628536,2025-11-17T20:23:58.628536,2025-11-19T18:23:58.628536,15.93,Education Foundation,6,7,0,dispute
1907,TICK-2026-01220,Need access to HR portal,I've been told I need access to finance system for my new role. Please grant me the necessary permissions.,login,low,,medium,in_progress,True,0.88,medium,True,,,2026-02-25T13:10:58.611759,2026-02-27T05:10:58.611759,,Education Foundation,0,0,0,access
1908,TICK-2025-00706,Shared folder permission request,Can you please grant me read access to the team shared folder? My manager has approved this request. This has been occurring since yesterday. I'm working in the Operations department. Employee ID: 62580.,network,low,,low,resolved,True,0.71,low,False,Issue resolved by technician,2025-11-01T14:54:34.562507,2025-10-23T07:20:58.562507,2025-10-23T21:20:58.562507,223.56,Consulting Associates,5,10,0,lan
1909,TICK-2026-00705,Network extremely slow for everyone,Multiple people in my team are experiencing slow network. File transfers are taking forever. This began happening about an hour ago.,network,medium,,medium,closed,True,0.96,medium,False,Issue resolved by technician,2026-01-09T03:07:10.562469,2026-01-04T22:59:58.562469,2026-01-06T19:59:58.562469,100.12,Financial Services Group,6,11,0,performance
1910,TICK-2026-01234,Account locked out,My account is locked after too many login attempts. I was trying different passwords I thought might be correct. I'm working from my home office.,login,low,,low,resolved,True,0.97,low,False,Issue resolved by technician,2026-02-05T12:21:22.613993,2026-01-27T12:48:58.613993,2026-01-29T04:48:58.613993,215.54,Financial Services Group,1,10,0,account_locked
1911,TICK-2026-00793,VPN connection drops frequently,My VPN connection drops every 15-20 minutes. I have to reconnect which interrupts my work. Multiple colleagues have the same issue.,network,medium,medium,medium,closed,True,0.72,medium,False,Issue resolved by technician,2026-02-13T08:06:22.565256,2026-02-12T22:36:58.565256,2026-02-14T06:36:58.565256,9.49,Global Retail Solutions,0,10,0,vpn
1912,TICK-2025-00613,Antivirus blocking application,My antivirus is blocking QuickBooks from running. I've tried adding an exception but it still blocks it. This first noticed since Monday. I'm working at my desk in Building B.,software,medium,,medium,closed,False,,medium,False,Issue resolved by user,2025-10-11T18:41:22.558379,2025-10-08T06:41:58.558379,2025-10-09T22:41:58.558379,83.99,Global Retail Solutions,3,5,0,security
1913,TICK-2026-00296,Print quality is poor,My printed documents are coming out with streaks and faded areas. I've replaced the cartridge but the problem persists. This first noticed before our meeting. I'm working in meeting room 715.,hardware,low,,low,waiting_on_customer,True,0.95,low,False,,,2026-01-28T13:12:58.524088,2026-01-29T08:12:58.524088,,Media & Entertainment LLC,13,9,0,printer
1914,TICK-2026-01872,Office supplies needed,My team needs notebooks. How do I order them? This appeared after lunch.,other,critical,,critical,in_progress,True,0.66,critical,False,,,2026-02-14T09:04:58.641993,2026-02-16T09:04:58.641993,,Global Retail Solutions,1,6,0,inquiry
1915,TICK-2026-01229,Being redirected to wrong login,"When I try to access HR portal, it redirects me to the wrong login page. This started yesterday afternoon. I'm working from my home office. Multiple colleagues have the same issue. Employee ID: 66336.",login,medium,medium,medium,resolved,True,0.87,medium,False,Issue resolved by technician,2026-02-02T20:20:46.613293,2026-01-29T08:30:58.613293,2026-01-29T22:30:58.613293,107.83,Global Retail Solutions,1,12,0,sso
1916,TICK-2025-01657,Need additional permissions,I need edit permissions for the project management to do my job. Currently I only have view access. This began happening last week. I'm working while working remotely.,account,medium,,medium,resolved,True,0.67,medium,False,Issue resolved by technician,2025-10-27T06:55:10.635662,2025-10-24T03:20:58.635662,2025-10-24T11:20:58.635662,75.57,Global Retail Solutions,7,11,0,permissions
1917,TICK-2026-01846,Office supplies needed,My team needs printer paper. How do I order them? I'm working in the IT department. My ticket reference is REF-53167. Employee ID: 65658.,other,medium,,medium,resolved,True,0.68,medium,False,Issue resolved by technician,2026-02-16T09:11:10.641241,2026-02-15T11:00:58.641241,2026-02-17T01:00:58.641241,22.17,Global Retail Solutions,13,11,0,inquiry
1918,TICK-2025-00409,Can't download files from browser,"When I try to download files in Chrome, nothing happens. The download doesn't start. This has been occurring since just now. I'm working in the Operations department. Asset tag: IT-2009-D.",software,low,low,low,closed,True,0.83,low,False,Issue resolved by technician,2025-11-05T20:59:58.542733,2025-11-02T05:53:58.542733,2025-11-02T15:53:58.542733,87.1,Legal Services LLP,4,0,1,browser
1919,TICK-2026-00608,PowerPoint formulas not calculating,My Office spreadsheet formulas are showing the formula text instead of calculating. I haven't changed any settings. This has been occurring since just now. I'm working in the 3rd floor office. Please prioritize this. Employee ID: 27341.,software,medium,,medium,closed,True,0.95,medium,False,Issue resolved by user,2026-01-07T06:54:58.558108,2026-01-02T15:48:58.558108,2026-01-03T19:48:58.558108,111.1,Tech Innovations Inc.,2,6,0,office
1920,TICK-2026-00438,Antivirus blocking application,My antivirus is blocking Zoom from running. I've tried adding an exception but it still blocks it. My ticket reference is REF-67488. Employee ID: 61287.,software,medium,medium,medium,resolved,True,0.92,medium,False,Issue resolved by technician,2026-02-07T05:04:58.545376,2026-02-06T09:16:58.545376,2026-02-08T07:16:58.545376,19.8,Media & Entertainment LLC,1,13,0,security
1921,TICK-2025-01876,Office supplies needed,My team needs printer paper. How do I order them? This has been occurring since yesterday afternoon. Asset tag: IT-8639-D.,other,low,,low,closed,True,0.96,low,False,Issue resolved by technician,2025-11-22T15:01:34.642110,2025-11-16T12:03:58.642110,2025-11-17T00:03:58.642110,146.96,Logistics International,1,3,0,inquiry
1922,TICK-2025-00616,Can't save documents in Office,"When I try to save in PowerPoint, I get an error message saying the file is in use by another program. This started before our meeting.",software,medium,,medium,closed,False,,medium,False,Issue resolved by technician,2025-12-18T12:39:22.558538,2025-12-15T14:57:58.558538,2025-12-17T02:57:58.558538,69.69,Legal Services LLP,7,14,0,office
1923,TICK-2026-01817,Training request,I need training on how to use expense system. Is there documentation or videos available? This started this morning.,other,low,low,low,closed,True,0.98,low,False,Issue resolved by technician,2026-02-09T00:53:46.640398,2026-01-31T15:45:58.640398,2026-02-01T00:45:58.640398,201.13,Global Retail Solutions,1,5,0,inquiry
1924,TICK-2025-00857,No internet connection,I'm connected to the network but have no internet access. Chrome says 'No internet' for all websites. I'm working at our Houston location.,network,critical,,critical,waiting_on_customer,True,0.97,critical,False,,,2025-11-28T13:32:58.570461,2025-11-29T22:32:58.570461,,Media & Entertainment LLC,1,12,0,connectivity
1925,TICK-2025-00975,Video calls have poor quality,My video calls have terrible quality with constant freezing and audio delay. My internet speed seems fine. This started yesterday afternoon.,network,medium,,medium,resolved,True,0.53,medium,False,Issue resolved by technician,2025-10-03T15:35:10.581268,2025-10-02T16:39:58.581268,2025-10-03T18:39:58.581268,22.92,Tech Innovations Inc.,6,9,0,performance
1926,TICK-2025-01360,Account locked out,My account is locked after too many login attempts. I was trying different passwords I thought might be correct. This has been occurring since just now. I'm working in the IT department.,login,low,,low,closed,True,0.9,low,False,Issue resolved by technician,2025-11-04T13:50:10.624950,2025-10-30T18:30:58.624950,2025-11-01T14:30:58.624950,115.32,Manufacturing Corp,3,6,0,account_locked
1927,TICK-2026-00703,Can't access specific website,I can't access cloud storage from my computer. It worked yesterday but now I get a timeout error. I've already restarted 5 times.,network,medium,,medium,closed,True,0.73,medium,False,Issue resolved by technician,2026-01-27T18:41:58.562403,2026-01-23T12:26:58.562403,2026-01-23T19:26:58.562403,102.25,Financial Services Group,4,7,0,connectivity
1928,TICK-2026-00531,Can't save documents in Teams,"When I try to save in Office, I get an error message saying the file is in use by another program. This first noticed a few hours ago.",software,critical,,critical,closed,True,0.95,critical,False,Issue resolved by user,2026-02-23T19:20:34.552782,2026-02-22T20:04:58.552782,2026-02-23T12:04:58.552782,23.26,Consulting Associates,2,6,0,office
1929,TICK-2026-00999,Internet works intermittently,My internet connection works for a few minutes then stops. Have to unplug and replug ethernet cable to fix temporarily. This started a few hours ago. Employee ID: 79353.,network,high,,high,resolved,True,0.88,high,False,Issue resolved by technician,2026-01-06T08:13:10.585892,2026-01-05T08:05:58.585892,2026-01-05T22:05:58.585892,24.12,Consulting Associates,1,2,0,connectivity
1930,TICK-2026-00966,Shared folder permission request,Can you please grant me read access to the team shared folder? My manager has approved this request. This has been occurring since yesterday afternoon.,network,low,low,low,resolved,True,0.92,low,False,Issue resolved by technician,2026-02-19T02:37:46.580421,2026-02-15T06:14:58.580421,2026-02-16T16:14:58.580421,92.38,Global Retail Solutions,10,11,0,lan
1931,TICK-2026-01875,Office supplies needed,My team needs printer paper. How do I order them? This first noticed a few hours ago. I'm working while working remotely. I tried the troubleshooting guide but it didn't help. Employee ID: 71776.,other,low,,low,closed,True,0.85,low,False,Issue resolved by technician,2026-02-28T13:41:22.642081,2026-02-19T08:11:58.642081,2026-02-20T19:11:58.642081,221.49,Education Foundation,0,4,1,inquiry
1932,TICK-2025-00524,Teams calls dropping frequently,My Microsoft Teams calls keep dropping after a few minutes. The audio cuts out and then I get disconnected. This has been occurring since about an hour ago. I'm working in the Sales department. I tried the troubleshooting guide but it didn't help.,software,high,,high,resolved,True,0.92,high,False,Issue resolved by user,2025-11-17T03:44:58.552234,2025-11-15T14:29:58.552234,2025-11-17T11:29:58.552234,37.25,Global Retail Solutions,0,14,0,office
1933,TICK-2025-01012,Can't connect to WiFi,My computer won't connect to the office WiFi. It sees the network but when I try to connect it says 'Can't connect to this network'. This has been occurring since this week. I'm working in the 4th floor office.,network,high,,high,resolved,True,0.82,high,False,Issue resolved by technician,2025-12-18T23:43:10.587552,2025-12-18T03:05:58.587552,2025-12-19T22:05:58.587552,20.62,Consulting Associates,7,7,0,wireless
1934,TICK-2026-00051,Computer shuts down randomly,"My computer shuts down without warning. It happens at random times, sometimes after just 10 minutes of use. Employee ID: 13027.",hardware,high,high,critical,in_progress,True,0.64,critical,True,,,2026-02-10T17:00:58.505978,2026-02-12T08:00:58.505978,,Global Retail Solutions,3,4,0,power
1935,TICK-2025-01266,Access removed incorrectly,My access to project management system was removed but I still need it for my work. This might have been done in error. This first noticed earlier today. I'm working on an important project.,login,high,high,high,resolved,True,0.74,high,False,Issue resolved by technician,2025-09-11T04:58:58.618168,2025-09-10T04:16:58.618168,2025-09-11T15:16:58.618168,24.7,Tech Innovations Inc.,6,3,0,access
1936,TICK-2025-00292,Laptop battery draining quickly,My laptop battery used to last 6 hours but now it dies in less than 2 hours. The battery health shows 39%. This started about an hour ago. Employee ID: 98710.,hardware,medium,,medium,resolved,True,0.7,medium,False,Issue resolved by technician,2026-01-03T13:19:34.523761,2025-12-31T06:39:58.523761,2026-01-01T01:39:58.523761,78.66,Education Foundation,6,7,2,power
1937,TICK-2026-01423,Charged twice this month,I was charged twice for my hosting subscription this month. Please refund the duplicate charge. This started yesterday.,billing,high,,high,resolved,True,0.98,high,False,Issue resolved by user,2026-01-07T23:35:22.628089,2026-01-06T21:08:58.628089,2026-01-08T19:08:58.628089,26.44,Logistics International,0,15,0,dispute
1938,TICK-2025-00450,QuickBooks showing error on startup,"Every time I open Adobe Acrobat, I get an error message: 'Access denied'. The application still opens but I'm worried. This began happening earlier today. I'm working in the IT department. My ticket reference is REF-34277.",software,high,,high,resolved,True,0.89,high,False,Issue resolved by technician,2025-10-31T19:46:58.546331,2025-10-30T18:04:58.546331,2025-10-31T11:04:58.546331,25.7,Manufacturing Corp,6,9,2,application
1939,TICK-2026-01717,Request for new feature,It would be great if the dashboard could auto-save. This would save our team a lot of time. I'm working in the 3rd floor office. Please prioritize this.,feature_request,low,,critical,closed,False,,critical,True,Issue resolved by technician,2026-02-28T02:59:34.637452,2026-02-18T17:46:58.637452,2026-02-19T18:46:58.637452,225.21,Consulting Associates,0,3,0,new_feature
1940,TICK-2026-01373,Incorrect charge on invoice,My invoice shows a charge of $175.29 that I don't recognize. Please explain this charge. This began happening this week.,billing,medium,,medium,closed,True,0.97,medium,False,Issue resolved by technician,2026-02-20T22:06:10.625686,2026-02-16T04:55:58.625686,2026-02-16T15:55:58.625686,113.17,Education Foundation,2,2,0,invoice
1941,TICK-2026-01472,Charged twice this month,I was charged twice for my software license subscription this month. Please refund the duplicate charge. This first noticed after lunch. I'm working in the IT department. I have a deadline end of week. Employee ID: 24783.,billing,high,,high,closed,False,,high,False,Issue resolved by technician,2026-02-24T14:17:34.629959,2026-02-23T09:49:58.629959,2026-02-24T12:49:58.629959,28.46,Financial Services Group,1,3,1,dispute
1942,TICK-2026-01260,Account locked out,My account is locked after too many login attempts. I was trying different passwords I thought might be correct. This began happening last night. I'm working while working remotely. My ticket reference is REF-36746. Employee ID: 67500.,login,high,,high,waiting_on_customer,True,0.78,high,False,,,2026-02-09T09:22:58.617557,2026-02-11T05:22:58.617557,,Financial Services Group,7,3,0,account_locked
1943,TICK-2026-00008,Water spilled on laptop,I accidentally spilled water on my laptop. I turned it off immediately but now it won't start. This has been occurring since earlier today.,hardware,critical,critical,critical,waiting_on_customer,True,0.64,critical,False,,,2026-02-21T04:36:58.503421,2026-02-21T04:36:58.503421,,Consulting Associates,0,9,0,damage
1944,TICK-2026-01473,Need to upgrade subscription,I need to upgrade my subscription from Basic to Premium. Please advise on the process and pricing. This has been occurring since during a presentation. I'm working while working remotely. Employee ID: 15145.,billing,low,low,low,resolved,True,0.71,low,False,Issue resolved by technician,2026-02-25T13:24:34.629994,2026-02-24T01:14:58.629994,2026-02-24T11:14:58.629994,36.16,Construction Holdings,1,10,0,subscription
1945,TICK-2026-00142,Water spilled on laptop,I accidentally spilled water on my laptop. I turned it off immediately but now it won't start. This appeared last week. I'm working in the HR department. Employee ID: 54744.,hardware,high,,high,open,False,,high,False,,,2026-02-25T02:10:58.513195,2026-02-26T16:10:58.513195,,Global Retail Solutions,3,11,0,damage
1946,TICK-2026-00363,Outlook not syncing emails,Outlook stopped syncing new emails. It shows connected but no new messages appear even though I can see them on webmail. Please prioritize this.,software,high,,high,closed,True,0.84,high,False,Issue resolved by technician,2026-01-30T07:52:22.535745,2026-01-29T14:55:58.535745,2026-01-30T06:55:58.535745,16.94,Tech Innovations Inc.,1,9,0,office
1947,TICK-2026-00326,Computer infected with virus,"I think my computer has a virus. It's running slow, showing popups, and my homepage changed without my doing. This appeared earlier today. I'm working in meeting room 438.",software,critical,,critical,open,True,0.69,critical,False,,,2026-01-06T10:14:58.530771,2026-01-07T12:14:58.530771,,Construction Holdings,0,13,0,security
1948,TICK-2025-01614,Need additional permissions,I need edit permissions for the file sharing to do my job. Currently I only have view access. This has been occurring since just now. I'm working in the ground floor office. I've already restarted 5 times.,account,medium,,medium,closed,False,,medium,False,Issue resolved by user,2025-11-18T01:56:22.634424,2025-11-16T20:32:58.634424,2025-11-18T10:32:58.634424,29.39,Construction Holdings,1,10,2,permissions
1949,TICK-2026-00890,Video calls have poor quality,My video calls have terrible quality with constant freezing and audio delay. My internet speed seems fine. This first noticed last night. I'm working in the IT department.,network,medium,,medium,closed,True,0.91,medium,False,Issue resolved by user,2026-02-03T22:03:58.573148,2026-01-30T11:33:58.573148,2026-01-30T22:33:58.573148,106.5,Global Retail Solutions,2,4,1,performance
1950,TICK-2026-01374,Refund not received,I was promised a refund of $270.20 two weeks ago but I still haven't received it. I'm working at my desk in Building 1.,billing,medium,,medium,resolved,True,0.98,medium,False,Issue resolved by technician,2026-02-02T16:17:22.625735,2026-02-02T00:47:58.625735,2026-02-03T23:47:58.625735,15.49,Tech Innovations Inc.,6,1,1,dispute
1951,TICK-2026-01663,Request account deletion,Please delete my account and all associated data as per GDPR requirements.,account,medium,,medium,resolved,False,,medium,False,Issue resolved by technician,2026-02-14T13:14:22.635842,2026-02-13T23:14:58.635842,2026-02-14T08:14:58.635842,13.99,Tech Innovations Inc.,7,7,0,deletion
1952,TICK-2026-00709,New hire needs network share access,I started this week and need to be granted access to the shared folders on the network as part of onboarding. This started since yesterday. I'm working in the 5th floor office. I have a deadline tomorrow. Employee ID: 95938.,network,low,,low,in_progress,False,,low,False,,,2026-01-24T13:56:58.562664,2026-01-25T08:56:58.562664,,Global Retail Solutions,25,13,0,lan
1953,TICK-2026-00102,Blue screen errors on my computer,"I keep getting blue screen errors that force my computer to restart. It happens randomly, sometimes twice a day. The error code is different each time. This first noticed during a presentation. I'm working at my desk in Building 2.",hardware,critical,critical,critical,closed,True,0.74,critical,False,Issue resolved by technician,2026-02-12T08:02:22.510453,2026-02-11T23:20:58.510453,2026-02-13T17:20:58.510453,8.69,Tech Innovations Inc.,1,10,0,computer
1954,TICK-2026-00202,Wireless headset not connecting,My wireless headset won't connect to my computer via Bluetooth. It was working fine yesterday. This has been occurring since since yesterday.,hardware,low,low,low,closed,True,0.81,low,False,Issue resolved by user,2026-01-14T18:10:22.516083,2026-01-11T13:58:58.516083,2026-01-12T08:58:58.516083,76.19,Logistics International,15,11,1,peripheral
1955,TICK-2025-00439,Computer infected with virus,"I think my computer has a virus. It's running slow, showing popups, and my homepage changed without my doing. This started before our meeting.",software,medium,,medium,closed,True,0.56,medium,False,Issue resolved by technician,2025-10-31T19:07:22.545460,2025-10-27T06:58:58.545460,2025-10-28T06:58:58.545460,108.14,Construction Holdings,9,13,0,security
1956,TICK-2026-00418,Teams calls dropping frequently,My Microsoft Teams calls keep dropping after a few minutes. The audio cuts out and then I get disconnected. This started last week. I'm working at our Downtown location. This worked fine before.,software,medium,medium,low,resolved,False,,low,True,Issue resolved by technician,2026-01-27T22:52:58.543654,2026-01-27T08:22:58.543654,2026-01-28T22:22:58.543654,14.5,Legal Services LLP,4,6,0,office
1957,TICK-2025-00708,Request access to shared folder,I need access to the projects shared folder on the network. I am a new employee and require access for my work. This first noticed yesterday. I'm working in the IT department.,network,low,low,low,open,True,0.69,low,False,,,2025-08-15T23:19:58.562628,2025-08-16T03:19:58.562628,,Manufacturing Corp,30,4,1,lan
1958,TICK-2025-01010,New hire needs network share access,I started this week and need to be granted access to the shared folders on the network as part of onboarding. This began happening just now.,network,low,,low,closed,True,0.85,low,False,Issue resolved by user,2026-01-03T23:16:46.587222,2025-12-29T19:41:58.587222,2025-12-30T22:41:58.587222,123.58,Healthcare Partners,1,12,0,lan
1959,TICK-2026-00407,Outlook crashes when opening files,Office crashes every time I try to open a specific file. I've tried repairing Office but the issue continues. This first noticed yesterday afternoon. I'm working in meeting room 483. Employee ID: 26863.,software,high,,high,closed,True,0.94,high,False,Issue resolved by user,2026-02-18T18:37:10.542553,2026-02-18T00:53:58.542553,2026-02-19T16:53:58.542553,17.72,Consulting Associates,1,13,0,office
1960,TICK-2025-00283,My computer won't turn on,I tried to power on my desktop this morning but nothing happens. The power light doesn't come on and there's no response when I press the power button. I've checked the power cable and it seems connected properly. This has been occurring since last week. I'm working in the Marketing department. This worked fine before.,hardware,high,,high,resolved,True,0.77,high,False,Issue resolved by technician,2025-10-31T07:09:22.523024,2025-10-29T15:57:58.523024,2025-10-30T20:57:58.523024,39.19,Healthcare Partners,2,6,0,computer
1961,TICK-2026-00702,Request access to shared folder,I need access to the projects shared folder on the network. I am a new employee and require access for my work. I'm working at my desk in Building B.,network,low,low,low,closed,True,0.68,low,False,Issue resolved by technician,2026-01-18T06:01:46.562368,2026-01-10T07:44:58.562368,2026-01-10T19:44:58.562368,190.28,Global Retail Solutions,21,10,0,lan
1962,TICK-2026-01312,Lost access to MFA device,I lost my phone with the authenticator app. I can't log in without the MFA code. I'm working on an important project.,login,critical,,critical,resolved,True,0.75,critical,False,Issue resolved by technician,2026-02-05T05:38:34.621955,2026-02-04T11:16:58.621955,2026-02-06T11:16:58.621955,18.36,Tech Innovations Inc.,24,4,0,mfa
1963,TICK-2025-00210,Water spilled on laptop,I accidentally spilled water on my laptop. I turned it off immediately but now it won't start. This first noticed this morning. Multiple colleagues have the same issue.,hardware,critical,,critical,waiting_on_customer,True,0.67,critical,False,,,2025-10-29T18:42:58.516449,2025-10-31T04:42:58.516449,,Construction Holdings,11,14,0,damage
1964,TICK-2026-00935,VPN connection drops frequently,My VPN connection drops every 15-20 minutes. I have to reconnect which interrupts my work.,network,high,,medium,resolved,True,0.89,medium,True,Issue resolved by technician,2026-02-12T03:29:10.576685,2026-02-10T10:18:58.576685,2026-02-11T18:18:58.576685,41.17,Consulting Associates,0,1,0,vpn
1965,TICK-2026-01243,Need access to finance system,I've been told I need access to SharePoint for my new role. Please grant me the necessary permissions. This first noticed before our meeting. My ticket reference is REF-25939.,login,low,low,low,closed,True,0.89,low,False,Issue resolved by technician,2026-02-18T06:24:22.615243,2026-02-12T19:24:58.615243,2026-02-14T15:24:58.615243,130.99,Media & Entertainment LLC,1,4,1,access
1966,TICK-2026-01516,Invoice not received,I haven't received my invoice for April. Can you please resend it to my email? This first noticed before our meeting. I'm working in meeting room 993. Employee ID: 17992.,billing,high,,high,resolved,True,0.93,high,False,Issue resolved by user,2026-01-13T23:53:10.631353,2026-01-12T04:51:58.631353,2026-01-12T08:51:58.631353,43.02,Construction Holdings,0,1,0,invoice
1967,TICK-2026-01470,Need to upgrade subscription,I need to upgrade my subscription from Basic to Premium. Please advise on the process and pricing. This first noticed yesterday afternoon. I'm working at my desk in Building 3. Please prioritize this.,billing,high,,high,in_progress,True,0.67,high,False,,,2026-02-27T12:21:58.629897,2026-02-28T10:21:58.629897,,Construction Holdings,2,12,0,subscription
1968,TICK-2025-00502,AutoCAD won't open,"When I try to launch Zoom, nothing happens. I've tried running as administrator but it still won't open. This began happening earlier today. I'm working at our Downtown location.",software,medium,,medium,in_progress,True,0.79,medium,False,,,2025-08-18T03:30:58.550502,2025-08-18T09:30:58.550502,,Healthcare Partners,3,11,0,application
1969,TICK-2026-01170,Password expired,I got a message that my password has expired. I need to reset it but the link isn't working. Employee ID: 26005.,login,high,,high,closed,True,0.52,high,False,Issue resolved by technician,2026-01-04T21:28:58.605940,2026-01-04T00:25:58.605940,2026-01-04T06:25:58.605940,21.05,Healthcare Partners,1,5,0,password
1970,TICK-2026-00011,Second monitor not detected,I connected a second monitor to my laptop but macOS doesn't detect it. I've tried the display settings but only shows one monitor. This started since yesterday.,hardware,low,low,low,closed,True,0.75,low,False,Issue resolved by user,2026-01-25T23:17:22.503623,2026-01-20T18:47:58.503623,2026-01-21T06:47:58.503623,124.49,Research Institute,16,12,1,display
1971,TICK-2025-01418,Charged twice this month,I was charged twice for my software license subscription this month. Please refund the duplicate charge. This has been occurring since since Monday. I'm working in the 2nd floor office.,billing,high,,high,resolved,True,0.95,high,False,Issue resolved by technician,2025-10-06T11:24:58.627881,2025-10-05T22:42:58.627881,2025-10-07T12:42:58.627881,12.7,Healthcare Partners,3,15,1,dispute
1972,TICK-2025-01489,Want to cancel subscription,I'd like to cancel my subscription to premium support at the end of this billing period. This started since Monday. I'm working at my desk in Building 1.,billing,low,,low,closed,True,0.92,low,False,Issue resolved by user,2025-12-27T21:40:46.630513,2025-12-25T12:59:58.630513,2025-12-26T23:59:58.630513,56.68,Research Institute,0,2,0,subscription
1973,TICK-2026-00614,Photoshop showing error on startup,"Every time I open QuickBooks, I get an error message: 'Operation failed'. The application still opens but I'm worried. This has been occurring since yesterday. Employee ID: 76626.",software,high,,high,closed,True,0.91,high,False,Issue resolved by technician,2026-01-29T12:10:46.558431,2026-01-28T12:32:58.558431,2026-01-29T07:32:58.558431,23.63,Education Foundation,0,8,0,application
1974,TICK-2026-00473,Software license expired,My Photoshop license has expired and I can no longer access the software. I need it for my daily work. I'm working from my home office. My ticket reference is REF-98684.,software,high,,high,closed,False,,high,False,Issue resolved by technician,2026-01-30T20:33:46.548263,2026-01-29T01:43:58.548263,2026-01-29T03:43:58.548263,42.83,Construction Holdings,5,12,0,installation
1975,TICK-2026-01555,Update my contact information,Please update my phone number to +1-555-264-9226 in the system. This began happening earlier today.,account,low,,low,open,True,0.78,low,False,,,2026-02-07T04:26:58.632646,2026-02-09T03:26:58.632646,,Legal Services LLP,1,0,0,profile
1976,TICK-2026-00510,Edge not loading pages,Chrome shows 'This site can't be reached' for every website I try to visit. Other browsers work fine. This started about an hour ago. I'm working at my desk in Building 3. I'm working on an important project.,software,low,low,low,closed,True,0.67,low,False,Issue resolved by technician,2026-01-29T03:22:22.551165,2026-01-25T13:10:58.551165,2026-01-27T02:10:58.551165,86.19,Research Institute,2,1,0,browser
1977,TICK-2025-00059,Paper jam in printer,The printer keeps showing a paper jam error but I've checked and there's no paper stuck. Cleared the tray multiple times. This appeared before our meeting. Multiple colleagues have the same issue.,hardware,low,,low,resolved,True,0.89,low,False,Issue resolved by technician,2025-10-06T08:50:34.506387,2025-09-29T10:04:58.506387,2025-09-30T05:04:58.506387,166.76,Manufacturing Corp,6,10,0,printer
1978,TICK-2026-00044,Mouse cursor jumping around,My mouse cursor keeps jumping to random positions on the screen. I've tried cleaning the sensor but the problem continues. I'm working while working remotely. Please prioritize this.,hardware,low,,low,closed,True,0.69,low,False,Issue resolved by technician,2026-02-13T18:10:58.505619,2026-02-06T21:55:58.505619,2026-02-07T17:55:58.505619,164.25,Financial Services Group,12,12,1,peripheral
1979,TICK-2026-01600,Can't change my profile settings,"When I try to update my profile information, the save button doesn't work. This first noticed last week.",account,medium,,medium,resolved,True,0.94,medium,False,Issue resolved by user,2026-02-26T07:10:22.633999,2026-02-24T12:52:58.633999,2026-02-25T22:52:58.633999,42.29,Legal Services LLP,6,4,0,settings
1980,TICK-2025-00646,Windows 10 won't boot,"After a restart, Windows 11 won't boot. It gets stuck on the loading screen and never progresses to the login. This first noticed just now. I've already restarted 5 times.",software,critical,,critical,open,True,0.64,critical,False,,,2025-09-04T06:19:58.560114,2025-09-04T09:19:58.560114,,Education Foundation,0,15,0,os
1981,TICK-2025-00536,Windows 11 won't boot,"After a restart, macOS won't boot. It gets stuck on the loading screen and never progresses to the login. This started since yesterday. I'm working at my desk in Building 3. Employee ID: 59323.",software,critical,,critical,closed,False,,critical,False,Issue resolved by user,2026-01-01T15:15:58.553164,2025-12-31T18:57:58.553164,2026-01-01T14:57:58.553164,20.3,Healthcare Partners,12,6,1,os
1982,TICK-2026-01834,How do I change settings?,I'm not sure how to add team members in the system. Could you provide instructions? This began happening during a presentation. Employee ID: 73918.,other,low,,low,closed,True,0.83,low,False,Issue resolved by technician,2026-02-22T11:54:22.640898,2026-02-14T02:00:58.640898,2026-02-15T01:00:58.640898,201.89,Construction Holdings,2,5,0,inquiry
1983,TICK-2025-00191,Blue screen errors on my computer,"I keep getting blue screen errors that force my computer to restart. It happens randomly, sometimes twice a day. The error code is different each time.",hardware,high,,high,closed,True,0.67,high,False,Issue resolved by technician,2025-12-13T03:03:22.515646,2025-12-11T17:48:58.515646,2025-12-12T15:48:58.515646,33.24,Global Retail Solutions,1,13,0,computer
1984,TICK-2025-01359,MFA code not working,The code from my authenticator app isn't being accepted. I've tried multiple times with fresh codes. This started a few hours ago. Employee ID: 86331.,login,high,,high,closed,False,,high,False,Issue resolved by technician,2025-11-29T06:16:58.624895,2025-11-28T02:40:58.624895,2025-11-29T10:40:58.624895,27.6,Education Foundation,0,14,1,mfa
1985,TICK-2026-00110,Laptop battery draining quickly,My laptop battery used to last 6 hours but now it dies in less than 2 hours. The battery health shows 63%. This has been occurring since yesterday. I'm working in the Marketing department.,hardware,medium,,medium,closed,True,0.66,medium,False,Issue resolved by user,2026-02-06T02:30:34.511219,2026-02-05T14:50:58.511219,2026-02-06T17:50:58.511219,11.66,Manufacturing Corp,6,7,0,power
1986,TICK-2026-01228,Account locked out,My account is locked after too many login attempts. I was trying different passwords I thought might be correct. This started since yesterday. I'm working in the 5th floor office. Employee ID: 55342.,login,high,,high,resolved,True,0.7,high,False,Issue resolved by technician,2026-02-12T13:28:46.613053,2026-02-10T17:56:58.613053,2026-02-11T18:56:58.613053,43.53,Construction Holdings,4,13,0,account_locked
1987,TICK-2025-00081,Laptop battery draining quickly,My laptop battery used to last 6 hours but now it dies in less than 2 hours. The battery health shows 17%. This has been occurring since during a presentation.,hardware,medium,,medium,resolved,False,,medium,False,Issue resolved by user,2025-12-19T19:17:58.508355,2025-12-18T09:17:58.508355,2025-12-20T07:17:58.508355,34.0,Logistics International,9,12,2,power
1988,TICK-2026-01214,Can't change my password,I'm trying to update my password as required but the system says my new password doesn't meet requirements.,login,medium,,critical,closed,True,0.82,critical,True,Issue resolved by user,2026-02-04T15:36:22.610502,2026-01-31T08:21:58.610502,2026-01-31T22:21:58.610502,103.24,Global Retail Solutions,2,8,0,password
1989,TICK-2026-00392,Teams calls dropping frequently,My Microsoft Teams calls keep dropping after a few minutes. The audio cuts out and then I get disconnected. Employee ID: 68972.,software,medium,medium,medium,resolved,False,,medium,False,Issue resolved by user,2026-02-23T08:48:34.540846,2026-02-21T08:11:58.540846,2026-02-21T19:11:58.540846,48.61,Research Institute,0,5,0,office
1990,TICK-2025-00512,Excel crashes when opening files,PowerPoint crashes every time I try to open a specific file. I've tried repairing Office but the issue continues.,software,low,,low,resolved,True,0.91,low,False,Issue resolved by technician,2026-01-01T15:35:10.551317,2025-12-28T14:15:58.551317,2025-12-29T01:15:58.551317,97.32,Legal Services LLP,1,0,0,office
1991,TICK-2026-01185,MFA code not working,The code from my authenticator app isn't being accepted. I've tried multiple times with fresh codes.,login,high,,high,closed,True,0.65,high,False,Issue resolved by technician,2026-01-23T19:50:58.607457,2026-01-22T04:26:58.607457,2026-01-23T23:26:58.607457,39.4,Education Foundation,7,1,0,mfa
1992,TICK-2026-00086,Cracked laptop screen,I accidentally dropped my laptop and now the screen is cracked. There are lines across the display and part of it is black. This has been occurring since before our meeting.,hardware,critical,,critical,in_progress,True,0.66,critical,False,,,2026-02-20T01:47:58.508771,2026-02-21T22:47:58.508771,,Construction Holdings,0,7,0,damage
1993,TICK-2025-00258,Keyboard not working,My wireless keyboard stopped working suddenly. Some keys don't respond at all while others type random characters. This has been occurring since about an hour ago. This worked fine before.,hardware,medium,,medium,closed,True,0.82,medium,False,Issue resolved by technician,2025-10-14T00:48:34.520791,2025-10-12T18:14:58.520791,2025-10-13T11:14:58.520791,30.56,Legal Services LLP,7,3,0,peripheral
1994,TICK-2026-01923,Training request,I need training on how to use HR portal. Is there documentation or videos available? This has been occurring since after lunch. I'm working on an important project.,other,low,,low,closed,True,0.84,low,False,Issue resolved by technician,2026-02-23T09:22:58.643576,2026-02-16T11:28:58.643576,2026-02-17T08:28:58.643576,165.9,Financial Services Group,2,9,3,inquiry
1995,TICK-2026-00356,Can't install software,I'm trying to install Photoshop but the installation fails with error: 0x06C9 This has been occurring since this morning. I'm working while working remotely.,software,medium,medium,medium,open,True,0.66,medium,False,,,2026-02-05T00:31:58.535082,2026-02-06T19:31:58.535082,,Media & Entertainment LLC,7,14,0,installation
1996,TICK-2025-01961,Training request,I need training on how to use HR portal. Is there documentation or videos available? This first noticed this week. Employee ID: 63302.,other,low,,low,closed,True,0.98,low,False,Issue resolved by user,2025-09-30T16:10:46.644671,2025-09-26T03:35:58.644671,2025-09-26T05:35:58.644671,108.58,Education Foundation,4,13,0,inquiry
1997,TICK-2025-00437,Windows 10 won't boot,"After a restart, Windows 10 won't boot. It gets stuck on the loading screen and never progresses to the login. This started earlier today.",software,low,,critical,resolved,True,0.77,critical,True,Issue resolved by technician,2025-11-09T17:56:46.545293,2025-11-06T04:36:58.545293,2025-11-06T09:36:58.545293,85.33,Education Foundation,6,3,0,os
1998,TICK-2026-01522,Request account deletion,Please delete my account and all associated data as per GDPR requirements. This began happening since Monday.,account,medium,,low,resolved,True,0.67,low,True,Issue resolved by user,2026-02-16T05:15:58.631537,2026-02-15T00:48:58.631537,2026-02-15T01:48:58.631537,28.45,Legal Services LLP,6,11,0,deletion
1999,TICK-2025-01104,Can't change my password,I'm trying to update my password as required but the system says my new password doesn't meet requirements. This appeared during a presentation. I'm working in the 5th floor office. Asset tag: IT-9867-A.,login,high,,high,closed,True,0.84,high,False,Issue resolved by technician,2025-11-27T04:26:34.600037,2025-11-25T14:40:58.600037,2025-11-25T19:40:58.600037,37.76,Consulting Associates,0,7,0,password
2000,TICK-2025-01987,Training request,I need training on how to use HR portal. Is there documentation or videos available? This has been occurring since earlier today. I'm working at our Austin location.,other,medium,medium,medium,resolved,True,0.72,medium,False,Issue resolved by technician,2025-09-20T00:51:58.645420,2025-09-15T06:15:58.645420,2025-09-15T21:15:58.645420,114.6,Global Retail Solutions,3,1,0,inquiry
